-100.0000000000000000 -81.2600812672195190
-99.9799979997999770 -72.1709017060888982
-99.9599959995999541 -82.3613901704296438
-99.9399939993999453 -93.1652659875331608
-99.9199919991999224 -118.2393873364828352
-99.8999899989998994 -114.6289219503885590
-99.8799879987998764 -104.9672813601282400
-99.8599859985998535 -86.7733042739428981
-99.8399839983998447 -87.7348695049696374
-99.8199819981998218 -71.8311572345114939
-99.7999799979997988 -81.0514681572519464
-99.7799779977997758 -75.6398331408082782
-99.7599759975997529 -81.1331546217547412
-99.7399739973997441 -76.7283874861695523
-99.7199719971997212 -90.7978504025733031
-99.6999699969996982 -112.1916582168942966
-99.6799679967996752 -106.5025396378740794
-99.6599659965996665 -82.3827684280296069
-99.6399639963996435 -78.3635251092304657
-99.6199619961996206 -130.7807368442843483
-99.5999599959995976 -84.4394484611820815
-99.5799579957995746 -87.0767619119445158
-99.5599559955995659 -80.7804189748709689
-99.5399539953995429 -86.1382458884319959
-99.5199519951995200 -83.6322699913648080
-99.4999499949994970 -64.4737973918552711
-99.4799479947994740 -116.1030186824257555
-99.4599459945994653 -80.1196503366175108
-99.4399439943994423 -83.3321956351472579
-99.4199419941994194 -93.2480574548398522
-99.3999399939993964 -115.5181877516625661
-99.3799379937993734 -133.5551764144367155
-99.3599359935993647 -81.9832979749900801
-99.3399339933993417 -110.4700465420295927
-99.3199319931993188 -78.5234785868652096
-99.2999299929992958 -57.8207023861348262
-99.2799279927992870 -80.9121849593445006
-99.2599259925992641 -89.0663439369420757
-99.2399239923992411 -91.3156748239620413
-99.2199219921992182 -89.4847694146209847
-99.1999199919991952 -86.7607745364661014
-99.1799179917991864 -80.6586617012259950
-99.1599159915991635 -86.5009796821000805
-99.1399139913991405 -79.8659877471336870
-99.1199119911991176 -82.2094245963670716
-99.0999099909990946 -77.9674143914064786
-99.0799079907990858 -97.3060891251106881
-99.0599059905990629 -81.5095057940370253
-99.0399039903990399 -109.1313611720884325
-99.0199019901990170 -69.8177941186731772
-98.9998999899989940 -95.1646554780597427
-98.9798979897989852 -69.0694345911323069
-98.9598959895989623 -59.5332568022123212
-98.9398939893989393 -103.2566675234892841
-98.9198919891989163 -44.6622371954008344
-98.8998899889988934 -87.4495225653553945
-98.8798879887988846 -70.6109777506522818
-98.8598859885988617 -55.2177468560898888
-98.8398839883988387 -45.6443187611467351
-98.8198819881988157 -79.4740943572378171
-98.7998799879987928 -60.3925970239098504
-98.7798779877987840 -54.4449092550643599
-98.7598759875987611 -106.9052103041627504
-98.7398739873987381 -61.2591814929544896
-98.7198719871987151 -64.2052384473449678
-98.6998699869987064 -71.8356977148068410
-98.6798679867986834 -38.5502589385607308
-98.6598659865986605 -75.6473603177471006
-98.6398639863986375 -58.7119711268911431
-98.6198619861986145 -75.9376946368436307
-98.5998599859986058 -51.3815040827528193
-98.5798579857985828 -62.7122762925728807
-98.5598559855985599 -36.4909032865274270
-98.5398539853985369 -103.7561400709809902
-98.5198519851985139 -49.8971608717893176
-98.4998499849985052 -76.2090527529932871
-98.4798479847984822 -61.9435273599633973
-98.4598459845984593 -48.8877619748517276
-98.4398439843984363 -61.0355983588956903
-98.4198419841984133 -58.1483828707566701
-98.3998399839984046 -40.1121498929748199
-98.3798379837983816 -55.4823859603862033
-98.3598359835983587 -36.7399013422835594
-98.3398339833983357 -74.7293932989120009
-98.3198319831983270 -66.6688493283659227
-98.2998299829983040 -67.0561448630758861
-98.2798279827982810 -70.7958457970219257
-98.2598259825982581 -61.2508587547670871
-98.2398239823982351 -53.3314656446342426
-98.2198219821982264 -81.0290588054815544
-98.1998199819982034 -75.3468485477873173
-98.1798179817981804 -29.6984659936634472
-98.1598159815981575 -62.3859751250142978
-98.1398139813981345 -41.6242220075084930
-98.1198119811981257 -67.4574852023558975
-98.0998099809981028 -105.0832058811831473
-98.0798079807980798 -45.5410729709938380
-98.0598059805980569 -65.9323004642824628
-98.0398039803980339 -51.4029781058820845
-98.0198019801980251 -30.0229803332440106
-97.9997999799980022 -55.3834292140071298
-97.9797979797979792 -56.0280084098400764
-97.9597959795979563 -52.4718759751572819
-97.9397939793979333 -79.1886759307430452
-97.9197919791979245 -51.9514571927355249
-97.8997899789979016 -47.4582874126622443
-97.8797879787978786 -55.9334461719364811
-97.8597859785978557 -44.2376674338899107
-97.8397839783978327 -67.1774128656621627
-97.8197819781978239 -65.0425304597139444
-97.7997799779978010 -47.4427134571564508
-97.7797779777977780 -75.9423558261442651
-97.7597759775977551 -70.4186603283140471
-97.7397739773977463 -72.9931777757212785
-97.7197719771977233 -56.2604578039673555
-97.6997699769977004 -28.1024813520495478
-97.6797679767976774 -49.5269862954910991
-97.6597659765976545 -93.1089292524625591
-97.6397639763976457 -13.1703504772670357
-97.6197619761976227 -36.3408357838115066
-97.5997599759975998 -60.2112699785759560
-97.5797579757975768 -67.3526343932500851
-97.5597559755975539 -6.1147325593156765
-97.5397539753975451 -57.6056641120685526
-97.5197519751975221 -50.2234612508205132
-97.4997499749974992 -43.2589154365250153
-97.4797479747974762 -62.1058473686859926
-97.4597459745974533 -45.2674567634244056
-97.4397439743974445 -44.2357111631465187
-97.4197419741974215 -88.9613031860048409
-97.3997399739973986 -46.3543478968723690
-97.3797379737973756 -76.7951833507979984
-97.3597359735973669 -65.2244604046782115
-97.3397339733973439 -59.8766056214279203
-97.3197319731973209 -24.9688347644439155
-97.2997299729972980 -45.9909198569375235
-97.2797279727972750 -28.4363545308915668
-97.2597259725972663 -59.5315196417239818
-97.2397239723972433 -80.1944635453330932
-97.2197219721972203 -30.4894687802471509
-97.1997199719971974 -79.9187506272925674
-97.1797179717971744 -62.3276571162029924
-97.1597159715971657 -62.9908603609473161
-97.1397139713971427 -13.4465644205542532
-97.1197119711971197 -48.5667889407443241
-97.0997099709970968 -65.8359234263563167
-97.0797079707970738 -47.8748672220966824
-97.0597059705970651 -47.0438841989379952
-97.0397039703970421 -39.1303012144341338
-97.0197019701970191 -15.2024717537547396
-96.9996999699969962 -55.0471218182098596
-96.9796979697969732 -27.3207794756700828
-96.9596959695969645 -70.7300737199276028
-96.9396939693969415 -64.5382543843023626
-96.9196919691969185 -33.3719434709445295
-96.8996899689968956 -69.8696512117930979
-96.8796879687968726 -47.7493890252534499
-96.8596859685968639 -49.9257395785592877
-96.8396839683968409 -67.8107810718444739
-96.8196819681968179 -58.7878094314636996
-96.7996799679967950 -41.9968682927848675
-96.7796779677967862 -24.9073896869228690
-96.7596759675967633 -30.3509348760876456
-96.7396739673967403 -34.5155467533334317
-96.7196719671967173 -60.5019445639853046
-96.6996699669966944 -41.0360489169274487
-96.6796679667966856 -27.8772873705943312
-96.6596659665966627 -11.1396621910482416
-96.6396639663966397 -41.0146173143730053
-96.6196619661966167 -50.8910403616392983
-96.5996599659965938 -24.1703410346692671
-96.5796579657965850 -60.4180789061420427
-96.5596559655965621 -35.2172211420344610
-96.5396539653965391 -54.3794247700862527
-96.5196519651965161 -34.6274796330988934
-96.4996499649964932 -25.9375869946897666
-96.4796479647964844 -34.2550150339448294
-96.4596459645964615 -26.3850498116153283
-96.4396439643964385 -39.6147844391772281
-96.4196419641964155 -48.9861929649868273
-96.3996399639964068 -74.9949164547383020
-96.3796379637963838 -41.2907814225146126
-96.3596359635963609 -38.7544139060297965
-96.3396339633963379 -71.9000861262184685
-96.3196319631963149 -37.6315325940103733
-96.2996299629963062 -12.1359563717681453
-96.2796279627962832 -3.9986660170911321
-96.2596259625962603 -10.2734222916020066
-96.2396239623962373 -49.4818011562929385
-96.2196219621962143 -6.6917227051159180
-96.1996199619962056 -50.5268249397408979
-96.1796179617961826 -42.9083587400635196
-96.1596159615961597 -65.9611617467201938
-96.1396139613961367 -7.5083074574619921
-96.1196119611961137 -33.0403495646059042
-96.0996099609961050 -57.3888316056447962
-96.0796079607960820 -17.0203731746278351
-96.0596059605960590 -66.0503674352750352
-96.0396039603960361 -29.7145089488525684
-96.0196019601960131 -30.0051080246713120
-95.9995999599960044 -32.0719885937382401
-95.9795979597959814 -59.7792896312579174
-95.9595959595959584 -10.7196792656862847
-95.9395939593959355 -46.4850705030321407
-95.9195919591959125 26.2422127242342285
-95.8995899589959038 -22.2855336045938159
-95.8795879587958808 -55.1754822050542302
-95.8595859585958578 -65.0404175186114912
-95.8395839583958349 -54.4577372924938246
-95.8195819581958119 -66.7498630361336041
-95.7995799579958032 -38.5884438808979269
-95.7795779577957802 -39.6118066895466256
-95.7595759575957572 -32.3144731693701104
-95.7395739573957343 -27.8714626178901099
-95.7195719571957255 -18.6777960682126931
-95.6995699569957026 -10.3710989148851702
-95.6795679567956796 -52.7752261940167742
-95.6595659565956566 -53.7920688353212455
-95.6395639563956337 -22.1761944605476131
-95.6195619561956249 -16.3507245762270017
-95.5995599559956020 -21.1676273910687129
-95.5795579557955790 -27.3068519010571791
-95.5595559555955560 -27.7190677991987506
-95.5395539553955331 -40.4817404138704049
-95.5195519551955243 -26.6450968767155381
-95.4995499549955014 -19.3815753595360931
-95.4795479547954784 -11.7996943089867870
-95.4595459545954554 -0.5374329653348369
-95.4395439543954467 -5.2092521294754341
-95.4195419541954237 12.1193250725586772
-95.3995399539954008 -24.2234769958158402
-95.3795379537953778 -71.5024684725702855
-95.3595359535953548 -27.2589588111583936
-95.3395339533953461 25.7730706179291857
-95.3195319531953231 -37.7699301546659001
-95.2995299529953002 -35.8673510479860909
-95.2795279527952772 -20.5434529542221149
-95.2595259525952542 -52.7291958238006728
-95.2395239523952455 -37.7407151143861626
-95.2195219521952225 -27.8007430701856784
-95.1995199519951996 -26.0829584697362939
-95.1795179517951766 -37.5760553751799193
-95.1595159515951536 -19.3262899609006666
-95.1395139513951449 -19.7664330438876235
-95.1195119511951219 -37.3726300282449344
-95.0995099509950990 -2.5212022780523284
-95.0795079507950760 21.8482347680410065
-95.0595059505950530 -26.0906526888782828
-95.0395039503950443 -9.3014310034340486
-95.0195019501950213 -46.7462986569782259
-94.9994999499949984 -25.1251537497136290
-94.9794979497949754 -0.5839352341698714
-94.9594959495949524 -47.9445944472150458
-94.9394939493949437 -21.2412216634763311
-94.9194919491949207 -47.3829114764236792
-94.8994899489948978 -12.0211744729058250
-94.8794879487948748 -1.3754958995584019
-94.8594859485948518 -44.9885419103758437
-94.8394839483948431 -14.3769453182920994
-94.8194819481948201 -18.6965870470141162
-94.7994799479947972 -24.1353255814652350
-94.7794779477947742 -42.4611704510565815
-94.7594759475947654 -41.2251016614766144
-94.7394739473947425 -23.1646015968555510
-94.7194719471947195 15.1672959706553598
-94.6994699469946966 -40.1290215314767096
-94.6794679467946736 -11.4438306171475030
-94.6594659465946648 -30.3023113683521004
-94.6394639463946419 -41.7353214689343019
-94.6194619461946189 -35.9633167110721530
-94.5994599459945960 -22.8297078988895379
-94.5794579457945730 6.0181600964654400
-94.5594559455945642 -10.0756094635839730
-94.5394539453945413 11.6979693397585862
-94.5194519451945183 -19.0412267090835172
-94.4994499449944954 -9.2076434755987311
-94.4794479447944866 -20.2021767653173647
-94.4594459445944636 -29.5320535755155724
-94.4394439443944407 -56.6002748891691425
-94.4194419441944177 -29.2704265332304772
-94.3994399439943948 -32.0490515240145442
-94.3794379437943860 -31.0835441958441656
-94.3594359435943630 -23.2336584409926559
-94.3394339433943401 7.2755557767468417
-94.3194319431943171 -1.8050909096956413
-94.2994299429942942 -6.6265426636052531
-94.2794279427942854 -20.3901194617149599
-94.2594259425942624 -62.9407993368520309
-94.2394239423942395 -21.1762731240199429
-94.2194219421942165 -15.1482880949216803
-94.1994199419941936 12.9250903586822776
-94.1794179417941848 -12.7707776123301997
-94.1594159415941618 -41.6265325944567834
-94.1394139413941389 -65.0921008621514829
-94.1194119411941159 -22.4936605460457422
-94.0994099409940929 18.1683177148123605
-94.0794079407940842 -13.1431460620453606
-94.0594059405940612 -33.6403949196006735
-94.0394039403940383 -37.3110215860494492
-94.0194019401940153 -3.4659714311233092
-93.9993999399939923 -13.7762003690956316
-93.9793979397939836 50.1074346155293426
-93.9593959395939606 -13.5771836933146108
-93.9393939393939377 -21.2621134293098208
-93.9193919391939147 -20.0984253078681121
-93.8993899389938917 -9.6666843269477667
-93.8793879387938830 -46.3208182446407690
-93.8593859385938600 5.3717400900291583
-93.8393839383938371 -18.7858085684197107
-93.8193819381938141 -39.0625179095316284
-93.7993799379938054 -7.6235828997108737
-93.7793779377937824 39.4940028944086876
-93.7593759375937594 2.5244263275058110
-93.7393739373937365 -3.1031843621089958
-93.7193719371937135 -5.3870376365696284
-93.6993699369937048 -36.5863696081274128
-93.6793679367936818 -12.9398802964200446
-93.6593659365936588 -31.1339486786865578
-93.6393639363936359 -4.9044617851439574
-93.6193619361936129 -25.9235902400624525
-93.5993599359936042 -36.8706156287016569
-93.5793579357935812 -3.9806721014183779
-93.5593559355935582 -29.9116048836100035
-93.5393539353935353 -14.7233690295242781
-93.5193519351935265 -30.6083496802131449
-93.4993499349935036 23.7593386296281039
-93.4793479347934806 -1.5509234643256011
-93.4593459345934576 9.1629307377751488
-93.4393439343934347 5.4420755139337036
-93.4193419341934259 26.8088272151006848
-93.3993399339934030 -3.6385736302992049
-93.3793379337933800 -24.2548061703042919
-93.3593359335933570 -12.8817706440477231
-93.3393339333933341 35.9512385889196722
-93.3193319331933253 8.7262364022693593
-93.2993299329933024 -38.3610445101610935
-93.2793279327932794 15.3649423483286132
-93.2593259325932564 25.9206612665525782
-93.2393239323932335 13.9114354587027744
-93.2193219321932247 0.9453582315716673
-93.1993199319932017 -8.9300637285793698
-93.1793179317931788 -11.1450303931535952
-93.1593159315931558 18.4489032158429609
-93.1393139313931329 -3.5597964150540213
-93.1193119311931241 22.7113088541399293
-93.0993099309931011 -0.8895433956797465
-93.0793079307930782 -12.3299332513349018
-93.0593059305930552 9.7767894917750500
-93.0393039303930323 -12.7186902360408371
-93.0193019301930235 4.2223303890902768
-92.9992999299930005 -22.2216065959426352
-92.9792979297929776 37.7189469888983382
-92.9592959295929546 -7.0320040498114347
-92.9392939293929317 -17.5653914939353513
-92.9192919291929229 -18.8214889828954703
-92.8992899289928999 -0.5800754768431773
-92.8792879287928770 21.3747284238576292
-92.8592859285928540 21.3180096065951403
-92.8392839283928453 -41.5467715231389221
-92.8192819281928223 1.2865790029088107
-92.7992799279927993 12.6764143410908385
-92.7792779277927764 -8.4388100919422975
-92.7592759275927534 12.0437185320479436
-92.7392739273927447 13.7147393652049594
-92.7192719271927217 -7.3539938276583845
-92.6992699269926987 31.0735035252212768
-92.6792679267926758 -12.4930915640853897
-92.6592659265926528 -24.4634674962995362
-92.6392639263926441 -16.3384950626283612
-92.6192619261926211 -8.2610884389031440
-92.5992599259925981 -18.8830300950854877
-92.5792579257925752 -24.8894670491729713
-92.5592559255925664 -8.4453388647693206
-92.5392539253925435 -4.4179328593633631
-92.5192519251925205 -20.4571126462104260
-92.4992499249924975 6.5673426912900048
-92.4792479247924746 -15.7253058602917832
-92.4592459245924658 -19.9551150566117457
-92.4392439243924429 -8.7877870664717417
-92.4192419241924199 0.1501532579788249
-92.3992399239923969 -8.8297768352276957
-92.3792379237923740 18.1347467367974708
-92.3592359235923652 -22.5349693661809631
-92.3392339233923423 10.9899324720669984
-92.3192319231923193 -18.1518304224960545
-92.2992299229922963 -21.0450065331514971
-92.2792279227922734 -20.3762884533006954
-92.2592259225922646 -10.2398509922341887
-92.2392239223922417 24.6728296981086785
-92.2192219221922187 20.9315101424624253
-92.1992199219921957 10.5664313424083858
-92.1792179217921728 13.4751483557405827
-92.1592159215921640 23.6606153870681695
-92.1392139213921411 -10.4166373019276648
-92.1192119211921181 21.4502772471019973
-92.0992099209920951 2.4162719349699624
-92.0792079207920722 3.5477158921356664
-92.0592059205920634 -6.2481140578302661
-92.0392039203920405 16.2049148268722334
-92.0192019201920175 19.8732606761028343
-91.9991999199919945 -6.6197265965399819
-91.9791979197919716 -15.9934638065466199
-91.9591959195919628 -10.3817606286590589
-91.9391939193919399 -32.5604144067550862
-91.9191919191919169 4.0259727056741905
-91.8991899189918939 21.7835621439099825
-91.8791879187918710 -31.5116338064900354
-91.8591859185918622 -3.3660775305343984
-91.8391839183918393 14.1806303843414572
-91.8191819181918163 -14.3058039911172443
-91.7991799179917933 -27.1505483998603587
-91.7791779177917846 16.4635461653253685
-91.7591759175917616 18.8349007575737772
-91.7391739173917387 -10.5815298491698364
-91.7191719171917157 5.6488444988906013
-91.6991699169916927 -11.8356405211346800
-91.6791679167916840 -10.4191982366520115
-91.6591659165916610 -37.6628777701633126
-91.6391639163916381 -19.4762341388057507
-91.6191619161916151 1.9555481779470789
-91.5991599159916063 19.4319281011802758
-91.5791579157915834 -31.3671730843355299
-91.5591559155915604 7.2541419624684682
-91.5391539153915375 -0.2553074954806382
-91.5191519151915145 -7.4961174787389071
-91.4991499149915057 -22.2988732437357591
-91.4791479147914828 -18.0471630300216859
-91.4591459145914598 22.1501969374061467
-91.4391439143914369 -29.2507905348827002
-91.4191419141914139 28.8451713891512931
-91.3991399139914051 34.5665997439250177
-91.3791379137913822 4.7967106514326083
-91.3591359135913592 14.6171234157509637
-91.3391339133913363 -23.7235008190335250
-91.3191319131913133 -5.2954161272260114
-91.2991299129913045 -17.7144632578804639
-91.2791279127912816 9.5911114936997315
-91.2591259125912586 3.8205086624320410
-91.2391239123912356 7.0106210513434526
-91.2191219121912127 17.2973474142861470
-91.1991199119912039 -25.7372185190759346
-91.1791179117911810 10.7761431694420473
-91.1591159115911580 14.4190932486633869
-91.1391139113911350 13.6559812854105829
-91.1191119111911121 3.9283186578490503
-91.0991099109911033 44.5176153460402162
-91.0791079107910804 -9.4602191107308844
-91.0591059105910574 24.2512857526606993
-91.0391039103910344 9.0405021169968904
-91.0191019101910115 4.5704982823586722
-90.9990999099910027 6.5667896654315845
-90.9790979097909798 -8.7937847243852971
-90.9590959095909568 24.8727284571197167
-90.9390939093909338 12.3338157381523992
-90.9190919091909109 23.5289556890589182
-90.8990899089909021 6.7337081704941673
-90.8790879087908792 12.9518498230548254
-90.8590859085908562 5.6386870356050283
-90.8390839083908332 4.9266492132902870
-90.8190819081908245 11.1326023463606045
-90.7990799079908015 30.4652292195064760
-90.7790779077907786 13.5044450949255008
-90.7590759075907556 -15.6324563749247307
-90.7390739073907326 5.8495569889735428
-90.7190719071907239 1.5237917848999811
-90.6990699069907009 35.0009849315750898
-90.6790679067906780 40.9909043581871728
-90.6590659065906550 -6.9774392603351814
-90.6390639063906463 49.7292590382390571
-90.6190619061906233 13.4302689982411323
-90.5990599059906003 -4.3405056065349150
-90.5790579057905774 17.4456750893362482
-90.5590559055905544 5.2988439163163168
-90.5390539053905457 26.0280539451334860
-90.5190519051905227 42.0118440755926983
-90.4990499049904997 -13.9724451665659721
-90.4790479047904768 30.2788239578177460
-90.4590459045904538 -16.9459611353214221
-90.4390439043904451 27.4730106699162704
-90.4190419041904221 -37.1701094285820446
-90.3990399039903991 1.3513785791569042
-90.3790379037903762 -3.8312325857300404
-90.3590359035903532 5.1806280388607497
-90.3390339033903444 9.3479630262865534
-90.3190319031903215 35.3211427989262674
-90.2990299029902985 -16.9030478516118272
-90.2790279027902756 5.7953440728065404
-90.2590259025902526 4.2203864584095072
-90.2390239023902438 -2.0293882503300660
-90.2190219021902209 6.6064740408526719
-90.1990199019901979 -3.4899859045722650
-90.1790179017901750 -36.4113201380747711
-90.1590159015901520 23.1918327245270177
-90.1390139013901432 -9.9492527994308837
-90.1190119011901203 -11.9935888966478572
-90.0990099009900973 15.9931697663362726
-90.0790079007900744 2.1490875263138536
-90.0590059005900514 -12.8867150544082669
-90.0390039003900426 3.5698228651882427
-90.0190019001900197 22.3897923328016368
-89.9989998999899967 -4.5262413095825975
-89.9789978997899738 11.6816864938936238
-89.9589958995899508 -8.9962963982840378
-89.9389938993899420 11.0630683873411719
-89.9189918991899191 17.0814804366193194
-89.8989898989898961 8.0099009495960640
-89.8789878987898732 -11.6667118634242506
-89.8589858985898644 3.0116097803345498
-89.8389838983898414 21.6551053579302035
-89.8189818981898185 24.0443156959898303
-89.7989798979897955 -3.2165291160421354
-89.7789778977897726 6.0538297468180531
-89.7589758975897638 5.2075124576619700
-89.7389738973897408 6.9508619886472252
-89.7189718971897179 16.2818288532369806
-89.6989698969896949 8.4550191886032060
-89.6789678967896862 12.0574207500969059
-89.6589658965896632 15.5634531166823091
-89.6389638963896402 6.3250238698933305
-89.6189618961896173 -9.4047093807079651
-89.5989598959895943 4.9840867595360887
-89.5789578957895856 -4.0066268226631578
-89.5589558955895626 5.0121622659308196
-89.5389538953895396 -24.7454840965077132
-89.5189518951895167 41.4966710545353266
-89.4989498949894937 -1.0788025157014669
-89.4789478947894850 18.1634753416756567
-89.4589458945894620 26.2246964205273301
-89.4389438943894390 39.5596594949729834
-89.4189418941894161 12.5401145552125168
-89.3989398939893931 3.1408829520772255
-89.3789378937893844 15.0774666598850864
-89.3589358935893614 2.6985981429206083
-89.3389338933893384 7.8826445364399547
-89.3189318931893155 49.0350208916604942
-89.2989298929892925 -15.9907191016227852
-89.2789278927892838 22.4379126966422504
-89.2589258925892608 19.7560086353677171
-89.2389238923892378 46.9103439437533964
-89.2189218921892149 12.0400971316844849
-89.1989198919891919 -20.5232715907306584
-89.1789178917891832 -27.6203806210154141
-89.1589158915891602 -0.9287566642609590
-89.1389138913891372 12.4304444183916303
-89.1189118911891143 46.1955030440935630
-89.0989098909890913 1.5820790717644897
-89.0789078907890826 1.1144504957357206
-89.0589058905890596 47.5587933351221039
-89.0389038903890366 4.9468256757332778
-89.0189018901890137 -21.8247362997906365
-88.9988998899889907 3.5851061528145953
-88.9788978897889820 -1.9108634720798019
-88.9588958895889590 -5.8859735678096126
-88.9388938893889360 25.4808508622428604
-88.9188918891889131 38.5526467926676943
-88.8988898889889043 -8.6684919427991556
-88.8788878887888814 19.8389041609707206
-88.8588858885888584 16.1895768996577267
-88.8388838883888354 25.6940633296315895
-88.8188818881888125 0.6014012416640444
-88.7988798879888037 -6.1600658090609492
-88.7788778877887808 -7.9066197398805169
-88.7588758875887578 -10.5108923889446384
-88.7388738873887348 53.4540971020160711
-88.7188718871887261 16.8089785282874189
-88.6988698869887031 28.4805800520160979
-88.6788678867886802 24.1079219265051243
-88.6588658865886572 2.1948140358921133
-88.6388638863886342 4.8966159440740569
-88.6188618861886255 16.3179960113640981
-88.5988598859886025 10.4160045676168824
-88.5788578857885796 -7.8650656087213715
-88.5588558855885566 42.4910504315704429
-88.5388538853885336 13.0932426002422009
-88.5188518851885249 22.4628648475930710
-88.4988498849885019 25.8126003742584942
-88.4788478847884790 18.2304925683194696
-88.4588458845884560 32.2119900990677976
-88.4388438843884330 22.5895874650095081
-88.4188418841884243 39.6320376136149406
-88.3988398839884013 -5.9877616749831724
-88.3788378837883783 23.9799672496076788
-88.3588358835883554 24.5885362768404931
-88.3388338833883324 -3.4147747842167977
-88.3188318831883237 4.6284613907910668
-88.2988298829883007 -24.1430289098038600
-88.2788278827882777 -5.6938251273091200
-88.2588258825882548 14.0974052687425431
-88.2388238823882318 17.6321760779537087
-88.2188218821882231 -1.7028879210241943
-88.1988198819882001 21.2812645479722065
-88.1788178817881771 31.5340478149458860
-88.1588158815881542 5.5075382950658760
-88.1388138813881312 19.8407328969571175
-88.1188118811881225 3.9990818228493286
-88.0988098809880995 -37.5452544104082904
-88.0788078807880765 35.7602743029198393
-88.0588058805880536 -1.7655193515361205
-88.0388038803880306 5.7170237644141446
-88.0188018801880219 -2.9788632022032395
-87.9987998799879989 -13.1446322137557576
-87.9787978797879759 -6.2897400240241144
-87.9587958795879530 56.2141807725428038
-87.9387938793879442 15.5793228065850649
-87.9187918791879213 35.5172030089111317
-87.8987898789878983 19.0585340165345372
-87.8787878787878753 -33.5989663578095090
-87.8587858785878524 13.3470892677178909
-87.8387838783878436 29.9525371587918450
-87.8187818781878207 7.3814494077118686
-87.7987798779877977 -2.3149207404466239
-87.7787778777877747 28.6611459223448968
-87.7587758775877660 8.2963518183822096
-87.7387738773877430 5.6703480130991828
-87.7187718771877201 14.2269013914176927
-87.6987698769876971 23.8667240525913762
-87.6787678767876741 26.7889221854596364
-87.6587658765876654 -25.0579575821058924
-87.6387638763876424 43.3626381270134544
-87.6187618761876195 30.5002448832998994
-87.5987598759875965 9.9511068170752903
-87.5787578757875735 24.4179522836995631
-87.5587558755875648 17.8740131465460408
-87.5387538753875418 32.7572016544978624
-87.5187518751875189 28.8527790312409778
-87.4987498749874959 45.9428876030475379
-87.4787478747874729 -15.4653583303467883
-87.4587458745874642 6.2381461271019063
-87.4387438743874412 -11.8860706395644673
-87.4187418741874183 9.3601651613096806
-87.3987398739873953 17.6340199387882777
-87.3787378737873723 28.0339111602039743
-87.3587358735873636 6.8867054629775790
-87.3387338733873406 28.1192530433828018
-87.3187318731873177 40.8404378568073696
-87.2987298729872947 17.7216137490054066
-87.2787278727872717 17.0518239076926399
-87.2587258725872630 30.8511866585882544
-87.2387238723872400 22.0059183517195365
-87.2187218721872171 9.3683242357877639
-87.1987198719871941 -15.4793389145036411
-87.1787178717871711 14.4643571719410993
-87.1587158715871624 -19.0241502070070396
-87.1387138713871394 -18.9607639369690979
-87.1187118711871165 11.3579018208637184
-87.0987098709870935 23.2622977250262082
-87.0787078707870705 17.6491886612725573
-87.0587058705870618 -2.1043491340640728
-87.0387038703870388 30.7471137163296007
-87.0187018701870159 33.1941861344156592
-86.9986998699869929 -18.6635729409566125
-86.9786978697869841 16.0047314752869418
-86.9586958695869612 18.6552077775007525
-86.9386938693869382 11.3463850152001129
-86.9186918691869153 34.3932276400945938
-86.8986898689868923 -2.6992641267831026
-86.8786878687868835 25.8020633184523405
-86.8586858685868606 12.2135200769215455
-86.8386838683868376 52.1405864490175475
-86.8186818681868147 8.5714330615663386
-86.7986798679868059 -16.0357751774294357
-86.7786778677867829 -18.6084644103294643
-86.7586758675867600 10.5436959329325077
-86.7386738673867370 23.2295412044799860
-86.7186718671867141 -2.8093274824404730
-86.6986698669867053 19.9404057820221396
-86.6786678667866823 28.9646212427720222
-86.6586658665866594 -12.8800795562836168
-86.6386638663866364 30.8448659545601558
-86.6186618661866135 19.7518902002950085
-86.5986598659866047 13.6579721424982328
-86.5786578657865817 23.1056652196965544
-86.5586558655865588 13.4135349017899443
-86.5386538653865358 -1.7831999497461606
-86.5186518651865129 17.9327876676854707
-86.4986498649865041 -12.0132973925360655
-86.4786478647864811 29.4996477060537501
-86.4586458645864582 10.5101658549153960
-86.4386438643864352 18.3162754773911267
-86.4186418641864122 -10.5813902706032401
-86.3986398639864035 15.1980776893843839
-86.3786378637863805 28.0413132414061792
-86.3586358635863576 16.7916908951707455
-86.3386338633863346 24.4407752920475687
-86.3186318631863116 46.7660003798824846
-86.2986298629863029 3.3585137089041233
-86.2786278627862799 17.1828679632349584
-86.2586258625862570 23.0571316526378496
-86.2386238623862340 33.4381397285665827
-86.2186218621862110 30.1231656012185098
-86.1986198619862023 5.4672378891301090
-86.1786178617861793 24.9448895573295815
-86.1586158615861564 37.9458011563090167
-86.1386138613861334 -6.9458615685134966
-86.1186118611861104 -5.7604402007494393
-86.0986098609861017 -7.5969301728108238
-86.0786078607860787 7.6932182206309614
-86.0586058605860558 -45.5486786163604549
-86.0386038603860328 -4.9193267080580618
-86.0186018601860241 33.6086158520319316
-85.9985998599860011 9.9909175949234523
-85.9785978597859781 24.1384583589323398
-85.9585958595859552 -0.2444151765766112
-85.9385938593859322 6.4897742127328861
-85.9185918591859235 17.5029586653289293
-85.8985898589859005 33.0051848395479084
-85.8785878587858775 41.0552799675762898
-85.8585858585858546 2.0447213067582748
-85.8385838583858458 5.1870614521203304
-85.8185818581858229 49.8832139290860255
-85.7985798579857999 9.5704310031204187
-85.7785778577857769 58.7626333283280715
-85.7585758575857540 -14.0514138507119775
-85.7385738573857452 9.8612799683728305
-85.7185718571857223 -3.8765745290605480
-85.6985698569856993 11.3199417125203468
-85.6785678567856763 6.7826362286119721
-85.6585658565856534 42.3092043636532509
-85.6385638563856446 44.9308002202890577
-85.6185618561856217 11.3977553649406875
-85.5985598559855987 -2.3261126136566030
-85.5785578557855757 44.5587615700351591
-85.5585558555855528 27.6668871973342654
-85.5385538553855440 9.0288161392248547
-85.5185518551855210 -2.4847600476949747
-85.4985498549854981 15.0626184601466147
-85.4785478547854751 0.6263162648881373
-85.4585458545854522 -5.3624152990210465
-85.4385438543854434 24.8931128644627258
-85.4185418541854204 22.8556732523663122
-85.3985398539853975 -0.8704605184480521
-85.3785378537853745 24.4462661293376371
-85.3585358535853516 -5.8928643143058661
-85.3385338533853428 42.8421274559633503
-85.3185318531853198 28.1935132483570392
-85.2985298529852969 29.7533033878667581
-85.2785278527852739 -18.4901855774634569
-85.2585258525852510 -4.5900129267925962
-85.2385238523852422 11.3154843048641141
-85.2185218521852192 10.4004517813400952
-85.1985198519851963 9.2355414807945877
-85.1785178517851733 24.8929729156647426
-85.1585158515851504 11.0514596378409955
-85.1385138513851416 -20.2865161255802988
-85.1185118511851186 60.8992060933891821
-85.0985098509850957 -13.1714184268505310
-85.0785078507850727 -5.8728825660472985
-85.0585058505850640 2.9006247292082605
-85.0385038503850410 15.2605733163253419
-85.0185018501850180 24.1406311716372137
-84.9984998499849951 -1.2678334133953193
-84.9784978497849721 -11.9040242703505434
-84.9584958495849634 14.5797678364846757
-84.9384938493849404 3.5379617985145568
-84.9184918491849174 -18.7959617895382713
-84.8984898489848945 -17.0342707687148547
-84.8784878487848857 19.2471689676668944
-84.8584858485848628 3.2818221536330103
-84.8384838483848398 -11.6786697672880138
-84.8184818481848168 5.7942849068692244
-84.7984798479847939 37.3632795562417783
-84.7784778477847851 53.8649912837531275
-84.7584758475847622 15.9607197229542788
-84.7384738473847392 25.0962229950405380
-84.7184718471847162 25.0520932832007901
-84.6984698469846933 23.1712725533264852
-84.6784678467846845 32.8391018886112676
-84.6584658465846616 0.3657846913157403
-84.6384638463846386 23.8345179337316644
-84.6184618461846156 1.2586943220145308
-84.5984598459845927 40.4133540585640887
-84.5784578457845839 -3.0137545538585186
-84.5584558455845610 4.5605180154391025
-84.5384538453845380 29.8803629800761854
-84.5184518451845150 -8.6667779886351326
-84.4984498449844921 28.5847784402640102
-84.4784478447844833 29.1764028630712673
-84.4584458445844604 4.0293888175511032
-84.4384438443844374 -12.6013458555451585
-84.4184418441844144 31.5328726587624324
-84.3984398439843915 6.9751348003725546
-84.3784378437843827 9.7684252794012973
-84.3584358435843598 35.2794964759112375
-84.3384338433843368 -30.4242157149959525
-84.3184318431843138 -25.6754551592438531
-84.2984298429842909 14.3957511642865121
-84.2784278427842821 36.3910116987843466
-84.2584258425842592 44.3764567046967215
-84.2384238423842362 17.9990659008330383
-84.2184218421842132 2.2844632046834814
-84.1984198419841903 45.8105470190461901
-84.1784178417841815 16.1801527255671651
-84.1584158415841586 1.0409692063455651
-84.1384138413841356 25.7608891386360312
-84.1184118411841126 -12.2646100794409101
-84.0984098409840897 -7.2728129748312984
-84.0784078407840809 14.0458968922666259
-84.0584058405840580 22.0389000586306167
-84.0384038403840350 14.9517669698174771
-84.0184018401840120 20.0486154017892986
-83.9983998399839891 -13.5245331670924713
-83.9783978397839803 12.5157454719924139
-83.9583958395839574 1.5869868846621209
-83.9383938393839344 -2.4603999162967973
-83.9183918391839256 40.6509875452869807
-83.8983898389839027 46.4495538991116348
-83.8783878387838797 -5.6525730348979728
-83.8583858385838568 -21.1027557501843894
-83.8383838383838338 36.4526656224233605
-83.8183818381838250 30.6347791398307621
-83.7983798379838021 2.2422724991787089
-83.7783778377837791 57.2087252428866151
-83.7583758375837562 18.7380317545498016
-83.7383738373837332 -1.2212524923061014
-83.7183718371837244 -1.1786733247592309
-83.6983698369837015 61.8920742206575625
-83.6783678367836785 21.3949274818399999
-83.6583658365836556 22.8917688502027836
-83.6383638363836326 19.9742368247642617
-83.6183618361836238 29.3059575183096399
-83.5983598359836009 33.7857076947722064
-83.5783578357835779 3.1832989405893208
-83.5583558355835549 24.4426917517742801
-83.5383538353835320 0.6842596700141854
-83.5183518351835232 27.2051562368730444
-83.4983498349835003 26.1968021334485712
-83.4783478347834773 -11.8469368913882143
-83.4583458345834543 -20.0138219896764156
-83.4383438343834314 19.0068104169403291
-83.4183418341834226 14.4180185834312660
-83.3983398339833997 8.4256993385552708
-83.3783378337833767 33.7638708260434868
-83.3583358335833537 31.4024717436414988
-83.3383338333833308 -1.4701676447614069
-83.3183318331833220 -3.6630351674376751
-83.2983298329832991 22.2489594382747526
-83.2783278327832761 7.0284912373940305
-83.2583258325832531 -7.2557216619968123
-83.2383238323832302 41.6666946655712280
-83.2183218321832214 23.6103969225089010
-83.1983198319831985 -1.8887092538244481
-83.1783178317831755 -2.3670144409211051
-83.1583158315831525 18.4760829162365070
-83.1383138313831296 13.2733422579140736
-83.1183118311831208 17.7319546753219086
-83.0983098309830979 28.9396272921556346
-83.0783078307830749 12.0150505016125315
-83.0583058305830662 -4.1474754886592962
-83.0383038303830290 5.9531486559954399
-83.0183018301830202 -0.0367528359308551
-82.9982998299829973 25.9618253859390862
-82.9782978297829743 -2.4035686109711811
-82.9582958295829656 18.5289053715229670
-82.9382938293829426 3.8629514275225638
-82.9182918291829196 -7.3647423079317367
-82.8982898289828967 15.2995860273928130
-82.8782878287828737 17.1484734090331514
-82.8582858285828650 7.0245435051755720
-82.8382838283828420 -10.0033047836122009
-82.8182818281828190 16.1385142887865598
-82.7982798279827961 61.0201162543973936
-82.7782778277827731 25.9330699639378182
-82.7582758275827644 -29.1801861811159782
-82.7382738273827414 7.2664234693305172
-82.7182718271827184 51.0833745387476839
-82.6982698269826955 21.5285934466976272
-82.6782678267826725 8.2955287684014110
-82.6582658265826637 32.3576917143658065
-82.6382638263826408 24.3638188926061758
-82.6182618261826178 9.4352479394371489
-82.5982598259825949 35.3828789791788978
-82.5782578257825719 4.6748880317951063
-82.5582558255825631 7.1251985938810876
-82.5382538253825402 35.5906662128522697
-82.5182518251825172 0.0715322576909312
-82.4982498249824943 17.5392240518425488
-82.4782478247824713 28.2171366100100585
-82.4582458245824625 10.1563969903395019
-82.4382438243824396 4.3014070290339994
-82.4182418241824166 7.3842409322450653
-82.3982398239823937 40.5106786202144349
-82.3782378237823707 15.0247573606426137
-82.3582358235823619 15.1553105042132188
-82.3382338233823390 11.6381526155059092
-82.3182318231823160 9.9930795214020058
-82.2982298229822931 -1.8627453814877626
-82.2782278227822701 19.9311863923798285
-82.2582258225822613 28.9758318003716226
-82.2382238223822384 34.2866029800816534
-82.2182218221822154 17.5259875094091377
-82.1982198219821925 8.0951687845715057
-82.1782178217821695 17.5751558425257883
-82.1582158215821607 12.1741632908706059
-82.1382138213821378 -35.1050379745405507
-82.1182118211821148 -15.4164359938070099
-82.0982098209821061 17.1449868521868751
-82.0782078207820689 -9.3569652464964719
-82.0582058205820601 16.1628929953204583
-82.0382038203820372 2.8742654624287063
-82.0182018201820142 6.9532210595658910
-81.9981998199820055 -9.4251940468730311
-81.9781978197819825 -3.6626268480946251
-81.9581958195819595 12.5645503046638503
-81.9381938193819366 -3.7631821414094730
-81.9181918191819136 31.0955623670698316
-81.8981898189819049 -0.4070280347450659
-81.8781878187818819 22.1968173888268758
-81.8581858185818589 -9.2183161637218003
-81.8381838183818360 35.3595479478157984
-81.8181818181818130 5.1898150834670140
-81.7981798179818043 31.2287179554035745
-81.7781778177817813 2.9065963283471881
-81.7581758175817583 21.4001142619572420
-81.7381738173817354 17.3729647566528023
-81.7181718171817124 16.4614066213366321
-81.6981698169817037 11.1449852644960075
-81.6781678167816807 21.2700738407396663
-81.6581658165816577 24.7438561357337434
-81.6381638163816348 -24.4738845754247230
-81.6181618161816118 28.9978303904585104
-81.5981598159816031 -23.3344863637359374
-81.5781578157815801 67.3399016143681450
-81.5581558155815571 44.0623257581045991
-81.5381538153815342 13.4160217956610293
-81.5181518151815112 38.0556767434425751
-81.4981498149815025 11.7087447773545907
-81.4781478147814795 7.6670334973575747
-81.4581458145814565 33.0161472853072979
-81.4381438143814336 -2.6462412087446907
-81.4181418141814106 26.8340494241067162
-81.3981398139814019 16.8679546013678063
-81.3781378137813789 3.4180555959207926
-81.3581358135813559 -11.5391880327566021
-81.3381338133813330 -23.0074998993321174
-81.3181318131813100 -10.3796751977052644
-81.2981298129813013 8.1326899471100642
-81.2781278127812783 40.1021413582457953
-81.2581258125812553 12.3299613773765131
-81.2381238123812324 13.8802400905631416
-81.2181218121812094 33.7564220143215294
-81.1981198119812007 -17.5533761995856317
-81.1781178117811777 -3.8684581794309256
-81.1581158115811547 5.1085345391813739
-81.1381138113811460 -6.8663428618723685
-81.1181118111811088 21.3351719959490183
-81.0981098109811001 30.6170159537038558
-81.0781078107810771 13.0891407531505006
-81.0581058105810541 -17.1915044438567222
-81.0381038103810454 37.5118305680045125
-81.0181018101810224 30.6189962990322968
-80.9980998099809995 22.3495228382034306
-80.9780978097809765 -3.7370103825374414
-80.9580958095809535 6.6335908138616801
-80.9380938093809448 28.8508680292323767
-80.9180918091809218 51.2183331565315854
-80.8980898089808989 17.4867283643917304
-80.8780878087808759 5.2500797621516124
-80.8580858085808529 50.0508305762280088
-80.8380838083808442 28.3388308489146681
-80.8180818081808212 50.6030787761677203
-80.7980798079807983 -2.1013016389828909
-80.7780778077807753 24.0880017425289878
-80.7580758075807523 19.4772590997818753
-80.7380738073807436 0.5739247136599417
-80.7180718071807206 39.8372261315856733
-80.6980698069806976 23.1438819871700439
-80.6780678067806747 5.8447340987663843
-80.6580658065806517 12.5048215018618762
-80.6380638063806430 0.4188196274712332
-80.6180618061806200 1.3199122882243870
-80.5980598059805970 9.8741542480605062
-80.5780578057805741 -10.7732878873840523
-80.5580558055805511 1.0553974402546160
-80.5380538053805424 30.0153660386760706
-80.5180518051805194 19.2069296890787271
-80.4980498049804964 34.9994162746601916
-80.4780478047804735 28.9804242797170062
-80.4580458045804505 -2.9740305526114188
-80.4380438043804418 37.3161570145087609
-80.4180418041804188 58.1615730776200621
-80.3980398039803958 6.4790615360361326
-80.3780378037803729 8.1529258191307807
-80.3580358035803499 2.8671459612294559
-80.3380338033803412 25.8006234097407017
-80.3180318031803182 -21.2626001409092495
-80.2980298029802952 41.3967781004521171
-80.2780278027802723 46.9934073329823576
-80.2580258025802493 33.7233998101899317
-80.2380238023802406 5.1331277950690719
-80.2180218021802176 8.7258375428760786
-80.1980198019801946 40.0323127215178829
-80.1780178017801859 12.4134873106071915
-80.1580158015801487 -2.9283587025446565
-80.1380138013801400 56.9325721729608105
-80.1180118011801170 0.7989827488519055
-80.0980098009800940 5.4468952457013931
-80.0780078007800853 30.1111056744564856
-80.0580058005800623 22.4770041867324508
-80.0380038003800394 28.5511213021889461
-80.0180018001800164 0.3589339634903190
-79.9979997999799934 65.7975788258656280
-79.9779977997799847 -1.0379845769354770
-79.9579957995799617 34.8376983182668951
-79.9379937993799388 36.6412564544357338
-79.9179917991799158 22.8283496061694535
-79.8979897989798928 14.5667807129122036
-79.8779877987798841 21.2557726964963791
-79.8579857985798611 0.0616203072473827
-79.8379837983798382 -23.2288341265465590
-79.8179817981798152 33.2263372553996348
-79.7979797979797922 2.4956439521466951
-79.7779777977797835 -30.5179847322369540
-79.7579757975797605 43.8730954621558027
-79.7379737973797376 10.8506873166812472
-79.7179717971797146 22.8686140766913262
-79.6979697969796916 30.2908581722669297
-79.6779677967796829 -11.4315443740478404
-79.6579657965796599 10.4183675209533249
-79.6379637963796370 51.2121730058641731
-79.6179617961796140 -2.7647258344455388
-79.5979597959795910 31.9530390019351600
-79.5779577957795823 -7.5155562684612516
-79.5579557955795593 35.0449806492569635
-79.5379537953795364 9.0541414258548443
-79.5179517951795134 18.0713235018760088
-79.4979497949794904 -3.0908490814887379
-79.4779477947794817 43.7616670176069320
-79.4579457945794587 6.0283674261657225
-79.4379437943794358 12.8201188877117023
-79.4179417941794128 -13.6223929274842686
-79.3979397939793898 55.5564534430250063
-79.3779377937793811 -8.9485093163849267
-79.3579357935793581 35.5033455219166640
-79.3379337933793352 30.5458313669444870
-79.3179317931793122 -19.6465449845832154
-79.2979297929792892 12.2896053563876997
-79.2779277927792805 7.3423751693336357
-79.2579257925792575 8.4531363373019381
-79.2379237923792346 25.2029638382627184
-79.2179217921792116 9.2289313057044566
-79.1979197919791886 60.5313955943371411
-79.1779177917791799 13.7969461124986950
-79.1579157915791569 42.3598429089775479
-79.1379137913791340 27.7264495331255176
-79.1179117911791252 10.1479483790941760
-79.0979097909790880 9.1747825382416011
-79.0779077907790793 51.2630986240748285
-79.0579057905790563 11.8890921298928145
-79.0379037903790334 34.0624455329842277
-79.0179017901790246 -11.1442592127786888
-78.9978997899790016 24.6417044786609658
-78.9778977897789787 61.2661638393565227
-78.9578957895789557 26.0449907468270716
-78.9378937893789328 43.4921795273541818
-78.9178917891789240 -6.2713158823692012
-78.8978897889789010 9.1019024314316290
-78.8778877887788781 20.6088162171544695
-78.8578857885788551 -2.2570046590484338
-78.8378837883788322 34.1673574919038643
-78.8178817881788234 30.5868046817159538
-78.7978797879788004 21.2837041326378795
-78.7778777877787775 -33.2647827882090752
-78.7578757875787545 15.7635551801553362
-78.7378737873787315 32.7543300802806954
-78.7178717871787228 9.9092302209814882
-78.6978697869786998 3.1166733480256976
-78.6778677867786769 5.7949652972081500
-78.6578657865786539 -19.4130759479357557
-78.6378637863786309 33.4112118860536071
-78.6178617861786222 12.4449260549767171
-78.5978597859785992 21.5717851288500206
-78.5778577857785763 33.1310213371220925
-78.5578557855785533 20.0539216839947372
-78.5378537853785303 25.1558204132249656
-78.5178517851785216 6.6120303755263157
-78.4978497849784986 40.1298106643689110
-78.4778477847784757 30.2505338296339872
-78.4578457845784527 -10.4890614929472008
-78.4378437843784297 9.2987614591829129
-78.4178417841784210 47.2951956846977524
-78.3978397839783980 27.3775104533826195
-78.3778377837783751 19.7769657491880473
-78.3578357835783521 15.4482690161971377
-78.3378337833783291 -8.1213846013016227
-78.3178317831783204 -13.3058385960875558
-78.2978297829782974 0.6139031457810216
-78.2778277827782745 19.0160676006771148
-78.2578257825782515 28.0657256886377269
-78.2378237823782285 -19.3853734678255876
-78.2178217821782198 19.4351761126451805
-78.1978197819781968 15.1387080507091127
-78.1778177817781739 40.3844993587250229
-78.1578157815781651 9.3729932731184746
-78.1378137813781279 -15.7632236537498702
-78.1178117811781192 33.3919432704605583
-78.0978097809780962 -0.0150821529770564
-78.0778077807780733 -10.0903005069917615
-78.0578057805780645 20.0119640727018009
-78.0378037803780416 13.9549088811093700
-78.0178017801780186 21.0742805799006092
-77.9977997799779956 9.0185697715554927
-77.9777977797779727 7.3603825342769227
-77.9577957795779639 22.8367820507076971
-77.9377937793779410 -3.1400470669895917
-77.9177917791779180 -18.1561880452214801
-77.8977897789778950 -10.6756390913337817
-77.8777877787778721 11.6730372236972215
-77.8577857785778633 2.2670077889305933
-77.8377837783778403 36.2592789218258105
-77.8177817781778174 15.7293712566914046
-77.7977797779777944 29.7725674815124037
-77.7777777777777715 35.9121663295696365
-77.7577757775777627 29.5146097835995604
-77.7377737773777397 8.8941319481033503
-77.7177717771777168 -5.5354998595530844
-77.6977697769776938 3.3018247383573236
-77.6777677767776709 11.0132332078046478
-77.6577657765776621 38.0393607967928205
-77.6377637763776391 9.5800313608046217
-77.6177617761776162 -6.9994523855976052
-77.5977597759775932 7.5469051458788794
-77.5777577757775703 20.1629998887305639
-77.5577557755775615 -13.7156845528978657
-77.5377537753775385 -18.9553202306368398
-77.5177517751775156 11.5905545965265624
-77.4977497749774926 12.3548104115467883
-77.4777477747774697 -33.8936627780041206
-77.4577457745774609 36.6799800065343931
-77.4377437743774379 -9.6253398615662196
-77.4177417741774150 1.3226221142425896
-77.3977397739773920 -15.6892844074346591
-77.3777377737773691 4.6952744796113235
-77.3577357735773603 0.6231231569816487
-77.3377337733773373 -15.2307538900763930
-77.3177317731773144 -8.3238113096855422
-77.2977297729772914 -2.2937806653472901
-77.2777277727772685 0.9530009765902250
-77.2577257725772597 21.9741701299018359
-77.2377237723772367 17.4261782104671497
-77.2177217721772138 -4.6925651266345021
-77.1977197719772050 -3.3471257320650345
-77.1777177717771679 31.6343492590643578
-77.1577157715771591 0.8907009159621850
-77.1377137713771361 21.8390596897741638
-77.1177117711771132 -35.0720346016487809
-77.0977097709771044 17.9699521287667920
-77.0777077707770815 -0.4071008401326317
-77.0577057705770585 -22.1279001512425566
-77.0377037703770355 -7.7574115185521890
-77.0177017701770126 9.2074140228218475
-76.9976997699770038 47.6020962516990878
-76.9776977697769809 6.9543326484320502
-76.9576957695769579 10.6450907929832361
-76.9376937693769349 0.0249401890879000
-76.9176917691769120 -21.1053606450688989
-76.8976897689769032 -14.8572867186003013
-76.8776877687768803 27.9839724477398235
-76.8576857685768573 0.7992755638285427
-76.8376837683768343 -19.1179253356850545
-76.8176817681768114 5.5519395726964298
-76.7976797679768026 36.8268532367309120
-76.7776777677767797 21.7005392149933485
-76.7576757675767567 12.6160660121543060
-76.7376737673767337 8.0759409779019222
-76.7176717671767108 -7.2580598674802967
-76.6976697669767020 17.2181238893941710
-76.6776677667766791 2.2236263932144986
-76.6576657665766561 -13.6803642214851582
-76.6376637663766331 13.3509738606853627
-76.6176617661766102 14.0472033687178435
-76.5976597659766014 3.1944153644479201
-76.5776577657765785 23.1201850660503894
-76.5576557655765555 -31.9370592414449170
-76.5376537653765325 23.7332541684649101
-76.5176517651765096 2.3164753392410073
-76.4976497649765008 -7.5960124426988553
-76.4776477647764779 -3.4614099001653589
-76.4576457645764549 -0.8892488080067249
-76.4376437643764319 -1.5196928191528212
-76.4176417641764090 24.6957044093833531
-76.3976397639764002 24.2541580633703262
-76.3776377637763773 23.9499694715412801
-76.3576357635763543 37.2535448587326883
-76.3376337633763313 24.7352844351691843
-76.3176317631763084 -1.6976943217866509
-76.2976297629762996 17.1175905746360826
-76.2776277627762767 11.6491232239911096
-76.2576257625762537 -14.3311849768155870
-76.2376237623762449 10.4068323174797825
-76.2176217621762078 1.6498941609396045
-76.1976197619761990 27.7665779303155773
-76.1776177617761761 18.4086037085822376
-76.1576157615761531 16.0289121209371430
-76.1376137613761443 14.2545129780574307
-76.1176117611761214 -11.4851088469276341
-76.0976097609760984 -9.1882284961353839
-76.0776077607760755 12.4188793319531854
-76.0576057605760525 29.8965419534272279
-76.0376037603760437 7.6941229973192122
-76.0176017601760208 -12.8007116638582357
-75.9975997599759978 24.1061621084027280
-75.9775977597759749 8.6086124224117118
-75.9575957595759519 -5.6543526977982062
-75.9375937593759431 41.6974253747359924
-75.9175917591759202 11.8770524423142891
-75.8975897589758972 25.6828658534384289
-75.8775877587758742 5.8809058087609465
-75.8575857585758513 3.7896865649420937
-75.8375837583758425 24.0247905315947605
-75.8175817581758196 -20.2983946707879426
-75.7975797579757966 32.1948816087877887
-75.7775777577757736 6.8099906806925130
-75.7575757575757507 19.7498019775771212
-75.7375737573757419 25.0973785737159005
-75.7175717571757190 6.7710095894707969
-75.6975697569756960 -6.7695915129958628
-75.6775677567756730 19.4415678892033554
-75.6575657565756501 -6.0176987571807405
-75.6375637563756413 2.4497778378650068
-75.6175617561756184 6.9221502998375328
-75.5975597559755954 -10.3441640791616010
-75.5775577557755724 -15.7996245537811326
-75.5575557555755495 21.6526890728653498
-75.5375537553755407 6.5544380731350751
-75.5175517551755178 13.7589399201652931
-75.4975497549754948 15.9156311812371811
-75.4775477547754718 32.6549582429638718
-75.4575457545754489 1.8334934505565830
-75.4375437543754401 -1.2365876677361598
-75.4175417541754172 2.6116290041851977
-75.3975397539753942 -31.7376399716161330
-75.3775377537753712 33.5128473219766860
-75.3575357535753483 -3.7253006590819098
-75.3375337533753395 17.9824581496742582
-75.3175317531753166 -24.6152382825242775
-75.2975297529752936 5.8996850467175781
-75.2775277527752849 5.3405886037587287
-75.2575257525752477 10.2964803450576188
-75.2375237523752389 -12.8202956952705414
-75.2175217521752160 -0.9715681412170429
-75.1975197519751930 -9.0085532037513563
-75.1775177517751843 11.8601337556034565
-75.1575157515751613 -0.6898112157818481
-75.1375137513751383 -5.9693475710958808
-75.1175117511751154 -7.3790345841654652
-75.0975097509750924 -2.3576931537347736
-75.0775077507750837 39.3356260066330989
-75.0575057505750607 17.7430134327901214
-75.0375037503750377 -0.7003209357948208
-75.0175017501750148 0.4358470596588333
-74.9974997499749918 31.9709837486300401
-74.9774977497749830 20.4351502488905723
-74.9574957495749601 28.4654350424306060
-74.9374937493749371 19.8972371434621564
-74.9174917491749142 26.1146934362851084
-74.8974897489748912 -15.6286943703054462
-74.8774877487748824 0.7924310064559954
-74.8574857485748595 -28.9649860261636150
-74.8374837483748365 12.7713639905065790
-74.8174817481748136 16.7771912253870603
-74.7974797479747906 5.5264757786790639
-74.7774777477747818 -35.5865967754242689
-74.7574757475747589 0.9609679169509233
-74.7374737473747359 6.8414464183657966
-74.7174717471747130 9.4213928204546100
-74.6974697469746900 8.9879421580318546
-74.6774677467746812 -4.5195884188176709
-74.6574657465746583 -5.3724112026586521
-74.6374637463746353 -3.0662722698692235
-74.6174617461746124 -5.6878115820648762
-74.5974597459745894 17.9177813801608536
-74.5774577457745806 4.8650209861515528
-74.5574557455745577 -5.1689730876447832
-74.5374537453745347 19.5911997286449626
-74.5174517451745118 17.3596655134795697
-74.4974497449744888 37.2967671908074010
-74.4774477447744800 3.4272529695030558
-74.4574457445744571 -14.7750526014633508
-74.4374437443744341 -16.0515542288824626
-74.4174417441744112 20.7522266549615395
-74.3974397439743882 -2.1061984246280225
-74.3774377437743794 4.6366212845883528
-74.3574357435743565 -0.6455603512680455
-74.3374337433743335 0.7520649252947029
-74.3174317431743248 -10.1375985965359430
-74.2974297429742876 26.9446715705011286
-74.2774277427742788 -46.5056526717984369
-74.2574257425742559 9.5532585698091328
-74.2374237423742329 21.2572971889607309
-74.2174217421742242 -0.9591159281496413
-74.1974197419742012 -4.4330182909372429
-74.1774177417741782 -11.3551612703495977
-74.1574157415741553 35.5294422011369022
-74.1374137413741323 34.9311042002087930
-74.1174117411741236 10.5267119358080237
-74.0974097409741006 19.3577472332467657
-74.0774077407740776 -2.5499660110613398
-74.0574057405740547 -15.8029693309158823
-74.0374037403740317 25.0003448030824558
-74.0174017401740230 23.5788806236547117
-73.9973997399740000 -17.6814705725727670
-73.9773977397739770 -17.5383006074192878
-73.9573957395739541 10.3159948756333577
-73.9373937393739311 27.5738492894715463
-73.9173917391739224 15.0212510562780963
-73.8973897389738994 5.1268034197832719
-73.8773877387738764 -26.8804567118836957
-73.8573857385738535 37.1178454938455786
-73.8373837383738305 -7.6533665351508775
-73.8173817381738218 20.9403207121620554
-73.7973797379737988 12.2077163301389220
-73.7773777377737758 -50.2357149956032458
-73.7573757375737529 26.3757195848522414
-73.7373737373737299 15.6481209809832720
-73.7173717371737212 43.4234177775862378
-73.6973697369736982 36.5589083655092892
-73.6773677367736752 5.7426441103837984
-73.6573657365736523 -4.4179211220052101
-73.6373637363736293 -2.7302576013257767
-73.6173617361736206 -12.5474878377487187
-73.5973597359735976 -2.0856283199022672
-73.5773577357735746 13.9358441472169403
-73.5573557355735517 17.5628227181540346
-73.5373537353735287 -19.3495783102390746
-73.5173517351735200 1.1133273225060316
-73.4973497349734970 -18.8931905610452695
-73.4773477347734740 -6.3969751732677649
-73.4573457345734511 -42.7981742441370017
-73.4373437343734281 24.9215836831844264
-73.4173417341734194 -12.3624393953629301
-73.3973397339733964 14.3375192622003631
-73.3773377337733734 26.5949991487126383
-73.3573357335733647 0.7246690398163365
-73.3373337333733275 19.1124005248289670
-73.3173317331733188 -26.3626886049190325
-73.2973297329732958 -5.8949643353467716
-73.2773277327732728 18.0414400603925600
-73.2573257325732641 0.7528249141926056
-73.2373237323732411 14.4610501854426516
-73.2173217321732182 -5.0526215409752568
-73.1973197319731952 26.2001283574021997
-73.1773177317731722 13.4668011731642885
-73.1573157315731635 19.7938222032618896
-73.1373137313731405 19.4160548431659947
-73.1173117311731176 1.3932869115395832
-73.0973097309730946 -1.2695733816012744
-73.0773077307730716 5.5252597528959217
-73.0573057305730629 21.4627377253842937
-73.0373037303730399 -3.4718131669702004
-73.0173017301730169 17.2470528381997319
-72.9972997299729940 5.4105768891193255
-72.9772977297729710 -22.0238087787256482
-72.9572957295729623 -18.0177712415383375
-72.9372937293729393 -27.2515751817956122
-72.9172917291729163 3.8119208621094041
-72.8972897289728934 26.7712822105404733
-72.8772877287728704 32.1717053106903066
-72.8572857285728617 -2.5314753064669242
-72.8372837283728387 2.3767561860556228
-72.8172817281728157 24.4951972252222134
-72.7972797279727928 28.3887789282480583
-72.7772777277727698 -21.9718635601421362
-72.7572757275727611 14.0272930950232393
-72.7372737273727381 22.5064239603317091
-72.7172717271727151 20.7752806216590606
-72.6972697269726922 -0.8881333925912500
-72.6772677267726692 21.4625856171781813
-72.6572657265726605 -17.6975261713810745
-72.6372637263726375 17.8286295662174936
-72.6172617261726145 18.8361260971065647
-72.5972597259725916 -5.2243752282838338
-72.5772577257725686 28.9210688698364891
-72.5572557255725599 37.9612063547252774
-72.5372537253725369 -24.3890055180645362
-72.5172517251725139 10.0910832983571090
-72.4972497249724910 -31.7094469821986280
-72.4772477247724680 32.1250797364523208
-72.4572457245724593 43.9935309224821793
-72.4372437243724363 4.1245575960790450
-72.4172417241724133 -16.3942106322317898
-72.3972397239724046 34.5186604268472337
-72.3772377237723674 -5.1349671970441966
-72.3572357235723587 -20.7916393843461833
-72.3372337233723357 -3.7945499984524869
-72.3172317231723127 5.8828830204329874
-72.2972297229723040 24.8873320349024247
-72.2772277227722810 -9.5115762179266898
-72.2572257225722581 -49.6481886444434011
-72.2372237223722351 -15.3808534964371759
-72.2172217221722121 -6.6529288497602215
-72.1972197219722034 26.3802158709329362
-72.1772177217721804 21.3416421092392312
-72.1572157215721575 -23.6291139448647556
-72.1372137213721345 10.5919652276299061
-72.1172117211721115 34.1620716261793405
-72.0972097209721028 34.4589610322833835
-72.0772077207720798 -20.0486752365711780
-72.0572057205720569 -6.0530897109711885
-72.0372037203720339 -9.9297015860525324
-72.0172017201720109 11.9229266462102981
-71.9971997199720022 -18.4226882138112522
-71.9771977197719792 -0.8612947221947067
-71.9571957195719563 8.0847477058636255
-71.9371937193719333 -24.7939151787793648
-71.9171917191719103 24.0634406813382569
-71.8971897189719016 15.5741282138228723
-71.8771877187718786 -4.8658684980687141
-71.8571857185718557 4.7700429397390325
-71.8371837183718327 -4.4397946134142305
-71.8171817181718097 27.6781055662460993
-71.7971797179718010 -2.9186948924190412
-71.7771777177717780 9.5582629088082331
-71.7571757175717551 -4.1377902883245197
-71.7371737173717321 -12.1667057233773459
-71.7171717171717091 17.3090163322228001
-71.6971697169717004 10.2796153881829024
-71.6771677167716774 -10.9447513117385853
-71.6571657165716545 -24.7551044305747681
-71.6371637163716315 -11.7720933688753391
-71.6171617161716085 4.7160585850966372
-71.5971597159715998 7.7861970331148784
-71.5771577157715768 26.4516782876948113
-71.5571557155715539 -29.7683081152776552
-71.5371537153715309 -8.7076058577931263
-71.5171517151715079 1.0065584831358336
-71.4971497149714992 -42.2252005996194271
-71.4771477147714762 21.7719798952154235
-71.4571457145714533 -45.6243630904784538
-71.4371437143714445 -1.4990056521008537
-71.4171417141714073 48.6266064513762046
-71.3971397139713986 9.2341997462403356
-71.3771377137713756 14.6725474266799836
-71.3571357135713527 -36.0443776174186468
-71.3371337133713439 23.8311479531048818
-71.3171317131713209 8.7125806255473641
-71.2971297129712980 -18.0374263889293083
-71.2771277127712750 -21.2814635468290341
-71.2571257125712521 0.3640278915773569
-71.2371237123712433 24.7904029719466799
-71.2171217121712203 17.1503739833395130
-71.1971197119711974 -4.9942027595829801
-71.1771177117711744 12.6481258537962642
-71.1571157115711515 14.8009814386882042
-71.1371137113711427 1.5058340563654062
-71.1171117111711197 35.9030576972855258
-71.0971097109710968 8.2574922777300390
-71.0771077107710738 1.7577172918608612
-71.0571057105710508 12.1310778232118039
-71.0371037103710421 23.2712598085955165
-71.0171017101710191 -2.9894809736375345
-70.9970997099709962 8.5465895457781844
-70.9770977097709732 -4.6255107776496507
-70.9570957095709502 17.7577730782587260
-70.9370937093709415 16.3571039615701714
-70.9170917091709185 23.4326758836710702
-70.8970897089708956 -18.9557731210333422
-70.8770877087708726 -11.9363795659880658
-70.8570857085708496 18.0264509481680335
-70.8370837083708409 -4.2556928332717217
-70.8170817081708179 -31.3458915381648069
-70.7970797079707950 1.9211646439813159
-70.7770777077707720 15.3426981118486907
-70.7570757075707490 19.6574935068159924
-70.7370737073707403 6.0191414916123893
-70.7170717071707173 4.7859213443447004
-70.6970697069706944 7.4180640560097713
-70.6770677067706714 28.2239848517963559
-70.6570657065706484 11.9333858431555875
-70.6370637063706397 38.2254323524472497
-70.6170617061706167 9.8580605471081633
-70.5970597059705938 17.0071009507143209
-70.5770577057705708 20.4577704352430061
-70.5570557055705478 -15.9011691829542752
-70.5370537053705391 5.4173779606118355
-70.5170517051705161 35.9494294483265691
-70.4970497049704932 4.9131676899403702
-70.4770477047704844 -25.0019500511111019
-70.4570457045704472 2.9959701611030618
-70.4370437043704385 19.4871656195838376
-70.4170417041704155 1.3881944551544598
-70.3970397039703926 -8.0178422271720677
-70.3770377037703838 18.3722126431547039
-70.3570357035703609 21.5654779729935768
-70.3370337033703379 -11.2281072837231122
-70.3170317031703149 -6.8765328242233679
-70.2970297029702920 -7.6707745972997285
-70.2770277027702832 1.1075860732721841
-70.2570257025702603 -33.7943167275789804
-70.2370237023702373 10.9742410419374643
-70.2170217021702143 6.4299727556248403
-70.1970197019701914 14.5669668705961133
-70.1770177017701826 28.1839454243091012
-70.1570157015701596 28.3970308470237462
-70.1370137013701367 -31.5915470410629737
-70.1170117011701137 -5.4102062697013755
-70.0970097009700908 4.9585612452431000
-70.0770077007700820 -11.5942911938689939
-70.0570057005700590 23.8729227937178479
-70.0370037003700361 0.5990776939877334
-70.0170017001700131 5.0089545778099342
-69.9969996999699902 7.9382104692249831
-69.9769976997699814 -8.1135769208003445
-69.9569956995699584 -10.4715581599392351
-69.9369936993699355 -10.4974401398477752
-69.9169916991699125 3.0661323242216634
-69.8969896989698896 35.0072764191307542
-69.8769876987698808 3.3015179894153790
-69.8569856985698578 -13.3489746325747856
-69.8369836983698349 -30.0368892921727095
-69.8169816981698119 -4.7601126402598286
-69.7969796979697890 -12.9289771054846003
-69.7769776977697802 -20.4271293379034127
-69.7569756975697572 -19.7895653063603838
-69.7369736973697343 -9.3278557981911643
-69.7169716971697113 -4.0436962480815533
-69.6969696969696884 -1.5043719807172238
-69.6769676967696796 6.1179262991803371
-69.6569656965696566 21.1272038055709217
-69.6369636963696337 20.9936124260738559
-69.6169616961696107 -19.4168924794152105
-69.5969596959695878 5.0728058928827675
-69.5769576957695790 7.5788736609740326
-69.5569556955695560 -35.5167743884974954
-69.5369536953695331 8.4198505762808580
-69.5169516951695243 18.5584891714143723
-69.4969496949694872 -14.6894163700294165
-69.4769476947694784 1.0585689369280997
-69.4569456945694554 10.6148747959076672
-69.4369436943694325 3.3882321137077782
-69.4169416941694237 17.3169079156673043
-69.3969396939694008 -5.5588787355355169
-69.3769376937693778 -7.9645712646401208
-69.3569356935693548 -8.3468993952483768
-69.3369336933693319 5.7691272421905904
-69.3169316931693231 16.1346305406608792
-69.2969296929693002 27.8901815466828467
-69.2769276927692772 10.7805287099495839
-69.2569256925692542 9.9104186782740147
-69.2369236923692313 4.1202615884475309
-69.2169216921692225 -58.2983000520862262
-69.1969196919691996 7.1783312841377391
-69.1769176917691766 19.8598153503999590
-69.1569156915691536 6.5101131216334931
-69.1369136913691307 -13.5052000947312703
-69.1169116911691219 0.5212432641830473
-69.0969096909690990 26.8652625764456694
-69.0769076907690760 7.7320056305995095
-69.0569056905690530 8.9609851718137250
-69.0369036903690301 4.9855389928510823
-69.0169016901690213 -15.1458608134341208
-68.9968996899689984 10.3186560050361127
-68.9768976897689754 -12.2351395844534476
-68.9568956895689524 -25.9257473456630123
-68.9368936893689295 5.2339642851343653
-68.9168916891689207 11.5642790173805956
-68.8968896889688978 -27.1664737058265615
-68.8768876887688748 4.2476857615469079
-68.8568856885688518 15.8927792796261453
-68.8368836883688289 52.5533009449035120
-68.8168816881688201 -17.0980439601053291
-68.7968796879687972 -7.0302324217088064
-68.7768776877687742 6.3124232660338651
-68.7568756875687512 41.4876215849912242
-68.7368736873687283 -25.0005989290634076
-68.7168716871687195 9.8531228670662845
-68.6968696869686966 21.5718576823390364
-68.6768676867686736 0.3495092863727324
-68.6568656865686506 -13.3124879193766095
-68.6368636863686277 -23.8431139739937628
-68.6168616861686189 3.0663081844811124
-68.5968596859685960 29.4157237512743066
-68.5768576857685730 -4.9082722182476033
-68.5568556855685500 -20.0200215789337932
-68.5368536853685271 -9.5112678755474320
-68.5168516851685183 -18.8922552257206178
-68.4968496849684954 -22.0959310570573315
-68.4768476847684724 -2.5725272695102581
-68.4568456845684636 5.6504541284821714
-68.4368436843684265 -19.9136745099317061
-68.4168416841684177 19.8246691959843666
-68.3968396839683948 24.5877109561205671
-68.3768376837683718 -5.7366998699099385
-68.3568356835683630 10.8298792267718653
-68.3368336833683401 31.0046665010558051
-68.3168316831683171 28.6229575358371235
-68.2968296829682942 -13.3591102154699595
-68.2768276827682712 -11.5190189810930086
-68.2568256825682624 21.3159705707554039
-68.2368236823682395 -10.0365199442060113
-68.2168216821682165 -25.2442645552412017
-68.1968196819681935 2.7927121536411059
-68.1768176817681706 -10.6432806562006892
-68.1568156815681618 10.0619095928965869
-68.1368136813681389 11.0126859341460346
-68.1168116811681159 24.3980872474563597
-68.0968096809680929 -3.3676580251101949
-68.0768076807680700 -18.7424821428117205
-68.0568056805680612 14.4132275388675524
-68.0368036803680383 15.4925980470398663
-68.0168016801680153 -5.9918763135985147
-67.9967996799679923 -39.1800346587063046
-67.9767976797679694 6.2911442815660568
-67.9567956795679606 18.9173406612962971
-67.9367936793679377 22.0494601443606797
-67.9167916791679147 -24.2438199365727485
-67.8967896789678917 4.8318176521162881
-67.8767876787678688 12.7484271452562350
-67.8567856785678600 45.9855806542001773
-67.8367836783678371 1.5753770022480555
-67.8167816781678141 -15.6255700785298171
-67.7967796779678054 11.0212637749659486
-67.7767776777677682 10.0685341710192073
-67.7567756775677594 12.6875119447789615
-67.7367736773677365 -7.8268436255516196
-67.7167716771677135 -23.8301781513887292
-67.6967696769677048 -11.3133688439298989
-67.6767676767676676 24.0637809076061444
-67.6567656765676588 -8.2072956082601429
-67.6367636763676359 -39.2136649693162767
-67.6167616761676129 15.8934590099723145
-67.5967596759676042 9.4338310091576805
-67.5767576757675670 23.8041466363980732
-67.5567556755675582 -2.5283298017218048
-67.5367536753675353 -10.6731148052834133
-67.5167516751675123 -5.5611297328040532
-67.4967496749675036 13.9194335706742311
-67.4767476747674664 -8.3716844118818337
-67.4567456745674576 3.8157981361723534
-67.4367436743674347 48.6948572238813640
-67.4167416741674117 30.4910380009486985
-67.3967396739674030 -11.4847601611124794
-67.3767376737673658 -27.3568714218556757
-67.3567356735673570 -15.7503492568655030
-67.3367336733673341 15.7391134302047977
-67.3167316731673111 5.6526203602936000
-67.2967296729673023 4.3640602607207404
-67.2767276727672652 -6.0938795220996989
-67.2567256725672564 11.3061181839951974
-67.2367236723672335 -3.5814989006840250
-67.2167216721672105 -16.1769584840855210
-67.1967196719672017 -24.2563459925301181
-67.1767176717671646 -10.1750384764914408
-67.1567156715671558 19.0725836811163170
-67.1367136713671329 2.9890929266284534
-67.1167116711671099 21.7389137922452029
-67.0967096709671011 10.4997453022432978
-67.0767076707670782 8.0343307331330998
-67.0567056705670552 30.1568485636229227
-67.0367036703670323 -11.4731019912183889
-67.0167016701670093 17.4593518844100188
-66.9966996699670005 43.3080505225524490
-66.9766976697669776 36.3772578350876969
-66.9566956695669546 -10.3149213901791406
-66.9366936693669317 1.1752785369753742
-66.9166916691669087 -14.0215761986069367
-66.8966896689668999 17.2125057148901455
-66.8766876687668770 22.8698854932845563
-66.8566856685668540 -30.5252712051665398
-66.8366836683668453 20.0590202003306750
-66.8166816681668081 -15.8660176729556461
-66.7966796679667993 5.2600743153335818
-66.7766776677667764 27.1792524585193469
-66.7566756675667534 -1.9480977554884102
-66.7366736673667447 -7.6515458915856582
-66.7166716671667075 -9.8824047098113876
-66.6966696669666987 15.3691645596416038
-66.6766676667666758 12.6913865984599923
-66.6566656665666528 17.9940990721764962
-66.6366636663666441 10.7343985671663589
-66.6166616661666069 -7.3931829214674236
-66.5966596659665981 -4.9891693362032772
-66.5766576657665752 -22.1177606294557023
-66.5566556655665522 -3.3362255369604248
-66.5366536653665435 -2.6693840008907812
-66.5166516651665063 2.7464600281825420
-66.4966496649664975 -9.8649497747957113
-66.4766476647664746 -5.8817802644678885
-66.4566456645664516 18.6714564672715611
-66.4366436643664429 -21.1580187745615262
-66.4166416641664057 -14.3373073265774593
-66.3966396639663969 -6.5676771763696102
-66.3766376637663740 5.7674938427112021
-66.3566356635663510 12.5518564575628666
-66.3366336633663423 21.2938829564852803
-66.3166316631663051 -33.8013050400479997
-66.2966296629662963 0.8868209165988974
-66.2766276627662734 20.1669008148770565
-66.2566256625662504 -6.9417552894556191
-66.2366236623662417 -6.7025186605247882
-66.2166216621662045 -16.6625099649148822
-66.1966196619661957 -3.1348813147302694
-66.1766176617661728 34.0184164409455576
-66.1566156615661498 3.1636335931646933
-66.1366136613661411 -32.0363117335955039
-66.1166116611661181 6.1100394146501955
-66.0966096609660951 29.4750570399180205
-66.0766076607660722 -25.7014268092691971
-66.0566056605660492 6.7622712714016719
-66.0366036603660405 -6.9308032318877348
-66.0166016601660175 34.5455599480890356
-65.9965996599659945 -17.9756717735236435
-65.9765976597659716 -32.1562816499704667
-65.9565956595659486 -28.2016550386479672
-65.9365936593659399 -18.0594888435693264
-65.9165916591659169 10.9786050071942007
-65.8965896589658939 -48.0234902277714752
-65.8765876587658852 -5.6504950366706810
-65.8565856585658480 -20.4421965595527766
-65.8365836583658393 -9.0688985842856056
-65.8165816581658163 9.9398442782673921
-65.7965796579657933 -10.4981190097595807
-65.7765776577657846 23.8584550473808825
-65.7565756575657474 18.9045467376558847
-65.7365736573657387 7.4029532879397069
-65.7165716571657157 -47.7648750270227964
-65.6965696569656927 -50.7899783703591936
-65.6765676567656840 -14.2798529787810899
-65.6565656565656468 -22.5397663695079551
-65.6365636563656381 8.5602080262508906
-65.6165616561656151 14.9989688181490646
-65.5965596559655921 12.2731427497679295
-65.5765576557655834 -1.2382162862439463
-65.5565556555655462 37.4957953359850862
-65.5365536553655375 -2.4805809416369584
-65.5165516551655145 8.3734920856703212
-65.4965496549654915 4.6102311303456354
-65.4765476547654828 -6.9182515509759579
-65.4565456545654456 -17.6882185876751308
-65.4365436543654369 5.1515857927126660
-65.4165416541654139 -39.9334443629454299
-65.3965396539653909 -1.8434166168990549
-65.3765376537653822 24.4012534881287451
-65.3565356535653450 0.9497163694138013
-65.3365336533653362 -18.8802496091313152
-65.3165316531653133 4.9647499783490483
-65.2965296529652903 1.1093323871065426
-65.2765276527652816 -6.6287923560636672
-65.2565256525652444 22.1622155388362998
-65.2365236523652356 -15.3591600051350223
-65.2165216521652127 -16.2617471337760406
-65.1965196519651897 -5.4285592858189071
-65.1765176517651810 11.0097564092950719
-65.1565156515651580 -30.8828334672861970
-65.1365136513651350 10.5753314531381353
-65.1165116511651121 -32.6299305013726197
-65.0965096509650891 -20.3776048058378514
-65.0765076507650804 -18.9290284878061605
-65.0565056505650574 -8.8656774458246588
-65.0365036503650344 -15.0909540682060417
-65.0165016501650115 27.6948889189493244
-64.9964996499649885 7.8361508745502295
-64.9764976497649798 -11.1531490993001867
-64.9564956495649568 6.8293605825335124
-64.9364936493649338 1.0080323444176829
-64.9164916491649251 -12.4711916549038229
-64.8964896489648879 -18.7770037913783945
-64.8764876487648792 13.9997514191139132
-64.8564856485648562 -53.1734790586516723
-64.8364836483648332 -13.4634951855417810
-64.8164816481648245 -2.6151771963372417
-64.7964796479647873 7.9468298794218066
-64.7764776477647786 -19.4105281447085929
-64.7564756475647556 5.9856553200800029
-64.7364736473647326 1.1649718912378182
-64.7164716471647239 2.4534701112643660
-64.6964696469646867 -6.6231524164612514
-64.6764676467646780 -11.1429725384343694
-64.6564656465646550 -34.7454810537229051
-64.6364636463646320 -12.5196210562031549
-64.6164616461646233 -6.0375948233241319
-64.5964596459645861 -15.3559820629459765
-64.5764576457645774 -7.5587049525762717
-64.5564556455645544 33.8019740357601961
-64.5364536453645314 -5.7926952412658972
-64.5164516451645227 -12.1411990842023840
-64.4964496449644855 -5.5875932655418401
-64.4764476447644768 -12.5843546175883212
-64.4564456445644538 0.3643199356372495
-64.4364436443644308 0.1343838084721618
-64.4164416441644221 4.2902268026001558
-64.3964396439643849 -38.3180682744416785
-64.3764376437643762 -14.9201708066884180
-64.3564356435643532 -27.5883923026217772
-64.3364336433643302 -2.5338204194334977
-64.3164316431643215 -16.3448871213172211
-64.2964296429642843 44.6492691164696680
-64.2764276427642756 11.8823157070090009
-64.2564256425642526 -28.4175734507339399
-64.2364236423642296 -12.1935087676500657
-64.2164216421642209 -5.9459146328696262
-64.1964196419641979 -15.8507950272535112
-64.1764176417641750 2.2828406265718399
-64.1564156415641520 -1.5675715191077302
-64.1364136413641290 -31.2192578524512001
-64.1164116411641203 -24.8776270371819095
-64.0964096409640973 -46.0188622733282813
-64.0764076407640744 -11.0490265946663158
-64.0564056405640514 -41.8268378643064409
-64.0364036403640284 -6.5653905164374384
-64.0164016401640197 -22.6758139095186735
-63.9963996399639967 -20.9320955154968757
-63.9763976397639738 -54.2550349489705539
-63.9563956395639579 -4.6565915688367543
-63.9363936393639349 -8.4337267588726732
-63.9163916391639120 -0.9955993069808233
-63.8963896389638961 9.6359330521118576
-63.8763876387638732 -29.2759421785545157
-63.8563856385638573 -20.9990714874652120
-63.8363836383638343 -36.0139101274809903
-63.8163816381638114 5.4807015046078913
-63.7963796379637955 0.5331626887602754
-63.7763776377637726 3.4560163952131591
-63.7563756375637567 -39.4023848540375994
-63.7363736373637337 -31.7093058866290924
-63.7163716371637179 -2.8907842677221494
-63.6963696369636949 -14.9247571004075326
-63.6763676367636720 -35.2499644785721244
-63.6563656365636561 -4.8520592388370307
-63.6363636363636331 -20.1929274476453564
-63.6163616361636173 -2.8835077029749492
-63.5963596359635943 -18.3217755392925028
-63.5763576357635714 2.5904956593035067
-63.5563556355635555 16.9693601169218304
-63.5363536353635325 5.0939356919826917
-63.5163516351635167 7.9828272197763424
-63.4963496349634937 -8.6771124358384437
-63.4763476347634779 0.8013097472063020
-63.4563456345634549 -13.4525761392326206
-63.4363436343634319 -3.2713929140330453
-63.4163416341634161 -5.0985753339410405
-63.3963396339633931 -10.8254540038574376
-63.3763376337633773 -8.3054956649874523
-63.3563356335633543 -1.3289251294477413
-63.3363336333633313 -5.2660697949569872
-63.3163316331633155 8.9924307894796165
-63.2963296329632925 18.3703232452136405
-63.2763276327632767 -0.6908100454081882
-63.2563256325632537 1.9748466126167612
-63.2363236323632378 -10.6532793226400013
-63.2163216321632149 -8.9984976691931742
-63.1963196319631919 0.4471720558794834
-63.1763176317631761 -18.7192365116386128
-63.1563156315631531 -29.0782064101155555
-63.1363136313631372 13.2852707219880521
-63.1163116311631143 -19.7415701495267051
-63.0963096309630913 7.7355413992825062
-63.0763076307630755 -6.0514216624653665
-63.0563056305630525 -25.4508282906589791
-63.0363036303630366 -5.8406485152319014
-63.0163016301630137 -31.8510054212914255
-62.9962996299629978 -6.6837372333842318
-62.9762976297629749 -11.7174174039041361
-62.9562956295629519 -34.4524284461284793
-62.9362936293629360 17.7417622072821715
-62.9162916291629131 -4.8134711572759645
-62.8962896289628972 -16.8557057931553160
-62.8762876287628742 -20.4330277046913480
-62.8562856285628513 1.0983195633589684
-62.8362836283628354 -0.0642683134706097
-62.8162816281628125 -39.6615677581352557
-62.7962796279627966 -34.2029862978783115
-62.7762776277627736 -6.6725987453284636
-62.7562756275627578 -11.9449340914015210
-62.7362736273627348 -32.2153154751022939
-62.7162716271627119 -18.7327713255947899
-62.6962696269626960 -4.2241468207028081
-62.6762676267626730 -11.9882781318501817
-62.6562656265626572 -55.2882414909095274
-62.6362636263626342 -66.7678743518287376
-62.6162616261626113 8.7670623747209273
-62.5962596259625954 3.9142175569905007
-62.5762576257625724 9.6245532333700385
-62.5562556255625566 9.2565199028830314
-62.5362536253625336 38.4582441663178116
-62.5162516251625178 3.9740118002092917
-62.4962496249624948 -7.9782954330981450
-62.4762476247624718 13.6356765580221637
-62.4562456245624560 -17.3126642375038706
-62.4362436243624330 -10.8371456695607211
-62.4162416241624172 -18.2648894110389932
-62.3962396239623942 -24.4668540854698477
-62.3762376237623712 0.0717126430910842
-62.3562356235623554 -24.8243131875357683
-62.3362336233623324 -68.3640358046991565
-62.3162316231623166 -16.4443387412157023
-62.2962296229622936 -31.7609344803997402
-62.2762276227622777 27.6524211997356133
-62.2562256225622548 -23.1820875451411652
-62.2362236223622318 -17.3780391675285699
-62.2162216221622160 -21.7775135718335164
-62.1962196219621930 -21.8702593717923648
-62.1762176217621771 -4.9587176424785779
-62.1562156215621542 1.8127367528174130
-62.1362136213621312 -15.5744008275381098
-62.1162116211621154 -29.6455886838374454
-62.0962096209620924 27.3416006896929495
-62.0762076207620765 -52.0266961386757956
-62.0562056205620536 -43.4232628185470375
-62.0362036203620377 29.3785700595295651
-62.0162016201620148 -1.3967898109880590
-61.9961996199619918 -3.2295820667186463
-61.9761976197619759 -19.8485310082487523
-61.9561956195619530 13.0975713306469252
-61.9361936193619371 -8.7335394062625173
-61.9161916191619142 24.9876698773751045
-61.8961896189618912 2.4839163653436795
-61.8761876187618753 0.5342183413724175
-61.8561856185618524 -29.3563143176439780
-61.8361836183618365 -32.3613453081839708
-61.8161816181618136 -33.6999483720950650
-61.7961796179617977 -19.1777672642491908
-61.7761776177617747 1.4858916790558911
-61.7561756175617518 11.1827693429613308
-61.7361736173617359 -32.7048286013878950
-61.7161716171617130 -32.4813995771158375
-61.6961696169616971 -6.7847265809315997
-61.6761676167616741 4.4873280618098530
-61.6561656165616512 -17.1424061308745053
-61.6361636163616353 -11.2541875292087177
-61.6161616161616124 -17.3217155940087260
-61.5961596159615965 -16.6006409251942380
-61.5761576157615735 -8.3025938418191636
-61.5561556155615577 -27.9471051719434129
-61.5361536153615347 -8.6978923037368929
-61.5161516151615118 -24.5966149691509308
-61.4961496149614959 -8.2900335307119200
-61.4761476147614729 18.0141717204098271
-61.4561456145614571 -29.7285711068449956
-61.4361436143614341 3.0139833464466843
-61.4161416141614112 6.9310108231337875
-61.3961396139613953 -15.7811265603477953
-61.3761376137613723 18.0846107297451866
-61.3561356135613565 -11.7352926093328254
-61.3361336133613335 -4.0427321730229941
-61.3161316131613177 2.7307958194935953
-61.2961296129612947 -20.0581897011609271
-61.2761276127612717 1.8978592387346982
-61.2561256125612559 -39.4235699976493592
-61.2361236123612329 12.3938751083541643
-61.2161216121612171 -26.2152535090661090
-61.1961196119611941 15.8571303356295381
-61.1761176117611711 -7.8748069709602184
-61.1561156115611553 -29.5393747796069377
-61.1361136113611323 -25.5617082486038001
-61.1161116111611165 -17.4946844313360579
-61.0961096109610935 27.6936383892143567
-61.0761076107610776 -29.6921866669554007
-61.0561056105610547 -4.3583080677582346
-61.0361036103610317 -15.6592205037613859
-61.0161016101610159 -16.9972899736133485
-60.9960996099609929 20.8099190982440092
-60.9760976097609770 -21.1380235547877575
-60.9560956095609541 -24.7107546579314388
-60.9360936093609311 -15.1291230804267443
-60.9160916091609153 20.5943314360238432
-60.8960896089608923 -31.0198579883243397
-60.8760876087608764 -16.3438039394676871
-60.8560856085608535 -45.7723266105387410
-60.8360836083608376 -55.7417886707261800
-60.8160816081608147 -5.2573726784107802
-60.7960796079607917 -7.6043371154252153
-60.7760776077607758 -17.8699057858332111
-60.7560756075607529 18.3063220157299114
-60.7360736073607370 -1.6693327676325698
-60.7160716071607141 -0.0925796051777237
-60.6960696069606911 -2.4559447008545305
-60.6760676067606752 -22.6335637289957177
-60.6560656065606523 -5.6526597264450578
-60.6360636063606364 -27.2412838879044656
-60.6160616061606135 -17.9239982373428397
-60.5960596059605976 24.5814390187020635
-60.5760576057605746 -18.9033141110568295
-60.5560556055605517 3.3550691731268039
-60.5360536053605358 -28.8772738997479266
-60.5160516051605128 -10.9371568743308707
-60.4960496049604970 -26.7662091907703825
-60.4760476047604740 -9.6776451045485405
-60.4560456045604511 14.3252155483387664
-60.4360436043604352 10.4071897158527698
-60.4160416041604122 -24.6884174706227277
-60.3960396039603964 -27.6877381318308267
-60.3760376037603734 12.3470033996254571
-60.3560356035603576 1.8837802673546413
-60.3360336033603346 15.5954908881585190
-60.3160316031603116 3.2096771535642041
-60.2960296029602958 -38.6688844001351768
-60.2760276027602728 -21.4370038695976888
-60.2560256025602570 -43.2418813515860876
-60.2360236023602340 7.5217845900428166
-60.2160216021602110 6.0496575404350050
-60.1960196019601952 -7.2091513532145450
-60.1760176017601722 9.4458640975874228
-60.1560156015601564 -11.5966510833040743
-60.1360136013601334 20.5232320971266766
-60.1160116011601176 -5.7006357546890118
-60.0960096009600946 -31.1971157921143742
-60.0760076007600716 -28.5160129620480589
-60.0560056005600558 -9.8268062417072919
-60.0360036003600328 -16.8766239942913749
-60.0160016001600169 2.2195375585466763
-59.9959995999599940 -3.6100322323301501
-59.9759975997599710 -8.0612739131081277
-59.9559955995599552 -34.9005582100510239
-59.9359935993599322 14.9727740157062570
-59.9159915991599163 -5.4889095487892954
-59.8959895989598934 -10.0159303891751783
-59.8759875987598775 2.9354965368279018
-59.8559855985598546 -35.7566932971441673
-59.8359835983598316 -5.2796768892995605
-59.8159815981598157 1.3083581343859674
-59.7959795979597928 -29.1303680548931112
-59.7759775977597769 -34.6159204966438523
-59.7559755975597540 -24.1544734778320347
-59.7359735973597310 -2.8154900163961187
-59.7159715971597151 4.3251201957025671
-59.6959695969596922 -17.4598524290099490
-59.6759675967596763 20.0004565186131344
-59.6559655965596534 18.2851146805509686
-59.6359635963596375 -34.8268844635476569
-59.6159615961596145 -47.3972324599176602
-59.5959595959595916 -30.5608771028962494
-59.5759575957595757 -9.8548239092246508
-59.5559555955595528 0.8062156004095993
-59.5359535953595369 -64.3154614163087217
-59.5159515951595139 -18.6963869121700199
-59.4959495949594910 -26.0152113741739086
-59.4759475947594751 16.8172652941424801
-59.4559455945594522 -24.3834369940127473
-59.4359435943594363 -48.6323821569451340
-59.4159415941594133 2.6826749149458067
-59.3959395939593975 6.8504709405659110
-59.3759375937593745 -4.4968372622703718
-59.3559355935593516 4.8037771017789481
-59.3359335933593357 -12.1817499240970779
-59.3159315931593127 -61.6552326581376988
-59.2959295929592969 0.5101279038507283
-59.2759275927592739 -9.9432219371526376
-59.2559255925592510 -13.3291461358177887
-59.2359235923592351 -28.5937577074044142
-59.2159215921592121 8.4940312407962431
-59.1959195919591963 -13.2385419256791987
-59.1759175917591733 -13.4426335968217359
-59.1559155915591575 -18.0984704159103877
-59.1359135913591345 -8.6530901437677095
-59.1159115911591115 -1.0592760100006426
-59.0959095909590957 -20.3035834398242550
-59.0759075907590727 -15.6189103894282404
-59.0559055905590569 -33.5359165895778162
-59.0359035903590339 -27.8250954070381944
-59.0159015901590109 20.3000049536897436
-58.9958995899589951 -51.4090470408434683
-58.9758975897589721 5.5809230221417803
-58.9558955895589563 -7.3493785671566689
-58.9358935893589333 -14.9822379642753791
-58.9158915891589103 -22.6922643088744742
-58.8958895889588945 17.5225961919511661
-58.8758875887588715 -9.6299746865083158
-58.8558855885588557 27.1323816091026906
-58.8358835883588327 -7.7379803954961943
-58.8158815881588168 -3.9741143793178288
-58.7958795879587939 -25.3310151799323329
-58.7758775877587709 -8.9734041128103001
-58.7558755875587551 -4.4293559121896831
-58.7358735873587321 -26.6788981927303794
-58.7158715871587162 -23.6907551499075453
-58.6958695869586933 -2.3033718036721975
-58.6758675867586703 -33.1266436483514894
-58.6558655865586545 -2.9597453339224362
-58.6358635863586315 -6.6170466573890803
-58.6158615861586156 -32.5098805192980862
-58.5958595859585927 -29.1909442197694702
-58.5758575857585768 21.7022646926782734
-58.5558555855585539 -4.2537028926273894
-58.5358535853585309 -12.4024619466873727
-58.5158515851585150 -13.2562059385170858
-58.4958495849584921 11.4850694726775959
-58.4758475847584762 -16.4946888249752561
-58.4558455845584533 -13.4915408053916721
-58.4358435843584303 -16.8503951191799288
-58.4158415841584144 3.1638251927762955
-58.3958395839583915 -40.8598824748367520
-58.3758375837583756 -5.6183336926608476
-58.3558355835583527 -39.3044170603484986
-58.3358335833583368 -19.0413439973882355
-58.3158315831583138 -19.1523107016815644
-58.2958295829582909 -8.1210371373125163
-58.2758275827582750 2.2819928608185993
-58.2558255825582521 1.9948319180451453
-58.2358235823582362 12.9943786995285659
-58.2158215821582132 4.6931499787659732
-58.1958195819581903 -26.7698430229795470
-58.1758175817581744 -34.1560018596385575
-58.1558155815581515 -49.9532220054273850
-58.1358135813581356 -2.7219673767163979
-58.1158115811581126 -26.2781173104198942
-58.0958095809580968 -70.0400691832661124
-58.0758075807580738 6.5678331431811792
-58.0558055805580508 4.8167814660248247
-58.0358035803580350 -11.7202863691959074
-58.0158015801580120 -15.6904162640855329
-57.9957995799579962 -62.0354479162951833
-57.9757975797579732 -35.9317145845832258
-57.9557955795579502 -36.9529987596730649
-57.9357935793579344 -17.6235027961290527
-57.9157915791579114 10.6964044341704039
-57.8957895789578956 -38.0483111843411734
-57.8757875787578726 -3.9563058252754999
-57.8557855785578568 20.2852287842837313
-57.8357835783578338 -8.1224107398364591
-57.8157815781578108 2.6046272273469562
-57.7957795779577950 0.2960328110168717
-57.7757775777577720 -25.1675529336118728
-57.7557755775577562 -21.9354539581295995
-57.7357735773577332 -39.7833468242057506
-57.7157715771577102 0.2607411298096238
-57.6957695769576944 -9.1127914586073189
-57.6757675767576714 -21.1175525119227814
-57.6557655765576555 -42.3792761162672278
-57.6357635763576326 -13.1424523661090404
-57.6157615761576167 -63.4013801903914356
-57.5957595759575938 11.5141580560210031
-57.5757575757575708 3.6853020021519747
-57.5557555755575549 -16.8325729021650261
-57.5357535753575320 -26.0609501400694903
-57.5157515751575161 -12.7341976574919400
-57.4957495749574932 -23.6287450526330858
-57.4757475747574702 8.1772991778469475
-57.4557455745574543 -12.3587158923644971
-57.4357435743574314 4.1090833652645777
-57.4157415741574155 -35.4173156773625522
-57.3957395739573926 -52.3824451279676495
-57.3757375737573767 -47.0719469485481383
-57.3557355735573537 -14.2162763669798835
-57.3357335733573308 -13.0419703561302214
-57.3157315731573149 -47.6544554783739613
-57.2957295729572920 -8.4035522116623653
-57.2757275727572761 -27.1078006212086251
-57.2557255725572531 -36.9954834875599019
-57.2357235723572302 -58.3325626982083350
-57.2157215721572143 15.2924347753035512
-57.1957195719571914 -21.7599934597502056
-57.1757175717571755 -26.1503741718424685
-57.1557155715571525 -21.1733502199254389
-57.1357135713571367 -18.6304473936104955
-57.1157115711571137 -3.8393216827628667
-57.0957095709570908 -16.9550962968198142
-57.0757075707570749 -13.3521995938154276
-57.0557055705570519 -16.1800892536207783
-57.0357035703570361 -43.9885336426319640
-57.0157015701570131 -23.4230559925905730
-56.9956995699569902 -1.1370276432936919
-56.9756975697569743 -37.1931083981596657
-56.9556955695569513 -31.6857064215993418
-56.9356935693569355 -49.9766822598651430
-56.9156915691569125 -30.8769360727619073
-56.8956895689568967 -42.5531194598975517
-56.8756875687568737 -42.0997905226091333
-56.8556855685568507 -32.0675725662212940
-56.8356835683568349 -2.3545116956272167
-56.8156815681568119 -14.5607291474802452
-56.7956795679567961 -47.6960397020921505
-56.7756775677567731 -32.9418286743698943
-56.7556755675567501 -17.0522551434076703
-56.7356735673567343 15.2008663947765719
-56.7156715671567113 10.2751256581436827
-56.6956695669566955 -4.7835424070168528
-56.6756675667566725 -48.4194273369901182
-56.6556655665566566 -0.7988435475359239
-56.6356635663566337 -31.8641237527804293
-56.6156615661566107 -48.0123798542916091
-56.5956595659565949 -15.5843949870892029
-56.5756575657565719 -7.7000069470331987
-56.5556555655565560 -13.5098620147139830
-56.5356535653565331 -6.1315795304652241
-56.5156515651565101 -13.3042393780855015
-56.4956495649564943 -27.4324661697732495
-56.4756475647564713 -26.0491611669825467
-56.4556455645564554 -7.5260763310618710
-56.4356435643564325 -13.5133113053216185
-56.4156415641564166 -37.4093182485897131
-56.3956395639563937 16.2701843788471940
-56.3756375637563707 -12.4591079477274054
-56.3556355635563548 -16.8517014668515941
-56.3356335633563319 -26.0232867297077775
-56.3156315631563160 -39.2870527684144690
-56.2956295629562931 8.9640844481849697
-56.2756275627562701 -17.6842634079403069
-56.2556255625562542 -33.9046001017894838
-56.2356235623562313 -33.4702492808644934
-56.2156215621562154 -33.5705088240861826
-56.1956195619561925 -52.9098374827485429
-56.1756175617561766 -16.4058361315887211
-56.1556155615561536 -58.1640648820639257
-56.1356135613561307 -28.9145701435877243
-56.1156115611561148 -19.5521612677314174
-56.0956095609560919 0.5876571282986021
-56.0756075607560760 -28.7972869264710560
-56.0556055605560530 0.5195452909251763
-56.0356035603560301 21.9436165172835338
-56.0156015601560142 -68.4775348833900637
-55.9955995599559913 -10.2220018158120940
-55.9755975597559754 -30.0044373046653554
-55.9555955595559524 -5.3777235752678028
-55.9355935593559366 -17.0696881848132485
-55.9155915591559136 -28.9533907053387125
-55.8955895589558907 -5.0279497969355145
-55.8755875587558748 23.5232153840346889
-55.8555855585558518 10.4025645450442816
-55.8355835583558360 -25.2446773149164727
-55.8155815581558130 -45.4685483308155085
-55.7955795579557901 -0.0561493147678718
-55.7755775577557742 -25.1446638894720635
-55.7555755575557512 -30.7646022947544608
-55.7355735573557354 -43.6256453378969411
-55.7155715571557124 -30.2140209934044748
-55.6955695569556966 -37.9881994854542597
-55.6755675567556736 -4.2607756268100871
-55.6555655565556506 -32.0157546484149691
-55.6355635563556348 -26.1431651619943857
-55.6155615561556118 -39.2320916364739531
-55.5955595559555960 -5.6720795206149468
-55.5755575557555730 -57.0576594552416765
-55.5555555555555500 -24.6408097444562451
-55.5355535553555342 -42.4645635167542679
-55.5155515551555112 -39.7224386052702982
-55.4955495549554954 -33.1755027642559028
-55.4755475547554724 -44.2029079996931600
-55.4555455545554565 4.2425836385172495
-55.4355435543554336 -33.3125902317387741
-55.4155415541554106 -17.4419392614284270
-55.3955395539553948 -42.2906616788562602
-55.3755375537553718 11.1379856772439787
-55.3555355535553559 10.6726067258508870
-55.3355335533553330 -17.9040729784072354
-55.3155315531553100 -29.6303685043995912
-55.2955295529552942 -25.4563303693448511
-55.2755275527552712 -8.9202367973658614
-55.2555255525552553 -13.1691172567666097
-55.2355235523552324 0.6516965650250874
-55.2155215521552165 -37.8845957341129989
-55.1955195519551935 1.2305031664940813
-55.1755175517551706 -5.3552722629702689
-55.1555155515551547 -36.1479481165208085
-55.1355135513551318 -60.1482832936905325
-55.1155115511551159 -12.6123975283247667
-55.0955095509550929 -42.0793890314535304
-55.0755075507550700 -25.5163961207081300
-55.0555055505550541 -36.5069837861575834
-55.0355035503550312 -18.9218493127685434
-55.0155015501550153 -19.1647330366954911
-54.9954995499549923 -2.7955185552267459
-54.9754975497549765 -11.5602683770308641
-54.9554955495549535 -44.7189514353761695
-54.9354935493549306 -26.3441894497630535
-54.9154915491549147 -2.4083661911732257
-54.8954895489548917 -50.4827194406818336
-54.8754875487548759 -55.2896746605700073
-54.8554855485548529 -3.1633985972370624
-54.8354835483548300 -41.8110965294445620
-54.8154815481548141 -10.2446854811966794
-54.7954795479547911 -32.3025828423316597
-54.7754775477547753 -21.7300478403947714
-54.7554755475547523 -35.8341793215723499
-54.7354735473547365 -3.1177435494748309
-54.7154715471547135 -45.1385543523330313
-54.6954695469546905 -16.2007753379707964
-54.6754675467546747 10.8428420536949375
-54.6554655465546517 -23.2479019630547441
-54.6354635463546359 -31.1605255667068235
-54.6154615461546129 -12.4891557104468127
-54.5954595459545899 -40.6603734654764111
-54.5754575457545741 -7.4312785904634797
-54.5554555455545511 -50.9164238691061044
-54.5354535453545353 -41.2879545859338464
-54.5154515451545123 8.4791171321552490
-54.4954495449544964 -6.4532118092553254
-54.4754475447544735 -31.9446617517885443
-54.4554455445544505 -17.1188772705817911
-54.4354435443544347 4.8248968849117801
-54.4154415441544117 -59.4931788296325337
-54.3954395439543958 -29.5172461604997025
-54.3754375437543729 -14.0330596714316496
-54.3554355435543499 -32.7761978002502445
-54.3354335433543341 -50.1899473529523235
-54.3154315431543111 -19.2468752366132883
-54.2954295429542952 1.1090583666375018
-54.2754275427542723 6.5404070925717939
-54.2554255425542564 -1.0036396358966613
-54.2354235423542335 -27.9033658697763691
-54.2154215421542105 -22.8072610313851456
-54.1954195419541946 -39.0169579435101781
-54.1754175417541717 -37.2363100289118236
-54.1554155415541558 -25.8603046228808076
-54.1354135413541329 -29.9358641183113505
-54.1154115411541099 -35.6564232041199247
-54.0954095409540940 -18.6806078011004892
-54.0754075407540711 -36.1743384357464137
-54.0554055405540552 -16.5374223057772163
-54.0354035403540323 -4.5895520495751505
-54.0154015401540164 -35.3571917320391691
-53.9953995399539934 -15.8900621281056758
-53.9753975397539705 -26.4331910376961901
-53.9553955395539546 -12.9283281232648424
-53.9353935393539317 -27.6958204033184288
-53.9153915391539158 -26.5539995108825195
-53.8953895389538928 -36.0857099143085520
-53.8753875387538699 -5.1476619198747322
-53.8553855385538540 -34.4955810880497822
-53.8353835383538311 -19.5006420094860538
-53.8153815381538152 -59.8863472816230171
-53.7953795379537922 -29.1181046461904884
-53.7753775377537764 -25.4783172908953226
-53.7553755375537534 -23.7357565980236025
-53.7353735373537305 1.6565065569468160
-53.7153715371537146 -20.8089692837172251
-53.6953695369536916 -9.9029171313191480
-53.6753675367536758 -7.8128250742485861
-53.6553655365536528 -36.7317885748366280
-53.6353635363536299 -31.5801967263157977
-53.6153615361536140 -16.3995266405346705
-53.5953595359535910 -70.8372672124110920
-53.5753575357535752 2.9822016433380369
-53.5553555355535522 7.8263221223013630
-53.5353535353535364 -28.1068006711595721
-53.5153515351535134 -3.7406458919752730
-53.4953495349534904 -14.6538817833181128
-53.4753475347534746 -42.7010266896482307
-53.4553455345534516 -41.8590512353020188
-53.4353435343534358 -35.8202486479008613
-53.4153415341534128 5.1953643997669836
-53.3953395339533898 -19.6375083916508437
-53.3753375337533740 -12.0386418092035168
-53.3553355335533510 4.1193436437219972
-53.3353335333533352 -49.2660804158636694
-53.3153315331533122 9.0837819383595040
-53.2953295329532963 26.1533820107464088
-53.2753275327532734 -9.3576406866753103
-53.2553255325532504 1.1917113086896371
-53.2353235323532346 -17.3055887481077875
-53.2153215321532116 -20.8129725057094426
-53.1953195319531957 1.4454296978062899
-53.1753175317531728 -42.8197359206794630
-53.1553155315531498 -41.8047449580897990
-53.1353135313531340 -49.2905291017838465
-53.1153115311531110 -29.3941721464995211
-53.0953095309530951 6.3332912846979355
-53.0753075307530722 -46.3113246603798743
-53.0553055305530563 -11.3305435189322843
-53.0353035303530334 -5.6830299486881763
-53.0153015301530104 -31.3694877482846906
-52.9952995299529945 -46.4136880482020757
-52.9752975297529716 -8.7345134974746390
-52.9552955295529557 -49.2634785134575495
-52.9352935293529328 -34.9366938853697349
-52.9152915291529098 -3.6372803005018746
-52.8952895289528939 -28.6616146090506945
-52.8752875287528710 -15.6428483920896699
-52.8552855285528551 -24.5770258898602876
-52.8352835283528321 -52.7126240246006148
-52.8152815281528163 -35.3631292837615376
-52.7952795279527933 -36.4843274276982967
-52.7752775277527704 -36.8518796941714584
-52.7552755275527545 -44.1943064345450978
-52.7352735273527315 -19.4876713951864673
-52.7152715271527157 -44.2362388037547731
-52.6952695269526927 -40.0217589923506409
-52.6752675267526698 -22.7451598208896186
-52.6552655265526539 -39.7584145965573299
-52.6352635263526309 -36.7350927647343610
-52.6152615261526151 19.8650552180950548
-52.5952595259525921 9.8971915868953459
-52.5752575257525763 -17.2816485262883930
-52.5552555255525533 -21.0605204726604605
-52.5352535253525303 -23.8994764945847855
-52.5152515251525145 -54.9898935753435154
-52.4952495249524915 13.0639578344580443
-52.4752475247524757 -8.7015253170753510
-52.4552455245524527 -6.0182994380003194
-52.4352435243524297 -24.0765659466724564
-52.4152415241524139 -46.4289981415814310
-52.3952395239523909 -18.7984216317675674
-52.3752375237523751 -21.4865884471331938
-52.3552355235523521 -23.7475971393874943
-52.3352335233523362 -11.6882723005188769
-52.3152315231523133 4.8223533836330645
-52.2952295229522903 -1.0691354034605745
-52.2752275227522745 -34.5915911310059556
-52.2552255225522515 -8.7757908171044292
-52.2352235223522356 -26.8903456634000513
-52.2152215221522127 -39.4586250245332764
-52.1952195219521897 -42.7087288402018146
-52.1752175217521739 -7.4719596565465523
-52.1552155215521509 -40.9387712534284063
-52.1352135213521350 -26.7778348184648785
-52.1152115211521121 -23.9360258259736192
-52.0952095209520962 -5.1081415954283571
-52.0752075207520733 -4.5062099612302724
-52.0552055205520503 -32.2655116652973035
-52.0352035203520344 -44.4714169992924013
-52.0152015201520115 -0.4672701544814117
-51.9951995199519956 -19.5942232714415745
-51.9751975197519727 -34.0984403213338680
-51.9551955195519497 -24.3402686488186504
-51.9351935193519338 -46.9993095579667042
-51.9151915191519109 -33.8335186849703149
-51.8951895189518950 -59.4170160923385211
-51.8751875187518721 -47.1915203803917436
-51.8551855185518562 -69.1860961541606514
-51.8351835183518332 -37.6276936550383354
-51.8151815181518103 -10.5444902393154525
-51.7951795179517944 -16.9372450465964590
-51.7751775177517715 -46.0630852456229007
-51.7551755175517556 -17.7815697404740511
-51.7351735173517326 -76.8238244799270262
-51.7151715171517097 -50.9755995512112108
-51.6951695169516938 -23.7187569598887045
-51.6751675167516709 -8.1740643717035830
-51.6551655165516550 -20.3512391226529452
-51.6351635163516320 -33.7118446318305445
-51.6151615161516162 -29.1729884262825792
-51.5951595159515932 -30.5804507695322449
-51.5751575157515703 -33.0931325019465703
-51.5551555155515544 -23.6357963535273079
-51.5351535153515314 -30.6326421384074976
-51.5151515151515156 -30.8322416978881400
-51.4951495149514926 -34.1993191774804615
-51.4751475147514697 -15.3581238897107522
-51.4551455145514538 -9.4815100422202505
-51.4351435143514308 -48.9670945015385541
-51.4151415141514150 -42.5305177047435023
-51.3951395139513920 -27.2992010687377586
-51.3751375137513762 -37.5700525462699844
-51.3551355135513532 -19.6131371357708275
-51.3351335133513302 -10.4634128557407209
-51.3151315131513144 -52.3968806522499690
-51.2951295129512914 -42.0756341451437379
-51.2751275127512756 -16.5348145933572326
-51.2551255125512526 -24.1319178347085170
-51.2351235123512296 -16.1729168742222242
-51.2151215121512138 -12.2180716335540378
-51.1951195119511908 -46.7718500347025099
-51.1751175117511750 21.5095189082307066
-51.1551155115511520 -42.6571653603601391
-51.1351135113511361 -23.4590239050534457
-51.1151115111511132 -25.6483663808912610
-51.0951095109510902 -25.0856928396093153
-51.0751075107510744 -8.5859557081914026
-51.0551055105510514 -29.5064634783925079
-51.0351035103510355 -36.7823478420845547
-51.0151015101510126 -65.4969708519358562
-50.9950995099509896 -21.9853515446002881
-50.9750975097509738 -23.3406642029320004
-50.9550955095509508 -20.5356694779459197
-50.9350935093509349 -59.4774538204262839
-50.9150915091509120 -27.0631648956724753
-50.8950895089508961 -36.9011032925357938
-50.8750875087508732 -24.0185732289253835
-50.8550855085508502 -2.5752357135216677
-50.8350835083508343 -46.5254500784256066
-50.8150815081508114 -56.3574652432057803
-50.7950795079507955 -22.4258208166038031
-50.7750775077507726 -1.7722538499507650
-50.7550755075507496 -40.3539193542006700
-50.7350735073507337 1.5829089216659646
-50.7150715071507108 -20.3793253361695150
-50.6950695069506949 -17.6067951557464326
-50.6750675067506720 -15.6305977840095007
-50.6550655065506561 -26.0538315159333678
-50.6350635063506331 -41.6513829990275397
-50.6150615061506102 -38.7097486999684861
-50.5950595059505943 -52.2035849455367682
-50.5750575057505714 -27.0405289633630161
-50.5550555055505555 2.8961053533652041
-50.5350535053505325 1.4024795285711527
-50.5150515051505096 -57.1532083318042652
-50.4950495049504937 -37.9968498028813926
-50.4750475047504708 2.4794840873750275
-50.4550455045504549 -24.6082703667471598
-50.4350435043504319 1.6403845884746566
-50.4150415041504161 -5.6252170584819972
-50.3950395039503931 -27.6805588585902882
-50.3750375037503701 -11.3536284846061655
-50.3550355035503543 -20.0698431117412142
-50.3350335033503313 -22.4685179003082354
-50.3150315031503155 -32.6104078590701221
-50.2950295029502925 -9.4148657115733627
-50.2750275027502695 9.4129755067308061
-50.2550255025502537 -5.9023078104516316
-50.2350235023502307 -22.7454809137552871
-50.2150215021502149 -13.4043330012337538
-50.1950195019501919 -16.0085472442408232
-50.1750175017501761 -36.7990610132069591
-50.1550155015501531 4.2204816239342122
-50.1350135013501301 -35.3233466030980807
-50.1150115011501143 -17.8127351902789712
-50.0950095009500913 -28.0645585536607918
-50.0750075007500755 -28.8077628876163665
-50.0550055005500525 -35.2896390617324585
-50.0350035003500295 -7.7139022232053236
-50.0150015001500137 -33.6030882010354262
-49.9949994999499907 6.7865638240805701
-49.9749974997499748 -42.0187525931294914
-49.9549954995499519 -5.0841762174936989
-49.9349934993499360 -50.1352772974600569
-49.9149914991499131 6.1140736873479469
-49.8949894989498901 -18.8583539757938574
-49.8749874987498742 0.0578486103204163
-49.8549854985498513 -1.6477849581789243
-49.8349834983498354 -45.6139556024386934
-49.8149814981498125 -31.6065361179863373
-49.7949794979497895 -21.8252875811387028
-49.7749774977497736 -44.7660634963142883
-49.7549754975497507 -61.7311196889704519
-49.7349734973497348 -49.8645833209367737
-49.7149714971497119 -23.9159028200991663
-49.6949694969496960 -45.8640565072360005
-49.6749674967496730 -24.4503987817935560
-49.6549654965496501 9.6023031738274049
-49.6349634963496342 -17.7998158118097578
-49.6149614961496113 -19.0725589209454398
-49.5949594959495954 -26.3195639478012069
-49.5749574957495724 -62.4498659204602831
-49.5549554955495495 -42.0316334571239025
-49.5349534953495336 -47.3092618140391465
-49.5149514951495107 -10.5563746638234441
-49.4949494949494948 -21.2864292937611843
-49.4749474947494718 -37.5774078055882157
-49.4549454945494560 -34.4527788010478986
-49.4349434943494330 -48.4048115951487432
-49.4149414941494101 -35.9380831554125777
-49.3949394939493942 -32.4030347034068242
-49.3749374937493712 -47.4588864313629983
-49.3549354935493554 -53.4230377970746133
-49.3349334933493324 -46.3531949576490234
-49.3149314931493095 -57.0645477919640598
-49.2949294929492936 -4.1858565811359298
-49.2749274927492706 -35.5697550862290583
-49.2549254925492548 -27.9677642307493208
-49.2349234923492318 -30.0378569280104948
-49.2149214921492160 -39.1184682120242755
-49.1949194919491930 -35.5051023261802499
-49.1749174917491700 -84.8026650466853482
-49.1549154915491542 -59.5198656719346175
-49.1349134913491312 -62.7685083366047110
-49.1149114911491154 1.4744507299427205
-49.0949094909490924 -9.4481710890469230
-49.0749074907490694 -7.3395761123160455
-49.0549054905490536 -30.6504220121463860
-49.0349034903490306 -41.3194883422839894
-49.0149014901490148 -40.1272074609911016
-48.9948994899489918 -28.7136613199877502
-48.9748974897489759 -39.1381423513801607
-48.9548954895489530 -52.3682679115643026
-48.9348934893489300 -47.3287549420768698
-48.9148914891489142 -47.6978717584529903
-48.8948894889488912 -32.1023337618680742
-48.8748874887488753 -67.0579397390232543
-48.8548854885488524 -52.0274695360352268
-48.8348834883488294 -39.3106084546434147
-48.8148814881488136 -11.8075010562323470
-48.7948794879487906 -6.2294046523800652
-48.7748774877487747 6.4807365609417751
-48.7548754875487518 -56.9855907724998190
-48.7348734873487288 -20.6050533615329456
-48.7148714871487130 16.0500151764363075
-48.6948694869486900 -23.1187926511017636
-48.6748674867486741 -10.5207931762491143
-48.6548654865486512 -13.6760919221686130
-48.6348634863486353 -57.0964586696840826
-48.6148614861486124 -44.5671360622427741
-48.5948594859485894 -10.4589943936834224
-48.5748574857485735 -31.5737233776780144
-48.5548554855485506 -49.1737077569114049
-48.5348534853485347 -71.3550591427458585
-48.5148514851485118 -61.3228448277951372
-48.4948494849484888 -46.6347869740474010
-48.4748474847484729 -27.5347998892735042
-48.4548454845484500 -44.1669019540131345
-48.4348434843484341 -54.2997273984129265
-48.4148414841484112 -44.4324631053882015
-48.3948394839483953 -45.0728448681372100
-48.3748374837483723 -37.5939251413473698
-48.3548354835483494 -44.7213689438117115
-48.3348334833483335 -5.6590786559483313
-48.3148314831483106 -50.2965933381664883
-48.2948294829482947 -46.8783194340534379
-48.2748274827482717 -60.8183027902655908
-48.2548254825482488 -80.8362233345747683
-48.2348234823482329 -27.8429943151514223
-48.2148214821482100 -26.8414153345053315
-48.1948194819481941 -14.8021393797792484
-48.1748174817481711 -18.3745590315365277
-48.1548154815481553 -48.1290228278088676
-48.1348134813481323 -30.6983788327989089
-48.1148114811481094 -53.0130703695585339
-48.0948094809480935 -30.7966279086460091
-48.0748074807480705 -31.5659752626108130
-48.0548054805480547 -44.8624433882479750
-48.0348034803480317 -17.9108872917109068
-48.0148014801480087 -21.7026822064962523
-47.9947994799479929 -44.1275831905680889
-47.9747974797479699 -24.5731854398647229
-47.9547954795479541 -0.3837843103743666
-47.9347934793479311 -9.9192957505639114
-47.9147914791479153 -57.2664661066807597
-47.8947894789478923 -61.9750289632106046
-47.8747874787478693 -28.2154157531341525
-47.8547854785478535 12.5993329460845551
-47.8347834783478305 -20.9307093099884511
-47.8147814781478147 -45.9133587129628182
-47.7947794779477917 -22.8084539364695402
-47.7747774777477687 -36.1539029053747498
-47.7547754775477529 -3.4795038086693566
-47.7347734773477299 -24.8605097884419664
-47.7147714771477141 -37.8720644946591989
-47.6947694769476911 -21.5637797653421401
-47.6747674767476752 -32.2115448022216029
-47.6547654765476523 -54.1020060577722006
-47.6347634763476293 -35.6682809283833535
-47.6147614761476135 -10.3228051190625223
-47.5947594759475905 -51.4657995644883499
-47.5747574757475746 -19.9055929425809062
-47.5547554755475517 0.8045247354614133
-47.5347534753475287 -19.4217318032150175
-47.5147514751475128 1.3201830990710519
-47.4947494749474899 -15.3719485906746840
-47.4747474747474740 -53.4304210435640741
-47.4547454745474511 -46.6546502573899318
-47.4347434743474352 -17.7309079527757802
-47.4147414741474122 -71.6525250528907520
-47.3947394739473893 -31.2815125898932997
-47.3747374737473734 -29.8917611322898438
-47.3547354735473505 -29.9935612384866417
-47.3347334733473346 -31.1831489271087143
-47.3147314731473116 -25.1380917011923160
-47.2947294729472887 -54.4920810245488667
-47.2747274727472728 -25.8865522673051345
-47.2547254725472499 -60.1761240542331706
-47.2347234723472340 -30.8349505191311550
-47.2147214721472110 -46.7305938890620496
-47.1947194719471952 -48.3383550590960098
-47.1747174717471722 -11.6452116773179384
-47.1547154715471493 -19.4804479223820621
-47.1347134713471334 -57.3594122120795689
-47.1147114711471104 -15.0847094289716175
-47.0947094709470946 -60.0122781319973271
-47.0747074707470716 -38.4080471584213328
-47.0547054705470487 -38.0068978225872058
-47.0347034703470328 -33.1139542170734629
-47.0147014701470098 -30.3396747295858127
-46.9946994699469940 -24.5014120542851970
-46.9746974697469710 -45.8597859786605255
-46.9546954695469552 -26.6747792128379402
-46.9346934693469322 -37.5744349121800880
-46.9146914691469092 -52.3691098563792679
-46.8946894689468934 -23.0902929227226537
-46.8746874687468704 -56.1538316591429236
-46.8546854685468546 -41.0190340035428420
-46.8346834683468316 -41.4409911716741775
-46.8146814681468086 -14.7942425165546254
-46.7946794679467928 -26.9271662876376325
-46.7746774677467698 -59.9321475568629722
-46.7546754675467540 -51.8417014998234933
-46.7346734673467310 -27.9591103659191091
-46.7146714671467151 -28.2541682914863905
-46.6946694669466922 -71.6790503154602163
-46.6746674667466692 -11.5022926425075660
-46.6546654665466534 -11.8903198975302118
-46.6346634663466304 -20.4660733186386317
-46.6146614661466145 -66.6192367910954601
-46.5946594659465916 -38.4571813438906034
-46.5746574657465686 -28.0439548669702816
-46.5546554655465528 -28.7982659123741378
-46.5346534653465298 -39.9742753341605308
-46.5146514651465139 -23.3938447524616215
-46.4946494649464910 -15.4168919815414540
-46.4746474647464751 -58.3295136153009111
-46.4546454645464522 -18.1887167818957991
-46.4346434643464292 -66.3477179267212023
-46.4146414641464133 -55.9220620545918266
-46.3946394639463904 -33.1224907483373272
-46.3746374637463745 -65.7859878518920169
-46.3546354635463516 -39.7410997111431712
-46.3346334633463286 -50.9693393080073633
-46.3146314631463127 -37.0124364614757724
-46.2946294629462898 -31.4892562850511197
-46.2746274627462739 -31.6178211329534165
-46.2546254625462510 -80.7963171831373899
-46.2346234623462351 -35.2569905436989686
-46.2146214621462121 -54.0175097065195615
-46.1946194619461892 -23.3802514544004794
-46.1746174617461733 -6.4882256333508082
-46.1546154615461504 -25.2966660705801942
-46.1346134613461345 -30.8630458061670900
-46.1146114611461115 -18.8170562256516938
-46.0946094609460886 -25.2886725317801222
-46.0746074607460727 -24.8886997150241527
-46.0546054605460498 -2.1380946424589240
-46.0346034603460339 -46.9807365449389494
-46.0146014601460109 -25.9431249160078536
-45.9945994599459951 -42.3831391889448383
-45.9745974597459721 -21.4377084311051931
-45.9545954595459492 -5.9400338198926015
-45.9345934593459333 -30.5784395278163750
-45.9145914591459103 -16.0069936182696644
-45.8945894589458945 -30.7041936330567218
-45.8745874587458715 -54.5191531384778330
-45.8545854585458486 -22.3896514556152653
-45.8345834583458327 -18.2131958248142354
-45.8145814581458097 -12.7367085947616410
-45.7945794579457939 -33.0315684246659558
-45.7745774577457709 -49.6960817881323251
-45.7545754575457551 -27.4293224250093033
-45.7345734573457321 -3.5658852049823295
-45.7145714571457091 -49.2933626999243586
-45.6945694569456933 -36.8257810140302837
-45.6745674567456703 -51.1005040105397015
-45.6545654565456545 -38.0592642574279552
-45.6345634563456315 -16.9585031847875882
-45.6145614561456085 -31.7178395903553216
-45.5945594559455927 -52.1520163882569676
-45.5745574557455697 -36.9504420451233813
-45.5545554555455539 -35.2487112408028267
-45.5345534553455309 -40.7136080088640568
-45.5145514551455150 -46.4007174642321232
-45.4945494549454921 -31.3384615759052174
-45.4745474547454691 -8.9837780192987218
-45.4545454545454533 0.5674833879607064
-45.4345434543454303 -60.3673583926793640
-45.4145414541454144 -66.1544495050956698
-45.3945394539453915 -1.5136174941746248
-45.3745374537453685 -39.5432672325244141
-45.3545354535453527 -50.7447818983397525
-45.3345334533453297 -34.3164335876364461
-45.3145314531453138 -25.1456565609815854
-45.2945294529452909 -44.2214735563836356
-45.2745274527452750 -13.7655541027118602
-45.2545254525452521 -31.8577395624793027
-45.2345234523452291 -57.2952783777771089
-45.2145214521452132 -43.6928662852508722
-45.1945194519451903 -25.8255046657071077
-45.1745174517451744 9.7370138150178533
-45.1545154515451514 -20.3657712545943070
-45.1345134513451285 -31.3533321864047849
-45.1145114511451126 -58.1049930707765583
-45.0945094509450897 -48.3229515648617536
-45.0745074507450738 -52.7953606520192693
-45.0545054505450508 -40.9845357359193017
-45.0345034503450350 -24.7874730757038790
-45.0145014501450120 -24.7685225445206285
-44.9944994499449891 -58.7789694226158161
-44.9744974497449732 -46.0477234415955863
-44.9544954495449502 -45.6398414036370639
-44.9344934493449344 -35.1117078925652919
-44.9144914491449114 -38.7378247571817624
-44.8944894489448885 -62.6292730710776056
-44.8744874487448726 -31.3493384372653665
-44.8544854485448496 -56.6579762959251241
-44.8344834483448338 -45.6704097786995717
-44.8144814481448108 -70.5720441248748642
-44.7944794479447950 -31.8797444543354516
-44.7744774477447720 -17.7030402409865069
-44.7544754475447490 -46.0349446032312386
-44.7344734473447332 4.4155137876790747
-44.7144714471447102 -44.9116481587293279
-44.6944694469446944 -34.8707113513748581
-44.6744674467446714 -36.4628105546491099
-44.6544654465446484 -28.3111145400415651
-44.6344634463446326 -59.6852736054299129
-44.6144614461446096 -50.1041722641999243
-44.5944594459445938 3.1996639944780227
-44.5744574457445708 -23.2458405832869914
-44.5544554455445549 -61.5495012510882731
-44.5344534453445320 -46.4684880520793300
-44.5144514451445090 -61.9554458717247982
-44.4944494449444932 -4.6992386779419846
-44.4744474447444702 -38.1389504725550594
-44.4544454445444543 -30.5713582693384041
-44.4344434443444314 -27.0301674086185599
-44.4144414441444084 -38.2991070753602258
-44.3944394439443926 -18.2929443037456174
-44.3744374437443696 -40.9125810079978365
-44.3544354435443537 -40.5029271446527588
-44.3344334433443308 -4.7004250733342730
-44.3144314431443149 1.6216403073000976
-44.2944294429442920 -47.5782825613328839
-44.2744274427442690 -38.6453646298672666
-44.2544254425442531 -12.5137152610815505
-44.2344234423442302 -48.5454443210309847
-44.2144214421442143 -55.4258742956773602
-44.1944194419441914 -62.6818355171770420
-44.1744174417441684 -69.4466258638213674
-44.1544154415441525 -34.1911807108659289
-44.1344134413441296 -75.1833837908615124
-44.1144114411441137 -48.0794223394050704
-44.0944094409440908 -65.1896616222289396
-44.0744074407440749 -42.4758614770883085
-44.0544054405440519 -70.0291679486592074
-44.0344034403440290 -31.2447763431569214
-44.0144014401440131 -30.1633523168962370
-43.9943994399439902 -21.1180077539324245
-43.9743974397439743 -25.1078947810077437
-43.9543954395439513 -11.0314449793669702
-43.9343934393439284 -23.0754132742317921
-43.9143914391439125 -80.6715049736793901
-43.8943894389438896 -49.3109405728047321
-43.8743874387438737 -59.4462084145552438
-43.8543854385438507 -20.8665958123878283
-43.8343834383438349 -40.8816501118726521
-43.8143814381438119 -28.4895315385186549
-43.7943794379437890 -51.9683073070259240
-43.7743774377437731 -26.5027742175330658
-43.7543754375437501 -65.2854529458897161
-43.7343734373437343 -45.0752044223125097
-43.7143714371437113 -57.7382263968687255
-43.6943694369436884 -17.1846453356152971
-43.6743674367436725 -32.4945165573259587
-43.6543654365436495 -42.0394669916523611
-43.6343634363436337 -30.5227616267766884
-43.6143614361436107 -12.8696641828715812
-43.5943594359435949 -20.6063190309937738
-43.5743574357435719 -5.1837770686211186
-43.5543554355435489 -24.3393701392638278
-43.5343534353435331 -46.6591514063491744
-43.5143514351435101 -32.1071964092661872
-43.4943494349434943 -53.7039613422162176
-43.4743474347434713 -42.9052175466242929
-43.4543454345434483 -4.2031764321242804
-43.4343434343434325 -67.4386125816164679
-43.4143414341434095 -28.2755287079546669
-43.3943394339433937 -66.6418349578022173
-43.3743374337433707 -37.3967540551418693
-43.3543354335433548 -75.5943593050909044
-43.3343334333433319 -31.0951059477854521
-43.3143314331433089 -31.2997775495766177
-43.2943294329432931 -44.3616352928557660
-43.2743274327432701 -52.9334474205757601
-43.2543254325432542 -33.0072602335304239
-43.2343234323432313 -55.5125073656788501
-43.2143214321432083 -31.6389585812777554
-43.1943194319431925 -23.0659404806335147
-43.1743174317431695 -46.9651919502833692
-43.1543154315431536 -36.3319987249050058
-43.1343134313431307 -26.4699887201541273
-43.1143114311431148 -17.9116334690929833
-43.0943094309430919 -31.9702993955929173
-43.0743074307430689 -40.2822469556332479
-43.0543054305430530 -25.6267103228604256
-43.0343034303430301 -31.0856437245692234
-43.0143014301430142 -28.4265889966824119
-42.9942994299429913 -36.6913589124227215
-42.9742974297429683 -22.1455875377599156
-42.9542954295429524 -28.4372018230689250
-42.9342934293429295 24.7374451549609944
-42.9142914291429136 -38.9659905822514006
-42.8942894289428907 -7.0508051768113198
-42.8742874287428748 -34.8199629622730527
-42.8542854285428518 -57.9655174367612247
-42.8342834283428289 -10.3616274111177269
-42.8142814281428130 -19.9486802793351679
-42.7942794279427901 -57.6692884711929423
-42.7742774277427742 -38.4820882245203890
-42.7542754275427512 -54.0599957611465953
-42.7342734273427283 -40.1433730565176035
-42.7142714271427124 -31.2771496190220404
-42.6942694269426894 -62.5403931625076268
-42.6742674267426736 -26.7186051827874032
-42.6542654265426506 -26.7530183475275471
-42.6342634263426348 -17.1252304722297488
-42.6142614261426118 -33.2628085518899468
-42.5942594259425888 -55.2732254764137849
-42.5742574257425730 -79.0887246411424769
-42.5542554255425500 -5.3772003632363905
-42.5342534253425342 -74.9640425713531897
-42.5142514251425112 -29.7661493472694119
-42.4942494249424882 -60.3304547243171641
-42.4742474247424724 -56.0080073794616311
-42.4542454245424494 -39.9917229971099033
-42.4342434243424336 -58.7259182943525815
-42.4142414241424106 -46.6707976020947939
-42.3942394239423948 -24.3356585323752235
-42.3742374237423718 -39.5101528359950294
-42.3542354235423488 -49.4660875228047630
-42.3342334233423330 -65.1338784269071738
-42.3142314231423100 -29.1363074303215832
-42.2942294229422941 -44.0493525707865672
-42.2742274227422712 -47.1979634897071776
-42.2542254225422482 -63.2625186669019968
-42.2342234223422324 -61.0367383356441096
-42.2142214221422094 7.9817746253715072
-42.1942194219421935 -47.5706739835246850
-42.1742174217421706 -59.5425593876954125
-42.1542154215421547 -12.7761551900402210
-42.1342134213421318 -14.3768742645731464
-42.1142114211421088 -57.5540677569816097
-42.0942094209420929 -14.6349961527161909
-42.0742074207420700 -30.8794433240481609
-42.0542054205420541 -29.7556388450957279
-42.0342034203420312 -50.6242738538522303
-42.0142014201420082 -44.3992510592857954
-41.9941994199419923 15.5925046977476711
-41.9741974197419694 -58.7638100478805541
-41.9541954195419535 -67.7614746082039261
-41.9341934193419306 -38.7111081775693364
-41.9141914191419147 -26.2230682908334174
-41.8941894189418917 -41.8830233254351825
-41.8741874187418688 -81.1206293178981781
-41.8541854185418529 -52.6852194286533120
-41.8341834183418300 -43.4988778106952694
-41.8141814181418141 -32.0682976799343677
-41.7941794179417911 -14.7723932947677525
-41.7741774177417682 -24.8636394259407538
-41.7541754175417523 -27.4082904199807444
-41.7341734173417294 -57.0092956696961366
-41.7141714171417135 -45.9294205516460323
-41.6941694169416905 -31.2349628204369836
-41.6741674167416747 -24.0809785387928983
-41.6541654165416517 -34.2099471223530855
-41.6341634163416288 -5.5168526226403181
-41.6141614161416129 -59.6190939572759362
-41.5941594159415899 -30.8313093692256821
-41.5741574157415741 -28.8396267346457904
-41.5541554155415511 -10.1017607945743784
-41.5341534153415282 -52.2441579241598504
-41.5141514151415123 -30.5420438927740818
-41.4941494149414893 -47.4000665008552957
-41.4741474147414735 -4.1405610345082380
-41.4541454145414505 -23.1578308032115743
-41.4341434143414347 -44.2235581041134296
-41.4141414141414117 -47.6487331857909595
-41.3941394139413887 -2.8056814480944539
-41.3741374137413729 -26.4384907516238812
-41.3541354135413499 -89.1858810513268168
-41.3341334133413341 -78.3087834097647288
-41.3141314131413111 -88.1257891970224847
-41.2941294129412881 -68.0243958110224440
-41.2741274127412723 -45.9026565630883567
-41.2541254125412493 -26.0218249220533302
-41.2341234123412335 3.5237928927475863
-41.2141214121412105 -44.0806507060007036
-41.1941194119411946 -31.5847518119490793
-41.1741174117411717 -44.1537363529753293
-41.1541154115411487 -38.6757330342524526
-41.1341134113411329 -26.4033588690773229
-41.1141114111411099 -41.4821590253140187
-41.0941094109410940 -21.8979583443878063
-41.0741074107410711 -32.9365686465968324
-41.0541054105410481 -53.4893290579890817
-41.0341034103410323 -64.3703342327378749
-41.0141014101410093 -24.5844688420864550
-40.9940994099409934 1.3865592469010934
-40.9740974097409705 -46.9626673976267668
-40.9540954095409546 -48.9851391894399768
-40.9340934093409317 -67.4646003496441153
-40.9140914091409087 -42.1620457960010597
-40.8940894089408928 -59.6429306490382274
-40.8740874087408699 -7.2328308060630562
-40.8540854085408540 -26.2995484364217909
-40.8340834083408311 -47.1680796300527518
-40.8140814081408081 -25.8364219809635642
-40.7940794079407922 -38.5049169222345213
-40.7740774077407693 -24.2579002842717770
-40.7540754075407534 -36.4162732348640503
-40.7340734073407305 -48.1238355934494990
-40.7140714071407146 -38.1146452082491791
-40.6940694069406916 -37.4291604626549201
-40.6740674067406687 -35.4465205495983540
-40.6540654065406528 -51.1549188063725637
-40.6340634063406299 -28.7311024971792648
-40.6140614061406140 -31.0343395610766812
-40.5940594059405910 -39.3227270460977465
-40.5740574057405681 -48.2072539113789631
-40.5540554055405522 -31.7209470217805638
-40.5340534053405293 -21.7541477952925959
-40.5140514051405134 -37.8223669844734189
-40.4940494049404904 -58.7100084223332743
-40.4740474047404746 -21.9797643659340451
-40.4540454045404516 -26.5292507253393310
-40.4340434043404287 -44.0096352961222337
-40.4140414041404128 -39.4051998178699208
-40.3940394039403898 -17.1650975236116778
-40.3740374037403740 -41.7712307417013946
-40.3540354035403510 -32.1152255212121531
-40.3340334033403281 -57.7484553121429371
-40.3140314031403122 -41.2728050226706102
-40.2940294029402892 -30.9961394033440101
-40.2740274027402734 -59.0587973630123813
-40.2540254025402504 -49.4733896613390627
-40.2340234023402346 -22.0601141386783368
-40.2140214021402116 -18.4430368371250850
-40.1940194019401886 -14.8248618075610388
-40.1740174017401728 -24.6601698085776597
-40.1540154015401498 -14.9237048068507718
-40.1340134013401340 -50.2868139125768181
-40.1140114011401110 -45.7492018635318232
-40.0940094009400880 -55.0299612768274926
-40.0740074007400722 -49.4074178601117779
-40.0540054005400492 -37.7835231145053712
-40.0340034003400334 -54.6133663772950086
-40.0140014001400104 -38.5637083664953551
-39.9939993999399945 -18.9050307277281995
-39.9739973997399716 -41.0108516580399609
-39.9539953995399486 -25.1439871820708163
-39.9339933993399328 -22.5198125024538385
-39.9139913991399098 -24.2508975593495251
-39.8939893989398939 -69.0774552931106030
-39.8739873987398710 -19.8858147695903362
-39.8539853985398480 -84.1495560006880226
-39.8339833983398321 -22.5388227913714907
-39.8139813981398092 -30.6255412630832389
-39.7939793979397933 -53.2643452145880829
-39.7739773977397704 -54.0430996598968676
-39.7539753975397545 -41.6605479257151075
-39.7339733973397315 -47.1659203201525870
-39.7139713971397086 -60.8196438784132170
-39.6939693969396927 -52.7257168411649246
-39.6739673967396698 -17.2325790381905080
-39.6539653965396539 -33.6271644762652073
-39.6339633963396309 -15.6583883719593651
-39.6139613961396080 -47.2200190291164290
-39.5939593959395921 -41.2910512796191469
-39.5739573957395692 -48.0109230446077149
-39.5539553955395533 -20.6048825226318151
-39.5339533953395303 -25.8781028497176564
-39.5139513951395145 -4.9287874370296194
-39.4939493949394915 -39.0103720757913166
-39.4739473947394686 -12.6140843001979732
-39.4539453945394527 -15.6109736181809353
-39.4339433943394297 -66.4916773912006249
-39.4139413941394139 -10.5695298450657376
-39.3939393939393909 -71.9144956168704255
-39.3739373937393680 -42.8711539321599489
-39.3539353935393521 -54.6907935968373380
-39.3339333933393291 -34.3019010102276667
-39.3139313931393133 -21.0197584006935614
-39.2939293929392903 -53.9383276375926997
-39.2739273927392745 -25.7212773989680201
-39.2539253925392515 -78.5133307719553386
-39.2339233923392285 -39.7470364122884519
-39.2139213921392127 -28.7877182938331302
-39.1939193919391897 -68.0652968858063900
-39.1739173917391739 -34.6597071224580091
-39.1539153915391509 -34.8156876367982164
-39.1339133913391279 -38.0306228660870147
-39.1139113911391121 -39.0508494542787972
-39.0939093909390891 -34.5727314870897118
-39.0739073907390733 -32.4488126869044180
-39.0539053905390503 -47.8376220290781760
-39.0339033903390344 -57.9003732124924255
-39.0139013901390115 -55.3161555772093934
-38.9938993899389885 -39.3576211960912588
-38.9738973897389727 -40.3220407763669257
-38.9538953895389497 -76.3474300275712778
-38.9338933893389338 -51.5364927136054973
-38.9138913891389109 -33.8992462551974825
-38.8938893889388879 -58.0621519523116802
-38.8738873887388721 -54.0605590364034327
-38.8538853885388491 -36.4280150807138767
-38.8338833883388332 -29.3821022017809312
-38.8138813881388103 -39.9685562159594028
-38.7938793879387944 -11.4593231772385593
-38.7738773877387715 -57.5322972234828995
-38.7538753875387485 -28.2892490580041382
-38.7338733873387326 -49.3919512921128927
-38.7138713871387097 -29.1075914667547586
-38.6938693869386938 -76.4750124675984750
-38.6738673867386709 -32.3377288183966343
-38.6538653865386479 -50.8291164246929057
-38.6338633863386320 -2.8352089727522269
-38.6138613861386091 -35.2431737505757212
-38.5938593859385932 -28.7605291917749462
-38.5738573857385703 -15.5819701249586622
-38.5538553855385544 -73.7282201769649248
-38.5338533853385314 -54.8402877158797892
-38.5138513851385085 -68.7247709602839620
-38.4938493849384926 -67.9355612986357471
-38.4738473847384697 -19.4574787561559610
-38.4538453845384538 -55.6392093487126544
-38.4338433843384308 -43.4191099168562715
-38.4138413841384079 -62.0319508835624234
-38.3938393839383920 -1.2221341957955403
-38.3738373837383691 -41.8819448387008677
-38.3538353835383532 -17.7537347271874886
-38.3338333833383302 -66.8053500887773026
-38.3138313831383073 -23.9655932535037550
-38.2938293829382914 -42.8618292237083764
-38.2738273827382685 -24.6238908078000769
-38.2538253825382526 -25.7607555121083607
-38.2338233823382296 -29.6669639064532475
-38.2138213821382138 -70.1100775029083252
-38.1938193819381908 -2.2498740775271742
-38.1738173817381679 -66.8976519455875689
-38.1538153815381520 -38.8328584518599982
-38.1338133813381290 -32.7359571471197839
-38.1138113811381132 -29.4102690198596193
-38.0938093809380902 -59.5252616885329218
-38.0738073807380673 -39.8203182616719076
-38.0538053805380514 -65.2688265627453603
-38.0338033803380284 -15.6627700382144006
-38.0138013801380126 -55.5280001348489023
-37.9937993799379896 -32.7908386822764299
-37.9737973797379738 -30.5592179477319021
-37.9537953795379508 -71.8890416573245545
-37.9337933793379278 -63.3542350510065830
-37.9137913791379120 -14.1683869227109334
-37.8937893789378890 -6.5803777380165975
-37.8737873787378732 8.0278298058109527
-37.8537853785378502 -30.3131773938044589
-37.8337833783378272 -23.1100921766812135
-37.8137813781378114 -34.6829446392634537
-37.7937793779377884 -42.6986698730075958
-37.7737773777377726 -60.5181038653606009
-37.7537753775377496 -40.8918499793852845
-37.7337733773377337 -28.9271873553151373
-37.7137713771377108 -38.4257460814792893
-37.6937693769376878 -54.3117421045878217
-37.6737673767376720 -19.6980757555904553
-37.6537653765376490 -30.3863282378136930
-37.6337633763376331 -55.8059561232420691
-37.6137613761376102 -46.7314100195282904
-37.5937593759375872 -33.5545502542730745
-37.5737573757375714 -38.5356131873052448
-37.5537553755375484 -40.5471778053541172
-37.5337533753375325 -23.7664319076087622
-37.5137513751375096 -10.3013677647375772
-37.4937493749374937 -29.0533888914338050
-37.4737473747374708 -52.3946097914664648
-37.4537453745374478 -61.8656861551273636
-37.4337433743374319 -15.4480311090549343
-37.4137413741374090 -56.7089160545026587
-37.3937393739373931 -32.5809062166602814
-37.3737373737373701 -12.8671381316214593
-37.3537353735373472 -72.4991561610959536
-37.3337333733373313 -62.8167554658097913
-37.3137313731373084 -22.0634705328296938
-37.2937293729372925 -34.9901501367165650
-37.2737273727372695 -53.8901851905120495
-37.2537253725372537 -19.9449581709064390
-37.2337233723372307 -9.0592682237552751
-37.2137213721372078 -37.0226263454854703
-37.1937193719371919 -56.5090443635770825
-37.1737173717371689 -71.3419610684572660
-37.1537153715371531 -13.4853069062753832
-37.1337133713371301 -52.6805468935031698
-37.1137113711371072 -61.2444946112721880
-37.0937093709370913 -53.1622055532370155
-37.0737073707370683 -23.3682731727130424
-37.0537053705370525 -75.9344348725496872
-37.0337033703370295 -54.5183631359457337
-37.0137013701370137 -21.6867818529002960
-36.9936993699369907 -49.7110699002633112
-36.9736973697369677 -28.9677839332828242
-36.9536953695369519 -43.8235057940054986
-36.9336933693369289 -36.7756395532661386
-36.9136913691369131 14.4400635514249700
-36.8936893689368901 -73.0041389737969553
-36.8736873687368671 -39.3639125161064953
-36.8536853685368513 -21.0014519914043944
-36.8336833683368283 -34.7432922474646801
-36.8136813681368125 -16.4729865139149609
-36.7936793679367895 -64.5691354877210273
-36.7736773677367736 -87.0430544236939880
-36.7536753675367507 -44.7507659589651325
-36.7336733673367277 -44.1402694034611685
-36.7136713671367119 -25.3167616502277255
-36.6936693669366889 -42.6474432707243025
-36.6736673667366730 -17.6893096624683679
-36.6536653665366501 -37.9234676355959834
-36.6336633663366271 25.4065621893766647
-36.6136613661366113 -68.5757716649209499
-36.5936593659365883 -57.0887957067781144
-36.5736573657365724 -18.4698739094589577
-36.5536553655365495 -21.1200950704229697
-36.5336533653365336 -41.0331313928733294
-36.5136513651365107 -40.3340636257220027
-36.4936493649364877 -15.7380321534334051
-36.4736473647364718 -39.1779265242985204
-36.4536453645364489 -38.1366097540735041
-36.4336433643364330 -47.6152502697109057
-36.4136413641364101 -27.9057522103290339
-36.3936393639363871 -36.7489621600710024
-36.3736373637363712 -48.5611256529445825
-36.3536353635363483 -33.1133029533172518
-36.3336333633363324 -22.7933705125489112
-36.3136313631363095 -46.5639810419583284
-36.2936293629362936 -74.9721027846638037
-36.2736273627362706 -25.7604863184980317
-36.2536253625362477 -31.5567049726044999
-36.2336233623362318 -27.3163288590705449
-36.2136213621362089 -30.4138717962294685
-36.1936193619361930 -68.9377139180795950
-36.1736173617361700 -49.9673184448141470
-36.1536153615361471 -30.9219807491838807
-36.1336133613361312 -20.0441725398152002
-36.1136113611361083 -19.2110954115075145
-36.0936093609360924 6.3951470487017517
-36.0736073607360694 -22.6952207909357497
-36.0536053605360536 -41.5925078903632937
-36.0336033603360306 -30.2765694922537349
-36.0136013601360077 -24.4240196938287255
-35.9935993599359847 -53.3263727885425425
-35.9735973597359759 -34.4691349956105881
-35.9535953595359530 -19.8846272955716543
-35.9335933593359300 -17.8343984988270741
-35.9135913591359071 -50.6823858291009515
-35.8935893589358841 -54.5654478640678491
-35.8735873587358753 -28.1929921072703991
-35.8535853585358524 3.5500349668865567
-35.8335833583358294 -9.3235620616218604
-35.8135813581358065 -2.4041087874716567
-35.7935793579357835 -26.2828729168070936
-35.7735773577357747 -51.3954380314546384
-35.7535753575357518 -73.9113750763561228
-35.7335733573357288 -24.2591949066455825
-35.7135713571357059 -24.5501380363817674
-35.6935693569356971 -18.3885399633605786
-35.6735673567356741 -39.7057934007022766
-35.6535653565356512 -37.0573582690670378
-35.6335633563356282 -30.3063198684602355
-35.6135613561356053 -57.1952339058527599
-35.5935593559355965 -23.8314448827426197
-35.5735573557355735 -52.7904523128297427
-35.5535553555355506 -50.1756192706448374
-35.5335533553355276 -3.5782162075057045
-35.5135513551355047 -56.9613204630876879
-35.4935493549354959 3.1990796046694001
-35.4735473547354729 -62.2691775982805922
-35.4535453545354500 -42.3735904009499151
-35.4335433543354270 -32.4046696584900999
-35.4135413541354040 -50.3268252043947868
-35.3935393539353953 -49.9732820376615408
-35.3735373537353723 -26.3255867881997538
-35.3535353535353494 -56.8594976272420212
-35.3335333533353264 -50.3653747881366272
-35.3135313531353034 -43.3129097117890396
-35.2935293529352947 -72.7958023261822547
-35.2735273527352717 -85.3884813513913343
-35.2535253525352488 -46.3634481384238128
-35.2335233523352258 -25.7215544695442659
-35.2135213521352171 -31.2890433322293120
-35.1935193519351941 -14.7286005336607602
-35.1735173517351711 -45.9391419088165733
-35.1535153515351482 -39.9822199292119720
-35.1335133513351252 -23.4149157086089481
-35.1135113511351165 -51.9698321872886595
-35.0935093509350935 -23.1640765525400028
-35.0735073507350705 -31.5265376370845374
-35.0535053505350476 -45.3050966409668803
-35.0335033503350246 -26.9157587395357467
-35.0135013501350159 -33.8487014063668923
-34.9934993499349929 -1.7591843959843771
-34.9734973497349699 -70.2218894234856208
-34.9534953495349470 -21.8058203546362606
-34.9334933493349240 2.2529933714815229
-34.9134913491349153 -30.3863053299498844
-34.8934893489348923 -16.9739298393290632
-34.8734873487348693 -22.1137247532417582
-34.8534853485348464 -22.8662359099686583
-34.8334833483348234 -18.0209914070112269
-34.8134813481348147 -43.2821435454057948
-34.7934793479347917 -7.6079013034106424
-34.7734773477347687 -8.7587236169591733
-34.7534753475347458 -67.1566175461199748
-34.7334733473347370 -50.8981846977776442
-34.7134713471347141 -53.0423061117429171
-34.6934693469346911 -16.8549847388005425
-34.6734673467346681 -22.1141880491397984
-34.6534653465346452 -19.7094208134989515
-34.6334633463346364 -16.3330784684174759
-34.6134613461346134 -44.5274716385182998
-34.5934593459345905 -14.4304366589630142
-34.5734573457345675 -53.0406171843766856
-34.5534553455345446 -22.7802099947451211
-34.5334533453345358 -26.7502636067378035
-34.5134513451345128 -25.4758009298690169
-34.4934493449344899 -16.9579481203494389
-34.4734473447344669 -49.8625374430458450
-34.4534453445344440 -62.3763625488792144
-34.4334433443344352 -53.3089580587371756
-34.4134413441344122 -36.2883039605556235
-34.3934393439343893 -35.7083721003665175
-34.3734373437343663 -36.3502995362090857
-34.3534353435343434 -52.1735566131828818
-34.3334333433343346 -20.0469270246691345
-34.3134313431343116 -39.9507152655674389
-34.2934293429342887 -3.1617645366863130
-34.2734273427342657 -55.3353510711216785
-34.2534253425342570 -58.6519485572515009
-34.2334233423342340 -21.1238360248495809
-34.2134213421342110 -29.6703401298434066
-34.1934193419341881 -55.8228026622760680
-34.1734173417341651 -30.7709179543483522
-34.1534153415341564 -31.4728874980966928
-34.1334133413341334 -30.8956975343069331
-34.1134113411341104 -53.3302767049628557
-34.0934093409340875 -35.4958577286889181
-34.0734073407340645 -33.5179696082193743
-34.0534053405340558 -49.8888522244078487
-34.0334033403340328 -13.9657525923707162
-34.0134013401340098 -31.2550720719871151
-33.9933993399339869 -43.9379980956256375
-33.9733973397339639 -9.4617426047914925
-33.9533953395339552 -20.8613749182042980
-33.9333933393339322 -50.1061729601172274
-33.9133913391339092 -31.4558964972542618
-33.8933893389338863 -57.3487695267044586
-33.8733873387338633 -32.8997271136942331
-33.8533853385338546 -35.1065728278959455
-33.8333833383338316 -64.7513414525853506
-33.8133813381338086 -51.8135273019554461
-33.7933793379337857 -48.4298558487785584
-33.7733773377337769 -28.3602086364161821
-33.7533753375337540 -52.3941268051427613
-33.7333733373337310 -30.3821918854875648
-33.7133713371337080 -43.7175040319159933
-33.6933693369336851 -64.2213144974590335
-33.6733673367336763 -52.6429530522938904
-33.6533653365336534 -18.4890501625379073
-33.6333633363336304 -17.9163024743234871
-33.6133613361336074 -11.8763686164218676
-33.5933593359335845 -55.0429345809729398
-33.5733573357335757 -16.3019871528415408
-33.5533553355335528 -42.4927506917654014
-33.5333533353335298 -106.1905255832644031
-33.5133513351335068 -44.6868103058495905
-33.4933493349334839 -1.9627229250389604
-33.4733473347334751 -37.8618457180331802
-33.4533453345334522 -54.1197863446172320
-33.4333433343334292 -57.9247182576601958
-33.4133413341334062 -60.4120501427309478
-33.3933393339333833 -17.9997125793212795
-33.3733373337333745 -8.5880469257093139
-33.3533353335333516 -22.1410600028352782
-33.3333333333333286 -27.1168828955832488
-33.3133313331333056 -35.8041133447785072
-33.2933293329332969 -29.4669695355837220
-33.2733273327332739 -69.4014869508902450
-33.2533253325332510 -28.5111407939625110
-33.2333233323332280 -36.2773469250702973
-33.2133213321332050 -47.1329507119425202
-33.1933193319331963 -3.3490897234674257
-33.1733173317331733 -18.3742832220376329
-33.1533153315331504 -38.8283021862833735
-33.1333133313331274 -23.2965221336754666
-33.1133113311331044 -74.1160482010431849
-33.0933093309330957 -13.2831355346531979
-33.0733073307330727 -48.8764447153723580
-33.0533053305330498 -41.0600549623125346
-33.0333033303330268 5.2898245157662629
-33.0133013301330038 -37.5328993309370702
-32.9932993299329951 -44.1333718370369468
-32.9732973297329721 -22.5676232468776874
-32.9532953295329492 -60.0503528945402962
-32.9332933293329262 -26.9660737073629306
-32.9132913291329032 -69.0272775665078058
-32.8932893289328945 -3.0970109699690767
-32.8732873287328715 -8.2422393602638557
-32.8532853285328486 -40.3491599182231226
-32.8332833283328256 -52.4375487285272612
-32.8132813281328168 -57.5783744951013645
-32.7932793279327939 -26.3918862469007500
-32.7732773277327709 -76.9992824565738943
-32.7532753275327480 -35.5854775690751310
-32.7332733273327250 -44.3009689710328516
-32.7132713271327162 -60.5155832800017208
-32.6932693269326933 -64.3523813470284693
-32.6732673267326703 -36.0016408007343003
-32.6532653265326474 -7.6854760721648425
-32.6332633263326244 -42.3010733741806888
-32.6132613261326156 -19.0114686917918405
-32.5932593259325927 -29.6192442708168997
-32.5732573257325697 -29.7896085908163855
-32.5532553255325467 0.3491350834701734
-32.5332533253325238 -16.8589106539020257
-32.5132513251325150 -48.0936867154445267
-32.4932493249324921 -46.2662668720913359
-32.4732473247324691 -50.4417006953242080
-32.4532453245324461 -13.3663348447040278
-32.4332433243324232 -21.0776577460025258
-32.4132413241324144 -14.0835774938401030
-32.3932393239323915 -52.6902817675829311
-32.3732373237323685 -21.2511867130239693
-32.3532353235323455 -44.7560954264798383
-32.3332333233323368 -26.6001066394039292
-32.3132313231323138 -35.1366361116877428
-32.2932293229322909 -25.8819031418083192
-32.2732273227322679 -33.6779395084736493
-32.2532253225322449 -41.8322666188271057
-32.2332233223322362 -22.4463808804957310
-32.2132213221322132 3.1782678545951342
-32.1932193219321903 -65.5068753941634014
-32.1732173217321673 -56.5526879919614203
-32.1532153215321443 -46.5084179888263805
-32.1332133213321356 -23.8195526609939847
-32.1132113211321126 -23.6375398596640096
-32.0932093209320897 -25.6205808487324305
-32.0732073207320667 -10.5370317199631316
-32.0532053205320437 -38.7554708983707883
-32.0332033203320350 -51.8439235796970337
-32.0132013201320120 -53.6081382435362954
-31.9931993199319891 -46.2472948201839102
-31.9731973197319661 -43.9830599554763140
-31.9531953195319431 -16.3588682616760437
-31.9331933193319344 -67.4058803887025135
-31.9131913191319114 -32.1481966633466598
-31.8931893189318885 -57.7413043988557604
-31.8731873187318655 -31.9990178399203131
-31.8531853185318568 -39.0886555106889517
-31.8331833183318338 -43.2661987800031014
-31.8131813181318108 -53.2957572170981635
-31.7931793179317879 -26.4861623408058975
-31.7731773177317649 -34.8197773525183365
-31.7531753175317561 -32.3587387990366722
-31.7331733173317332 -83.9320279104077542
-31.7131713171317102 -31.7974629514178346
-31.6931693169316873 -41.5089613795680208
-31.6731673167316643 -40.2915878987430531
-31.6531653165316555 -42.0858818341035459
-31.6331633163316326 -49.1520662133659556
-31.6131613161316096 -6.5003625855174754
-31.5931593159315867 -29.5840330259581989
-31.5731573157315637 -2.3829518067901674
-31.5531553155315549 -43.1663405204256279
-31.5331533153315320 -29.8457509832868269
-31.5131513151315090 -19.9431222924075300
-31.4931493149314861 -28.8683648169221243
-31.4731473147314631 -51.0975876259226851
-31.4531453145314543 -40.1719834245200289
-31.4331433143314314 -33.7655454016783310
-31.4131413141314084 -61.8247914995787795
-31.3931393139313855 -11.0811517132121082
-31.3731373137313767 -43.6562679177425821
-31.3531353135313537 -69.4675943858160991
-31.3331333133313308 -12.8190417537733943
-31.3131313131313078 -31.7683591389183952
-31.2931293129312849 -17.4553175033176622
-31.2731273127312761 -21.0143897453658255
-31.2531253125312531 -22.7736058497177574
-31.2331233123312302 -45.0081954624300380
-31.2131213121312072 -57.3324596913827804
-31.1931193119311843 -23.8754151234365040
-31.1731173117311755 -18.0003642452583392
-31.1531153115311525 -21.0000033348346946
-31.1331133113311296 -32.7031685918719361
-31.1131113111311066 -31.1764033315279079
-31.0931093109310837 5.8105960464085271
-31.0731073107310749 -48.9875107421202785
-31.0531053105310519 -51.9678545001383299
-31.0331033103310290 -52.6225928766055944
-31.0131013101310060 -8.1128981681153469
-30.9930993099309831 -64.2481963276820949
-30.9730973097309743 -54.8866431366828778
-30.9530953095309513 -1.5838207902443884
-30.9330933093309284 -39.1523232219187491
-30.9130913091309054 -34.5272496010481760
-30.8930893089308967 -16.4452431924748694
-30.8730873087308737 -35.5967261925928682
-30.8530853085308507 -35.8488319176880168
-30.8330833083308278 -40.4499894302353482
-30.8130813081308048 -51.4311397215120252
-30.7930793079307961 -42.3747077210787211
-30.7730773077307731 -15.9483779524051847
-30.7530753075307501 -21.3216269099214131
-30.7330733073307272 -10.7385567544737839
-30.7130713071307042 -36.3408836928278518
-30.6930693069306955 -54.4186827091162257
-30.6730673067306725 -17.9884140556910950
-30.6530653065306495 -14.5245997060554117
-30.6330633063306266 -48.4786550930488573
-30.6130613061306036 -17.7072648678432998
-30.5930593059305949 -78.9122140995015684
-30.5730573057305719 -27.0500938809513158
-30.5530553055305489 -22.5169424357700798
-30.5330533053305260 -57.9494644358966724
-30.5130513051305030 -50.6544750096437468
-30.4930493049304943 -49.7199156360456200
-30.4730473047304713 -10.2041656306880775
-30.4530453045304483 -52.1727984076753160
-30.4330433043304254 -33.6523475986662248
-30.4130413041304166 -7.6365793884009179
-30.3930393039303937 -16.4491950579073389
-30.3730373037303707 -59.6008469388793571
-30.3530353035303477 -36.3538447142592815
-30.3330333033303248 -58.3790860583997215
-30.3130313031303160 25.0586741947968790
-30.2930293029302931 -10.2758429714360737
-30.2730273027302701 -50.4943862697269097
-30.2530253025302471 4.4731312252736330
-30.2330233023302242 -21.7138413659363252
-30.2130213021302154 -64.4247175785348958
-30.1930193019301925 -29.8564132055640918
-30.1730173017301695 -24.6096961749671124
-30.1530153015301465 -31.3547661454123450
-30.1330133013301236 -50.2621645759842011
-30.1130113011301148 -18.4632082564668494
-30.0930093009300919 -17.4483751923963482
-30.0730073007300689 -30.2592450876054571
-30.0530053005300459 -50.3802527109262144
-30.0330033003300230 -30.2288371343066373
-30.0130013001300142 -16.7880752481573232
-29.9929992999299913 -47.8113375345195522
-29.9729972997299683 -25.8565040826765440
-29.9529952995299453 -44.2273488512995883
-29.9329932993299366 -11.7508437848202725
-29.9129912991299136 -28.2433656736379461
-29.8929892989298907 -50.1143384624879076
-29.8729872987298677 -61.6618235970519493
-29.8529852985298447 -16.4913253118896463
-29.8329832983298360 -40.1665564547011087
-29.8129812981298130 8.0886246332365062
-29.7929792979297901 -30.5484980252528153
-29.7729772977297671 -40.5524178081993298
-29.7529752975297441 -27.4947424711963002
-29.7329732973297354 -14.4028268363445626
-29.7129712971297124 -62.5260899939348036
-29.6929692969296894 -11.3216078456957376
-29.6729672967296665 -23.4543925290205379
-29.6529652965296435 -41.5730278461151812
-29.6329632963296348 -48.5735360194996275
-29.6129612961296118 -8.3177431199443994
-29.5929592959295888 -27.0889538931100944
-29.5729572957295659 -39.5982915343972479
-29.5529552955295429 -59.9708945086200700
-29.5329532953295342 -1.6463219826918554
-29.5129512951295112 -27.3054462103385234
-29.4929492949294882 -29.5749096765560004
-29.4729472947294653 -38.8764171112802757
-29.4529452945294565 -47.3093134065130698
-29.4329432943294336 -33.0765214064100803
-29.4129412941294106 -30.7597651582317404
-29.3929392939293876 -21.9718036467213444
-29.3729372937293647 12.0361938359507121
-29.3529352935293559 -30.0493228194157034
-29.3329332933293330 -28.0009202979098859
-29.3129312931293100 -62.2929036045027402
-29.2929292929292870 -7.4212653530126360
-29.2729272927292641 -32.4842777973261860
-29.2529252925292553 -19.4822291551604039
-29.2329232923292324 -52.1223402091041450
-29.2129212921292094 -20.9588917915320323
-29.1929192919291864 -41.7087665212902721
-29.1729172917291635 -9.2657536501416509
-29.1529152915291547 -36.7532523304240399
-29.1329132913291318 -28.1020525401821075
-29.1129112911291088 -21.4710554465769548
-29.0929092909290858 -30.8824580514382596
-29.0729072907290629 -5.7269532445167428
-29.0529052905290541 -35.1214117066042348
-29.0329032903290312 -15.7798451796727139
-29.0129012901290082 -17.6983971550044146
-28.9928992899289852 13.5939449124523577
-28.9728972897289765 -32.3279540084932577
-28.9528952895289535 -73.1840061271457785
-28.9328932893289306 -37.4452169602127469
-28.9128912891289076 -43.7700932939037699
-28.8928892889288846 -18.9026423553081742
-28.8728872887288759 -31.3807906719894163
-28.8528852885288529 -21.0245640388375357
-28.8328832883288300 -49.9440453077078956
-28.8128812881288070 -16.9330604897546877
-28.7928792879287840 -17.5391458750496341
-28.7728772877287753 -38.2607559055855404
-28.7528752875287523 -43.2973818962362387
-28.7328732873287294 -76.0035624904225813
-28.7128712871287064 7.8140141494329889
-28.6928692869286834 -23.4647289546728857
-28.6728672867286747 -26.9693263272693997
-28.6528652865286517 -26.9991277173498005
-28.6328632863286288 -56.3092681306117981
-28.6128612861286058 -33.2244848641029904
-28.5928592859285828 -22.2665873039022557
-28.5728572857285741 -69.1172114579611474
-28.5528552855285511 -79.6599422369920376
-28.5328532853285282 -32.5251072160753125
-28.5128512851285052 -32.2712342844361402
-28.4928492849284964 -38.5407704880589179
-28.4728472847284735 -36.0314271242773287
-28.4528452845284505 -16.6610557233342078
-28.4328432843284276 -13.8337724658616583
-28.4128412841284046 -33.8495779669982113
-28.3928392839283958 -26.1109390253236171
-28.3728372837283729 -24.3564024854009276
-28.3528352835283499 -36.7659034332556018
-28.3328332833283270 -32.4746533892548968
-28.3128312831283040 -11.2245228779721238
-28.2928292829282952 -5.4770962962559508
-28.2728272827282723 -29.7288940876424306
-28.2528252825282493 -31.7724129758293934
-28.2328232823282264 -16.8689847016025212
-28.2128212821282034 -20.6033961273406057
-28.1928192819281946 -37.9725027317570323
-28.1728172817281717 -44.3940068016218419
-28.1528152815281487 -37.4712806880623219
-28.1328132813281258 -49.0644669320090543
-28.1128112811281028 15.2850683165201744
-28.0928092809280940 -30.7464550930982945
-28.0728072807280711 -30.2403944107788440
-28.0528052805280481 -67.2638694612887349
-28.0328032803280252 -54.1284622426304338
-28.0128012801280022 -26.5822649224284930
-27.9927992799279934 -45.9423872502210742
-27.9727972797279705 -41.0600425722996789
-27.9527952795279475 -48.9933864280871347
-27.9327932793279246 -30.2513410246256527
-27.9127912791279158 -37.0203343471871236
-27.8927892789278928 -36.9788107839030076
-27.8727872787278699 -23.9276480950669850
-27.8527852785278469 -12.1956595201601115
-27.8327832783278240 -24.9269907454478172
-27.8127812781278152 -19.8727707645905305
-27.7927792779277922 -14.8672403334858849
-27.7727772777277693 3.8526211370479260
-27.7527752775277463 -23.9930155061109858
-27.7327732773277233 -43.2692583717006585
-27.7127712771277146 -8.6817429285464485
-27.6927692769276916 -44.8713160371452204
-27.6727672767276687 -51.9698617821248305
-27.6527652765276457 -28.8743365171758128
-27.6327632763276227 -27.4265077269046849
-27.6127612761276140 -33.4591679156639827
-27.5927592759275910 -8.7778797480133086
-27.5727572757275681 -40.3274380271381219
-27.5527552755275451 -16.8846736743053825
-27.5327532753275221 1.8147143921521689
-27.5127512751275134 -42.3493571346384670
-27.4927492749274904 -20.0652731414218195
-27.4727472747274675 -43.4703741027327624
-27.4527452745274445 -51.3567634398315960
-27.4327432743274358 -3.8672484064137436
-27.4127412741274128 -45.5350070505332809
-27.3927392739273898 -12.3475013972616381
-27.3727372737273669 -2.5822359637783272
-27.3527352735273439 -25.8541063380467797
-27.3327332733273352 4.3435592652360597
-27.3127312731273122 -52.6599582893277187
-27.2927292729272892 -30.2610549747248569
-27.2727272727272663 -4.6415167747575268
-27.2527252725272433 -23.2678483199626989
-27.2327232723272346 23.5829191310591497
-27.2127212721272116 -4.6604163056863150
-27.1927192719271886 5.1943548380974605
-27.1727172717271657 -33.8433891366786170
-27.1527152715271427 -7.2793472858593589
-27.1327132713271340 -54.6646982465377960
-27.1127112711271110 -31.5692077333877847
-27.0927092709270880 -32.9482616530995855
-27.0727072707270651 -47.0782529895394362
-27.0527052705270421 -19.4592177402630533
-27.0327032703270334 -52.1670522212032068
-27.0127012701270104 -25.0781611094337116
-26.9926992699269874 -19.0342301311268329
-26.9726972697269645 -5.4578368736516971
-26.9526952695269557 3.2169745640862075
-26.9326932693269328 -25.9351263183259491
-26.9126912691269098 -43.6957517224425374
-26.8926892689268868 0.1643505410747927
-26.8726872687268639 -3.1177721634920950
-26.8526852685268551 -37.3045364207070449
-26.8326832683268321 -47.3198740229915131
-26.8126812681268092 -18.6815765280322204
-26.7926792679267862 -6.9045757742442078
-26.7726772677267633 9.1106751237522126
-26.7526752675267545 -19.7913634699580463
-26.7326732673267315 -45.3655258096104816
-26.7126712671267086 -19.7147501603142459
-26.6926692669266856 -22.7657332924802631
-26.6726672667266627 -25.7530563070830070
-26.6526652665266539 -31.3911808145723299
-26.6326632663266309 -38.2438876046340681
-26.6126612661266080 -31.3434388784139202
-26.5926592659265850 -14.7137758413572310
-26.5726572657265621 -13.6585885937304710
-26.5526552655265533 -44.2848031294802809
-26.5326532653265303 -20.3429890887308353
-26.5126512651265074 -20.5865991997345148
-26.4926492649264844 -15.9843021783202843
-26.4726472647264757 -75.1919944473136042
-26.4526452645264527 -21.1761076080357107
-26.4326432643264297 -8.8943357279224493
-26.4126412641264068 -34.0165913298689517
-26.3926392639263838 -21.5212561974802661
-26.3726372637263751 -27.0344079147133627
-26.3526352635263521 -16.4321134408088021
-26.3326332633263291 -7.4137622248172690
-26.3126312631263062 -21.6776798803410529
-26.2926292629262832 -21.9382841594227465
-26.2726272627262745 -28.5328621873909398
-26.2526252625262515 -60.1020463343414235
-26.2326232623262285 -34.4438445911313025
-26.2126212621262056 -39.5492549495286880
-26.1926192619261826 -33.3972829249707601
-26.1726172617261739 -58.2613564373775716
-26.1526152615261509 -10.7244537502635655
-26.1326132613261279 -28.3594586274905716
-26.1126112611261050 0.0230938977396917
-26.0926092609260820 8.6504218379268210
-26.0726072607260733 -41.0689666164714353
-26.0526052605260503 -13.6329321625314410
-26.0326032603260273 -34.5457880739329539
-26.0126012601260044 2.1668312264599976
-25.9925992599259956 -30.3963737375677567
-25.9725972597259727 -13.6852149469230913
-25.9525952595259497 -16.8863899058748608
-25.9325932593259267 -43.7490815236002959
-25.9125912591259038 -20.5146958706864027
-25.8925892589258950 -30.4944458455415059
-25.8725872587258721 -45.8070621442705033
-25.8525852585258491 -23.2108535480328939
-25.8325832583258261 -2.6328997945852812
-25.8125812581258032 6.7925278768044812
-25.7925792579257944 -24.8063907501272105
-25.7725772577257715 -47.8541685407301856
-25.7525752575257485 -3.8105319077991737
-25.7325732573257255 -22.5411085026551774
-25.7125712571257026 -40.0189422201952354
-25.6925692569256938 -44.2002768772330370
-25.6725672567256709 -17.3658253244217207
-25.6525652565256479 -49.2215857415692852
-25.6325632563256249 -44.8498955258981056
-25.6125612561256020 -29.8361588421889650
-25.5925592559255932 -18.5360188399783432
-25.5725572557255703 -26.9124727451345400
-25.5525552555255473 -18.2668641371543821
-25.5325532553255243 15.7247028296808509
-25.5125512551255156 27.6245088071684997
-25.4925492549254926 5.2498464829477989
-25.4725472547254697 -40.6462541589457018
-25.4525452545254467 -1.2204084658672869
-25.4325432543254237 -52.4230247250357806
-25.4125412541254150 -0.6499117222248145
-25.3925392539253920 7.1361515586959676
-25.3725372537253691 -3.6882529640584103
-25.3525352535253461 -6.2777034406875920
-25.3325332533253231 -1.0305196767295293
-25.3125312531253144 2.3299688129496658
-25.2925292529252914 19.7073755615204007
-25.2725272527252685 -13.8363494720617730
-25.2525252525252455 -31.5777254241269674
-25.2325232523252225 -66.4787126110852000
-25.2125212521252138 -24.8622376417861730
-25.1925192519251908 -42.1066403309494035
-25.1725172517251679 -24.0618011626967423
-25.1525152515251449 -20.9348867608746509
-25.1325132513251219 -51.5462833349725926
-25.1125112511251132 16.8234114534672976
-25.0925092509250902 -27.4972901660601536
-25.0725072507250673 -48.0282774479226546
-25.0525052505250443 -6.1527957353974774
-25.0325032503250355 27.9319307039654419
-25.0125012501250126 -22.9491157440343727
-24.9924992499249896 11.2243350603799215
-24.9724972497249667 -57.3640062547808895
-24.9524952495249437 -7.8851158774250152
-24.9324932493249349 -15.3544135736015619
-24.9124912491249120 -13.8140768476534817
-24.8924892489248890 -10.4332237561860737
-24.8724872487248660 10.3891903176833651
-24.8524852485248431 -24.8601977616607783
-24.8324832483248343 -7.6452995311225553
-24.8124812481248114 -27.4770484358066547
-24.7924792479247884 -14.1533280027297348
-24.7724772477247654 -50.4553538501551202
-24.7524752475247425 -7.0934823164607455
-24.7324732473247337 -23.1801214953835704
-24.7124712471247108 -12.2414648428279005
-24.6924692469246878 -11.2035848018602877
-24.6724672467246648 -18.1044275767005374
-24.6524652465246419 -26.3647008644176282
-24.6324632463246331 -24.8341239529175617
-24.6124612461246102 -26.2052353841666559
-24.5924592459245872 -6.7735856646728312
-24.5724572457245642 -24.4269238799839314
-24.5524552455245555 -52.4518997238860578
-24.5324532453245325 -43.4852413826971542
-24.5124512451245096 -39.4406826009462321
-24.4924492449244866 -17.9259113297761239
-24.4724472447244636 -16.0295231432520424
-24.4524452445244549 -32.8795115089748151
-24.4324432443244319 -21.5790977456610946
-24.4124412441244090 -41.8847705994023158
-24.3924392439243860 -8.2547692559174664
-24.3724372437243630 9.2993734216685979
-24.3524352435243543 -41.5101959839333290
-24.3324332433243313 -34.5280238343724335
-24.3124312431243084 -41.7555913150956712
-24.2924292429242854 -47.0554978821569847
-24.2724272427242624 -9.7852075557064939
-24.2524252425242537 -21.6122098367535536
-24.2324232423242307 -49.2754017480923636
-24.2124212421242078 -43.8676376262704792
-24.1924192419241848 -46.1659871444154675
-24.1724172417241618 -30.2353372077419884
-24.1524152415241531 5.1472714594776257
-24.1324132413241301 -2.1732411999616410
-24.1124112411241072 -3.9366323573944104
-24.0924092409240842 -29.1510242621321964
-24.0724072407240755 -21.7356689883317635
-24.0524052405240525 -16.6717827159054117
-24.0324032403240295 -16.2233394704001803
-24.0124012401240066 -49.6290562748602753
-23.9923992399239836 -10.6989075425790841
-23.9723972397239748 -33.8387664620396862
-23.9523952395239519 -1.6185546854963491
-23.9323932393239289 -19.9427781442413661
-23.9123912391239060 -14.9988107628425080
-23.8923892389238830 -12.9438289834718443
-23.8723872387238742 -8.2349133988136654
-23.8523852385238513 6.2278283032824184
-23.8323832383238283 -28.2441448371056936
-23.8123812381238054 -20.4738436103154910
-23.7923792379237824 -5.7010531990819722
-23.7723772377237736 5.8525159180512709
-23.7523752375237507 -41.4689489913925229
-23.7323732373237277 -25.2367421310501072
-23.7123712371237048 -5.3833726541710689
-23.6923692369236818 26.6077039165440077
-23.6723672367236730 -20.8543211693447823
-23.6523652365236501 -5.8167459235271011
-23.6323632363236271 1.9853973757401917
-23.6123612361236042 -20.5592808816721693
-23.5923592359235954 -11.5086505745433172
-23.5723572357235724 -10.2210840724285390
-23.5523552355235495 -37.2460547721570094
-23.5323532353235265 -10.8177289247611466
-23.5123512351235036 -10.8624161170244449
-23.4923492349234948 -13.5656350483042925
-23.4723472347234718 2.0840658297603021
-23.4523452345234489 -43.5058205084350789
-23.4323432343234259 -25.6822762487951408
-23.4123412341234030 -29.4995855895861858
-23.3923392339233942 -3.9496751781511268
-23.3723372337233712 -4.8407871379819518
-23.3523352335233483 -5.4381273163020989
-23.3323332333233253 -32.7847890436527933
-23.3123312331233024 -21.0095653257418675
-23.2923292329232936 -44.7229221848709670
-23.2723272327232706 -40.0820476061530400
-23.2523252325232477 -20.4361429307029816
-23.2323232323232247 21.5612365736006666
-23.2123212321232018 -23.4454931131611772
-23.1923192319231930 -0.7949858412775548
-23.1723172317231700 -39.7970723518107548
-23.1523152315231471 -18.3172706917990560
-23.1323132313231241 -28.2716453988995582
-23.1123112311231154 -49.7584043474357003
-23.0923092309230924 -46.0723850572168772
-23.0723072307230694 23.1867995715861532
-23.0523052305230465 -40.9425036171093737
-23.0323032303230235 1.8969616902839022
-23.0123012301230148 -11.2644652438455140
-22.9922992299229918 21.4957964743428462
-22.9722972297229688 -9.2129048699754925
-22.9522952295229459 13.5401434001273451
-22.9322932293229229 -52.0629976701152088
-22.9122912291229142 -2.4587482574916937
-22.8922892289228912 -29.2454210426807748
-22.8722872287228682 22.6132290526559707
-22.8522852285228453 -30.3607821458868585
-22.8322832283228223 -38.2487360829072927
-22.8122812281228136 -9.6507911358267080
-22.7922792279227906 -26.8248549408685406
-22.7722772277227676 10.0387825240551987
-22.7522752275227447 -58.8909645231628787
-22.7322732273227217 -63.2721333658408440
-22.7122712271227130 -10.1369081191241257
-22.6922692269226900 -25.0370961171957909
-22.6722672267226670 12.2798434854452960
-22.6522652265226441 -41.3908937441400866
-22.6322632263226353 -47.6998637926883120
-22.6122612261226124 -20.1057240236424875
-22.5922592259225894 -24.0469221796097870
-22.5722572257225664 -33.7469674575681395
-22.5522552255225435 -0.4767833759191848
-22.5322532253225347 16.7960149659051616
-22.5122512251225118 -44.1953679005932045
-22.4922492249224888 -8.3138103780014703
-22.4722472247224658 18.7176444341557549
-22.4522452245224429 -11.5026210933780781
-22.4322432243224341 -31.6057364593981305
-22.4122412241224112 -0.6817779548596707
-22.3922392239223882 5.5917379807010636
-22.3722372237223652 -40.3511684900373169
-22.3522352235223423 -12.1951235608266799
-22.3322332233223335 -15.4641129394659878
-22.3122312231223106 -31.3207213347081215
-22.2922292229222876 -11.4611314077527080
-22.2722272227222646 -21.4817977701645901
-22.2522252225222417 -37.7972894648231659
-22.2322232223222329 9.2209423551905765
-22.2122212221222100 -15.2638150645065807
-22.1922192219221870 4.2039974850045496
-22.1722172217221640 -27.5828180660371913
-22.1522152215221553 -41.0020486076131689
-22.1322132213221323 24.0026434960817241
-22.1122112211221094 -8.5453230515515770
-22.0922092209220864 -22.1000629205119878
-22.0722072207220634 -26.1076947040286313
-22.0522052205220547 -38.9176633737389039
-22.0322032203220317 -11.4037206404386886
-22.0122012201220087 -15.7789544383404348
-21.9921992199219858 -7.0376204954656352
-21.9721972197219628 -22.9601243896355101
-21.9521952195219541 5.3302265328667531
-21.9321932193219311 -43.1992150721327022
-21.9121912191219081 -14.2681402261097663
-21.8921892189218852 -4.3747485298472206
-21.8721872187218622 -35.8856650569972260
-21.8521852185218535 -7.9884429501552763
-21.8321832183218305 -18.7605377945734695
-21.8121812181218075 -24.9946810117864970
-21.7921792179217846 6.1815552906798370
-21.7721772177217616 -25.4934960562232966
-21.7521752175217529 -34.5812645676336317
-21.7321732173217299 -22.5621354944326526
-21.7121712171217069 -14.2721688490101197
-21.6921692169216840 -14.8823731346026698
-21.6721672167216752 -7.8453700991958373
-21.6521652165216523 22.2859591441298122
-21.6321632163216293 -46.5381774598242544
-21.6121612161216063 -12.4439388874706207
-21.5921592159215834 11.2073409038121188
-21.5721572157215746 -19.2748293095156953
-21.5521552155215517 -16.4059956937170881
-21.5321532153215287 -37.6158695936038185
-21.5121512151215057 -22.8394730963481791
-21.4921492149214828 -39.7189906880522585
-21.4721472147214740 -13.5898440271681924
-21.4521452145214511 -8.3863846241913258
-21.4321432143214281 -14.3892168904916478
-21.4121412141214051 1.7451758436303564
-21.3921392139213822 2.1756026689185077
-21.3721372137213734 -4.3970105947846738
-21.3521352135213505 -17.3794095783233367
-21.3321332133213275 -25.1465619626340811
-21.3121312131213045 -32.6769716795323220
-21.2921292129212816 15.5949284078576600
-21.2721272127212728 18.7008953740597512
-21.2521252125212499 -23.1380545866082308
-21.2321232123212269 -26.9523862265613872
-21.2121212121212039 -19.7644114098596688
-21.1921192119211952 -24.0339098907949307
-21.1721172117211722 -34.1960001997084078
-21.1521152115211493 14.2017989807801825
-21.1321132113211263 19.5087133495400167
-21.1121112111211033 0.2038444081772948
-21.0921092109210946 10.3154123507954445
-21.0721072107210716 -43.8418694115360097
-21.0521052105210487 -33.5200738844679762
-21.0321032103210257 -9.2152042173453879
-21.0121012101210027 -21.1199235000691345
-20.9920992099209940 -24.3083468824154458
-20.9720972097209710 -20.1579233795887163
-20.9520952095209481 -4.5186502979726280
-20.9320932093209251 -9.6929098184110867
-20.9120912091209021 -19.9488342518681705
-20.8920892089208934 -15.3207168398259945
-20.8720872087208704 -18.0282802467193015
-20.8520852085208475 -1.8812125677500244
-20.8320832083208245 4.5052814924321716
-20.8120812081208015 -13.8966658641708438
-20.7920792079207928 -60.6826991827495306
-20.7720772077207698 8.5773593319175312
-20.7520752075207469 -11.8873326016494083
-20.7320732073207239 7.3430212634730516
-20.7120712071207151 17.2100752239615886
-20.6920692069206922 -0.1324183969520636
-20.6720672067206692 -4.2492642595574583
-20.6520652065206463 11.3453842360328174
-20.6320632063206233 29.7378926594396020
-20.6120612061206145 -6.1277493203643356
-20.5920592059205916 -23.7414543976672192
-20.5720572057205686 -3.3456279730035714
-20.5520552055205457 -14.3284608442346340
-20.5320532053205227 -31.3228947852271205
-20.5120512051205139 -3.4032709851403498
-20.4920492049204910 -50.5347852865154294
-20.4720472047204680 2.3930587718812788
-20.4520452045204451 -47.2673252609156691
-20.4320432043204221 25.7837347279451592
-20.4120412041204133 8.6223992988569318
-20.3920392039203904 -1.7631405130120275
-20.3720372037203674 -36.7635808115905007
-20.3520352035203445 -2.7149357841553368
-20.3320332033203215 -9.0624064742128585
-20.3120312031203127 11.3419003552061959
-20.2920292029202898 42.2269977658223894
-20.2720272027202668 -28.1130857113747297
-20.2520252025202439 -23.6231238689997909
-20.2320232023202351 -12.2084900890685102
-20.2120212021202121 9.0897564900597665
-20.1920192019201892 13.0953339543607647
-20.1720172017201662 2.0041267167050432
-20.1520152015201433 -23.5065344632038347
-20.1320132013201345 -48.0259377262435905
-20.1120112011201115 -10.6379184310995711
-20.0920092009200886 -4.7872965687370428
-20.0720072007200656 -26.6118494256350147
-20.0520052005200426 -12.9531872691415337
-20.0320032003200339 -19.3185487464960062
-20.0120012001200109 14.4846225653623115
-19.9919991999199880 -34.5870086042776137
-19.9719971997199650 7.2710920862251918
-19.9519951995199420 8.0899395087623738
-19.9319931993199333 13.3968002138588336
-19.9119911991199103 -8.7785084781507514
-19.8919891989198874 -32.1987085294433157
-19.8719871987198644 -14.4636801816341674
-19.8519851985198414 -2.3778554585120686
-19.8319831983198327 -6.0346663805038725
-19.8119811981198097 1.5702361642688683
-19.7919791979197868 27.4027341140855043
-19.7719771977197638 -2.7663551681406258
-19.7519751975197551 -1.6266736834772759
-19.7319731973197321 -18.4711085388398573
-19.7119711971197091 -7.7254644359338025
-19.6919691969196862 24.7278620278637433
-19.6719671967196632 7.0790235946238953
-19.6519651965196545 -47.5059431862960366
-19.6319631963196315 -2.7694394420862478
-19.6119611961196085 -0.4746227802060456
-19.5919591959195856 18.6597841580810133
-19.5719571957195626 -3.9387205101157190
-19.5519551955195539 1.3133852208428474
-19.5319531953195309 1.8280103870418891
-19.5119511951195079 12.5840707668740741
-19.4919491949194850 17.8643873886768851
-19.4719471947194620 16.1500278561952229
-19.4519451945194533 -35.8361084655678113
-19.4319431943194303 -18.5755605573850886
-19.4119411941194073 33.8191327887123663
-19.3919391939193844 13.3174341300133481
-19.3719371937193614 19.9345670537383235
-19.3519351935193527 -37.1084376240698930
-19.3319331933193297 -14.6681338000935959
-19.3119311931193067 -9.9473077288208529
-19.2919291929192838 -2.0691728949638195
-19.2719271927192750 -8.4813191447873830
-19.2519251925192521 10.1939641849763731
-19.2319231923192291 -14.7122251800263726
-19.2119211921192061 -37.4682726573189200
-19.1919191919191832 16.1193883730611773
-19.1719171917191744 -1.1727949337050916
-19.1519151915191514 3.9975884959506871
-19.1319131913191285 -14.2095092101789362
-19.1119111911191055 16.8401523253447891
-19.0919091909190826 -14.7224384861553190
-19.0719071907190738 33.5674863740333649
-19.0519051905190508 23.0376693658129597
-19.0319031903190279 -2.1625247960785283
-19.0119011901190049 -10.6622073666522041
-18.9918991899189820 -19.4966532808908326
-18.9718971897189732 -28.1756788911377534
-18.9518951895189502 29.8100030218505481
-18.9318931893189273 -4.0496435451324277
-18.9118911891189043 -19.0259776579209259
-18.8918891889188814 39.2924765205871367
-18.8718871887188726 24.6728897603332165
-18.8518851885188496 6.4914418989586133
-18.8318831883188267 -20.0006620212147297
-18.8118811881188037 -9.2705482482980184
-18.7918791879187950 -11.8353470887307424
-18.7718771877187720 -16.6659036083387733
-18.7518751875187490 -20.9669421990642739
-18.7318731873187261 -1.4609232269317509
-18.7118711871187031 -32.9872769782976221
-18.6918691869186944 -7.7074872164487100
-18.6718671867186714 8.4474672072783843
-18.6518651865186484 8.9822089146699877
-18.6318631863186255 9.9981655224597006
-18.6118611861186025 -8.3353005939568909
-18.5918591859185938 -2.4144257865460750
-18.5718571857185708 -35.5187760816043223
-18.5518551855185478 -15.1212665087054425
-18.5318531853185249 3.2066760269679762
-18.5118511851185019 -17.8773480007915246
-18.4918491849184932 -0.2753843100352964
-18.4718471847184702 -3.5791652301592904
-18.4518451845184472 -8.8370371403576513
-18.4318431843184243 13.3749960506910917
-18.4118411841184013 -2.4401515897508221
-18.3918391839183926 -13.5126243009347675
-18.3718371837183696 -17.9231320189753092
-18.3518351835183466 12.3322098952303101
-18.3318331833183237 -2.4943750322163663
-18.3118311831183149 -23.0456417520768042
-18.2918291829182920 -37.6476128597410522
-18.2718271827182690 39.4107650941642405
-18.2518251825182460 34.8846245811235462
-18.2318231823182231 -35.5182689640952418
-18.2118211821182143 -14.3246842704957018
-18.1918191819181914 9.3847956539731747
-18.1718171817181684 2.2131692146530986
-18.1518151815181454 -22.6241265969828689
-18.1318131813181225 18.9819089244567110
-18.1118111811181137 -20.7639120251094980
-18.0918091809180908 21.8685473425597863
-18.0718071807180678 -6.0033920089338277
-18.0518051805180448 4.6173963196271828
-18.0318031803180219 5.0514371299792158
-18.0118011801180131 -25.2631435025499549
-17.9917991799179902 6.3255569016604909
-17.9717971797179672 -7.6412878659589207
-17.9517951795179442 -17.1422551482888679
-17.9317931793179213 -41.0373622321470961
-17.9117911791179125 -6.9865056645897772
-17.8917891789178896 -41.3823626173944916
-17.8717871787178666 6.9588045759553321
-17.8517851785178436 -1.2566000878371353
-17.8317831783178207 11.2267517055269028
-17.8117811781178119 29.3668900859050375
-17.7917791779177890 -15.0283965466141396
-17.7717771777177660 40.4230246057193341
-17.7517751775177430 -17.3949640513083494
-17.7317731773177343 -26.0520027877690268
-17.7117711771177113 26.0443235012167591
-17.6917691769176884 14.5691268394394378
-17.6717671767176654 -22.7995942135303302
-17.6517651765176424 -3.7913923631874762
-17.6317631763176337 -8.8978515682089956
-17.6117611761176107 -10.3469575291752314
-17.5917591759175878 0.1861199597405536
-17.5717571757175648 12.7200211908641982
-17.5517551755175418 15.2136878574115553
-17.5317531753175331 -17.9340727990643316
-17.5117511751175101 -7.4543647266087749
-17.4917491749174872 14.4979495081213532
-17.4717471747174642 -15.7004587316736952
-17.4517451745174412 3.2135959016159048
-17.4317431743174325 -35.7297022774365161
-17.4117411741174095 27.4231466167051323
-17.3917391739173866 18.3642187147586817
-17.3717371737173636 5.8355513913057928
-17.3517351735173406 3.6275542537854655
-17.3317331733173319 15.1632742153610156
-17.3117311731173089 5.3391215850641096
-17.2917291729172860 -10.1716836805242945
-17.2717271727172630 -7.3907311428811493
-17.2517251725172542 -4.1745969023231178
-17.2317231723172313 -4.0364872578767832
-17.2117211721172083 -12.7089153631277352
-17.1917191719171853 -0.8407277232874030
-17.1717171717171624 14.2590775001320047
-17.1517151715171536 15.0771017858719283
-17.1317131713171307 -3.6637809997053732
-17.1117111711171077 -8.2814059780723355
-17.0917091709170847 13.4790318913275318
-17.0717071707170618 22.5343681506118116
-17.0517051705170530 -28.4880350243755771
-17.0317031703170301 -12.7717959141480204
-17.0117011701170071 25.8609197079519149
-16.9916991699169841 -14.5950416606325337
-16.9716971697169612 -0.3842189234737756
-16.9516951695169524 -18.2083468319842154
-16.9316931693169295 -9.5643743207933927
-16.9116911691169065 -21.3670602302244887
-16.8916891689168835 -19.7213515577686636
-16.8716871687168606 -5.1741653559650080
-16.8516851685168518 14.2418604287780521
-16.8316831683168289 6.4455181125808414
-16.8116811681168059 -9.4980015204356327
-16.7916791679167829 2.8566733037203642
-16.7716771677167742 -1.7408004142756068
-16.7516751675167512 -13.8733863854205772
-16.7316731673167283 -34.4829360302774006
-16.7116711671167053 44.3244531765689587
-16.6916691669166823 31.9921539239456187
-16.6716671667166736 18.0758523633315136
-16.6516651665166506 21.5108625805740097
-16.6316631663166277 11.9609894382141011
-16.6116611661166047 11.0024905449750836
-16.5916591659165817 3.5515144521807174
-16.5716571657165730 -13.6955929071373870
-16.5516551655165500 -56.6137796576836365
-16.5316531653165271 -1.2030944082042803
-16.5116511651165041 16.4560677225389220
-16.4916491649164811 6.5338096781270600
-16.4716471647164724 -4.4249073921075865
-16.4516451645164494 20.1195309285726012
-16.4316431643164265 -6.9199496602675028
-16.4116411641164035 -9.1219431915661229
-16.3916391639163805 29.4001432646681984
-16.3716371637163718 -22.8567385320891638
-16.3516351635163488 12.8248608851916011
-16.3316331633163259 -14.9842998996737577
-16.3116311631163029 4.8157585997814643
-16.2916291629162941 5.5077263941087207
-16.2716271627162712 -8.3531316966141169
-16.2516251625162482 18.3742753503278529
-16.2316231623162253 5.4137798244269311
-16.2116211621162023 -29.8863282663371095
-16.1916191619161935 -34.5600161081848398
-16.1716171617161706 10.7265572443227626
-16.1516151615161476 30.4287756608587223
-16.1316131613161247 20.9424825286014311
-16.1116111611161017 18.4052431068907545
-16.0916091609160929 -18.0830809677323217
-16.0716071607160700 -5.7002000671692770
-16.0516051605160470 4.1780414509214072
-16.0316031603160241 19.7887452865391396
-16.0116011601160011 -18.8112895406842817
-15.9915991599159923 15.1676056166374078
-15.9715971597159694 -3.6518708036581828
-15.9515951595159464 13.3098513392486311
-15.9315931593159235 17.5598446011648868
-15.9115911591159005 3.9243994218218434
-15.8915891589158917 -2.2532429764465673
-15.8715871587158688 17.4576648626550615
-15.8515851585158458 -22.7843491910817235
-15.8315831583158229 -41.1357832467880584
-15.8115811581158141 18.1293687881608960
-15.7915791579157911 -30.9519657378862725
-15.7715771577157682 -0.6372334052887645
-15.7515751575157452 -18.7400763960722152
-15.7315731573157223 -10.4997205542931162
-15.7115711571157135 15.7287122339138019
-15.6915691569156905 9.6389098462729077
-15.6715671567156676 53.8102039749670453
-15.6515651565156446 -30.8039128763373569
-15.6315631563156217 -14.5265882257461936
-15.6115611561156129 -10.8249340232957003
-15.5915591559155899 9.3323755082484041
-15.5715571557155670 -4.0980885984548863
-15.5515551555155440 1.1075994801381963
-15.5315531553155211 -22.6018671588622979
-15.5115511551155123 9.9224156497052078
-15.4915491549154893 -26.7267149301190834
-15.4715471547154664 -0.9512888922298472
-15.4515451545154434 -16.6578565684024511
-15.4315431543154205 9.5315593927724525
-15.4115411541154117 9.8878224578952185
-15.3915391539153887 3.4217783486467130
-15.3715371537153658 -12.0574437184394654
-15.3515351535153428 32.5242751851342362
-15.3315331533153341 23.9309315649979837
-15.3115311531153111 -20.6465322055642773
-15.2915291529152881 21.8969637802854287
-15.2715271527152652 -11.2658515827593035
-15.2515251525152422 -22.7170761210598044
-15.2315231523152335 17.2921935062053933
-15.2115211521152105 33.2630167617118602
-15.1915191519151875 6.4803464329838123
-15.1715171517151646 2.0793876704146821
-15.1515151515151416 -5.9719438233119062
-15.1315131513151329 19.7484852561143498
-15.1115111511151099 -5.7585526415054593
-15.0915091509150869 61.5062669256196699
-15.0715071507150640 3.4104587409440881
-15.0515051505150410 0.5270735222632590
-15.0315031503150323 19.5876536264868903
-15.0115011501150093 7.0364783476652946
-14.9914991499149863 -2.9953467986313127
-14.9714971497149634 47.5361804897227884
-14.9514951495149404 4.7930837291110464
-14.9314931493149317 -20.1905105645889620
-14.9114911491149087 55.2729136969722461
-14.8914891489148857 2.5175407517133515
-14.8714871487148628 2.3582926827566641
-14.8514851485148540 14.1079290803649222
-14.8314831483148311 20.2943394853658674
-14.8114811481148081 -0.7897891642569075
-14.7914791479147851 12.7264128144410122
-14.7714771477147622 -1.0177355117443661
-14.7514751475147534 59.5171084589979813
-14.7314731473147305 -2.3737210059774849
-14.7114711471147075 -0.3189875537330238
-14.6914691469146845 14.8078308415799427
-14.6714671467146616 1.6747077335815037
-14.6514651465146528 -19.1676531063325690
-14.6314631463146299 15.5808873811494060
-14.6114611461146069 31.9518999902670373
-14.5914591459145839 19.7561686249869908
-14.5714571457145610 32.0948381285858702
-14.5514551455145522 -4.6363902900407457
-14.5314531453145293 -19.4454337201482303
-14.5114511451145063 -10.4976364482873556
-14.4914491449144833 10.1002433989450822
-14.4714471447144604 -17.6286449617523608
-14.4514451445144516 27.6141056232840683
-14.4314431443144287 -7.3935274616618090
-14.4114411441144057 8.7865083923635439
-14.3914391439143827 -9.4121367528931579
-14.3714371437143740 5.7104647156940489
-14.3514351435143510 2.5939682910360959
-14.3314331433143280 29.5823333257801266
-14.3114311431143051 -22.9417042359214847
-14.2914291429142821 6.7505131276852506
-14.2714271427142734 20.3460825163496715
-14.2514251425142504 -15.8487181414714264
-14.2314231423142274 39.9509808338190737
-14.2114211421142045 2.5605247353388911
-14.1914191419141815 9.3313634624344832
-14.1714171417141728 12.3868868988437804
-14.1514151415141498 8.3565415935043266
-14.1314131413141268 -23.0528414695525612
-14.1114111411141039 -16.8995660648000161
-14.0914091409140809 64.7661532214010833
-14.0714071407140722 5.7583216691708374
-14.0514051405140492 14.0728233884386178
-14.0314031403140262 29.8978021304497830
-14.0114011401140033 14.4363691486926200
-13.9913991399139803 24.9786118941962201
-13.9713971397139716 -9.6187442323639960
-13.9513951395139486 2.4776799405255128
-13.9313931393139256 -24.2962971521568392
-13.9113911391139027 -19.9478024808010872
-13.8913891389138939 2.6454569430589725
-13.8713871387138710 18.9822053268936379
-13.8513851385138480 12.5250421586799980
-13.8313831383138250 34.0525093414802740
-13.8113811381138021 4.3503044883611732
-13.7913791379137933 29.1800915024994829
-13.7713771377137704 7.6680463566068582
-13.7513751375137474 -19.7021952456055693
-13.7313731373137244 9.1034898030534723
-13.7113711371137015 33.1765686625843514
-13.6913691369136927 -1.4486318833060672
-13.6713671367136698 25.3723084778840970
-13.6513651365136468 14.0737479669508225
-13.6313631363136238 2.2285242232282423
-13.6113611361136009 12.0177716155357732
-13.5913591359135921 31.1727486297442695
-13.5713571357135692 11.6290288474537320
-13.5513551355135462 37.8966158336969130
-13.5313531353135232 18.3778190445902183
-13.5113511351135003 -0.5328297060848239
-13.4913491349134915 7.9281675545802948
-13.4713471347134686 16.8989237393975564
-13.4513451345134456 11.0087941505801794
-13.4313431343134226 35.2117527986974395
-13.4113411341134139 5.4281647928137264
-13.3913391339133909 33.5509299879793019
-13.3713371337133680 -16.4614706434382185
-13.3513351335133450 9.6614753170602512
-13.3313331333133220 22.4211151294209117
-13.3113311331133133 29.3204861912509784
-13.2913291329132903 15.0419231406132141
-13.2713271327132674 7.2060476384939136
-13.2513251325132444 5.1394285647832687
-13.2313231323132214 -9.3122763475054917
-13.2113211321132127 -13.1617957277355160
-13.1913191319131897 10.8047077073411764
-13.1713171317131668 76.5959778375454334
-13.1513151315131438 -5.5712716030354006
-13.1313131313131208 17.5610861728374736
-13.1113111311131121 42.6760124954402613
-13.0913091309130891 9.7490149270103093
-13.0713071307130662 -0.9203793835435068
-13.0513051305130432 29.9014567423834379
-13.0313031303130202 11.7616610219983801
-13.0113011301130115 19.0095265769895434
-12.9912991299129885 12.1642858400942906
-12.9712971297129656 1.2994174796652924
-12.9512951295129426 17.8233801510184264
-12.9312931293129338 35.5376494967431356
-12.9112911291129109 10.9014503785160883
-12.8912891289128879 -26.9436038863140155
-12.8712871287128650 11.8395681401704440
-12.8512851285128420 43.7157200463458580
-12.8312831283128332 16.1091512809053832
-12.8112811281128103 8.7668370750090201
-12.7912791279127873 42.5979725423300621
-12.7712771277127644 0.3444286464725401
-12.7512751275127414 2.4768896864638830
-12.7312731273127326 -9.5795170750564775
-12.7112711271127097 8.0219714891420786
-12.6912691269126867 11.3872398265130279
-12.6712671267126638 -20.8086660270041293
-12.6512651265126408 11.7492492269882245
-12.6312631263126320 18.8149386324265393
-12.6112611261126091 15.1851252168649626
-12.5912591259125861 -26.6197876957093698
-12.5712571257125632 -6.8266612368846964
-12.5512551255125402 75.9399893799548096
-12.5312531253125314 -6.2648540562254666
-12.5112511251125085 5.1632721729042386
-12.4912491249124855 13.9084941993352498
-12.4712471247124626 3.6798772545691829
-12.4512451245124538 53.1452098376563100
-12.4312431243124308 41.6357843790091025
-12.4112411241124079 26.8643395514970607
-12.3912391239123849 12.1597518814839098
-12.3712371237123619 26.1973360352727660
-12.3512351235123532 10.4025629366456993
-12.3312331233123302 37.8521720227514606
-12.3112311231123073 17.0582695909053221
-12.2912291229122843 -20.8355116471772988
-12.2712271227122613 5.5827350528975259
-12.2512251225122526 44.4492024353291910
-12.2312231223122296 -1.1191571860798337
-12.2112211221122067 14.0140344545012727
-12.1912191219121837 13.7225071932521807
-12.1712171217121607 -0.0409880461807557
-12.1512151215121520 46.7252278211301117
-12.1312131213121290 10.0215196407824223
-12.1112111211121061 35.1441807822074708
-12.0912091209120831 21.4220501640511429
-12.0712071207120601 44.9029288260150139
-12.0512051205120514 14.6381958370578946
-12.0312031203120284 15.9145473774431281
-12.0112011201120055 31.3602459968085547
-11.9911991199119825 14.0106902159053011
-11.9711971197119738 -11.9060176560965996
-11.9511951195119508 -32.6551356985085093
-11.9311931193119278 9.4235223509778532
-11.9111911191119049 -5.4005472055860153
-11.8911891189118819 45.7297062991642349
-11.8711871187118732 6.4569198537847718
-11.8511851185118502 37.9475956071392702
-11.8311831183118272 4.7066705376664881
-11.8111811181118043 30.0999025717455702
-11.7911791179117813 4.6865692153654308
-11.7711771177117726 39.4958942066005108
-11.7511751175117496 7.6782124600203510
-11.7311731173117266 44.7117662835678473
-11.7111711171117037 3.8776141653069924
-11.6911691169116807 20.4248864567192214
-11.6711671167116720 35.1690043267798131
-11.6511651165116490 8.0800683469907568
-11.6311631163116260 8.2984046041762660
-11.6111611161116031 42.1014447059869283
-11.5911591159115801 7.0308956517708960
-11.5711571157115714 42.7688646225893550
-11.5511551155115484 21.1946647931609036
-11.5311531153115254 33.1564072625285746
-11.5111511151115025 2.8792742320396378
-11.4911491149114937 42.6546812275474707
-11.4711471147114707 -0.2871169874779920
-11.4511451145114478 54.2554424695441355
-11.4311431143114248 -18.8112520482448282
-11.4111411141114019 16.8428247503796662
-11.3911391139113931 53.8621816676199785
-11.3711371137113701 28.3125183922181449
-11.3511351135113472 15.1725728549957104
-11.3311331133113242 20.4268591951080474
-11.3111311131113013 -23.7174494743194373
-11.2911291129112925 41.3278661550284880
-11.2711271127112695 18.4220286401445783
-11.2511251125112466 7.4405088426657020
-11.2311231123112236 -11.9723232905274095
-11.2111211121112007 23.1648097518721201
-11.1911191119111919 26.6512055864781985
-11.1711171117111689 3.5791699424817054
-11.1511151115111460 5.9593902337899429
-11.1311131113111230 2.4704364042427063
-11.1111111111111001 -9.3184036780913537
-11.0911091109110913 21.5774758061073371
-11.0711071107110683 0.1769157121832130
-11.0511051105110454 11.2908327187721316
-11.0311031103110224 -4.2312603597237164
-11.0111011101110137 15.7709020396152866
-10.9910991099109907 -1.1537245144043773
-10.9710971097109677 84.2026555663200611
-10.9510951095109448 31.0324840223359786
-10.9310931093109218 13.8318024146028566
-10.9110911091109131 1.7893222519373992
-10.8910891089108901 23.3228125811396936
-10.8710871087108671 12.4335984029863589
-10.8510851085108442 34.7665948369221525
-10.8310831083108212 64.7698103869536368
-10.8110811081108125 29.0631469536232032
-10.7910791079107895 1.7121520644668955
-10.7710771077107665 16.3398125242895738
-10.7510751075107436 28.0715466630700448
-10.7310731073107206 13.9901685141404890
-10.7110711071107119 47.8540588589527829
-10.6910691069106889 -0.9158657091661340
-10.6710671067106659 52.5231671488853777
-10.6510651065106430 41.9925607844789468
-10.6310631063106200 28.8260322613156887
-10.6110611061106113 -2.7845144917680216
-10.5910591059105883 0.6674772664621926
-10.5710571057105653 24.9416773854696814
-10.5510551055105424 5.4220775603049791
-10.5310531053105336 26.1236153880469537
-10.5110511051105107 -3.3814934931755154
-10.4910491049104877 25.9021078605301298
-10.4710471047104647 -3.6297954362099389
-10.4510451045104418 21.5687866702250730
-10.4310431043104330 28.8998606509602212
-10.4110411041104101 19.0866352635865937
-10.3910391039103871 23.3719301537408626
-10.3710371037103641 25.9081043498604267
-10.3510351035103412 14.7539966303650356
-10.3310331033103324 57.3099297151322418
-10.3110311031103095 21.9073361624794565
-10.2910291029102865 8.2895951714133407
-10.2710271027102635 49.3377988647464818
-10.2510251025102406 44.9561440408233608
-10.2310231023102318 55.1907966726759867
-10.2110211021102089 -20.6643374306285956
-10.1910191019101859 56.5728221768373203
-10.1710171017101629 7.2731650029953201
-10.1510151015101400 15.1392196450561087
-10.1310131013101312 23.0481037160146549
-10.1110111011101083 48.9863867954621597
-10.0910091009100853 25.2787199561677625
-10.0710071007100623 35.3386084197458814
-10.0510051005100536 25.1972637988544292
-10.0310031003100306 8.8722085245821365
-10.0110011001100077 31.5251669177474838
-9.9909990999099847 14.4876228383448122
-9.9709970997099617 -15.4570668193802163
-9.9509950995099530 -10.3520693677892979
-9.9309930993099300 10.1135748770554965
-9.9109910991099071 -25.4165597055091759
-9.8909890989098841 16.0836116479676861
-9.8709870987098611 33.6080051734436154
-9.8509850985098524 32.6367075696652122
-9.8309830983098294 30.4503307897422388
-9.8109810981098065 -4.5833736694845015
-9.7909790979097835 15.4478436216823347
-9.7709770977097605 11.0247504234645923
-9.7509750975097518 30.9155913517147027
-9.7309730973097288 11.6787878213332874
-9.7109710971097059 38.1476520241715207
-9.6909690969096829 27.6314668896529270
-9.6709670967096599 16.7210954280726014
-9.6509650965096512 8.9604546128849787
-9.6309630963096282 32.0787951994417853
-9.6109610961096053 1.8587571774123681
-9.5909590959095823 4.0187921301882064
-9.5709570957095735 50.5915365482285324
-9.5509550955095506 52.6607783568858707
-9.5309530953095276 22.2616952874478429
-9.5109510951095046 28.8039150239625954
-9.4909490949094817 17.7653483821784448
-9.4709470947094729 12.3540950981257200
-9.4509450945094500 31.0776038111025308
-9.4309430943094270 27.6592118164840279
-9.4109410941094040 23.3607234178465184
-9.3909390939093811 15.6207437129712314
-9.3709370937093723 46.0110825991351007
-9.3509350935093494 -18.2108847519519763
-9.3309330933093264 -10.8285678426112568
-9.3109310931093034 29.9190181841401639
-9.2909290929092805 4.7950607573857376
-9.2709270927092717 31.3069983244680117
-9.2509250925092488 -10.3965619465451269
-9.2309230923092258 -23.7380668979369176
-9.2109210921092028 13.8264958028057450
-9.1909190919091799 32.0065684705965268
-9.1709170917091711 17.1131732384302850
-9.1509150915091482 3.4106611686133270
-9.1309130913091252 30.9370626310318535
-9.1109110911091022 11.3871190824707913
-9.0909090909090935 52.4681762192828032
-9.0709070907090705 43.9336140500644348
-9.0509050905090476 14.8860941801876301
-9.0309030903090246 44.6222355802603090
-9.0109010901090016 47.7488935715776890
-8.9908990899089929 -2.9681416484099010
-8.9708970897089699 20.7105992974414619
-8.9508950895089470 22.5256828367809376
-8.9308930893089240 51.3453125572394597
-8.9108910891089010 17.7401689207801780
-8.8908890889088923 11.4629513053870440
-8.8708870887088693 24.9016258932000376
-8.8508850885088464 -14.3044917646739762
-8.8308830883088234 19.6279839394237889
-8.8108810881088004 30.9983668658484461
-8.7908790879087917 11.0207964192261780
-8.7708770877087687 1.0051639636978074
-8.7508750875087458 39.9013767109904762
-8.7308730873087228 31.1045386695987567
-8.7108710871086998 -12.1475004699375475
-8.6908690869086911 -8.6053323927004257
-8.6708670867086681 36.1208707636008342
-8.6508650865086452 -9.9658354774887385
-8.6308630863086222 47.1647264265344290
-8.6108610861086134 -4.1773804462880086
-8.5908590859085905 24.2568475879608343
-8.5708570857085675 31.7827826224371677
-8.5508550855085446 41.3374405342596418
-8.5308530853085216 10.5926493583498367
-8.5108510851085128 10.6815857640285259
-8.4908490849084899 4.5158392295890053
-8.4708470847084669 8.3617365505182235
-8.4508450845084440 31.5224802365360688
-8.4308430843084210 33.1406027185088092
-8.4108410841084122 56.7056282171737394
-8.3908390839083893 0.0919635482719450
-8.3708370837083663 25.6141465784158484
-8.3508350835083434 27.7020055919662731
-8.3308330833083204 60.0826118113827192
-8.3108310831083116 48.6258900210492726
-8.2908290829082887 64.5743204007077196
-8.2708270827082657 30.7485851069047946
-8.2508250825082428 35.7240017358284732
-8.2308230823082198 16.7040912282277922
-8.2108210821082110 11.6189256135146159
-8.1908190819081881 -14.1504094581375952
-8.1708170817081651 9.2508745981064049
-8.1508150815081422 8.7664304184404145
-8.1308130813081334 33.1436391171854297
-8.1108110811081104 36.9867409646510552
-8.0908090809080875 30.7529648213867759
-8.0708070807080645 7.8992320694228937
-8.0508050805080416 28.0808052134981914
-8.0308030803080328 18.7470766186465170
-8.0108010801080098 14.5528742748447382
-7.9907990799079869 24.0797955192383171
-7.9707970797079639 0.1908623666577398
-7.9507950795079410 54.1620085237847775
-7.9307930793079322 33.6116589591280857
-7.9107910791079092 7.2063309735125287
-7.8907890789078863 33.4555044411773608
-7.8707870787078633 51.7400260953953648
-7.8507850785078404 37.1372134874655586
-7.8307830783078316 29.5147295945792614
-7.8107810781078086 27.0765017904191652
-7.7907790779077857 55.4313351661631657
-7.7707770777077627 33.2769979276256223
-7.7507750775077398 73.0171371221417900
-7.7307730773077310 21.5653262322321346
-7.7107710771077080 -10.5294347134725896
-7.6907690769076851 12.9717136239354645
-7.6707670767076621 27.0393010975892842
-7.6507650765076392 19.7942040782504201
-7.6307630763076304 24.2819273653775909
-7.6107610761076074 36.6546431099431089
-7.5907590759075845 25.7782582393758020
-7.5707570757075615 24.2271419834079964
-7.5507550755075528 41.9796336159382690
-7.5307530753075298 19.4907288092498199
-7.5107510751075068 35.7590832627778568
-7.4907490749074839 13.1726753268902232
-7.4707470747074609 70.4630651028441264
-7.4507450745074522 31.5823838363345786
-7.4307430743074292 29.6362117884559666
-7.4107410741074062 55.1855863950801719
-7.3907390739073833 60.0220951320839902
-7.3707370737073603 57.7305679642697385
-7.3507350735073516 34.2542979564101486
-7.3307330733073286 -9.1703528266388901
-7.3107310731073056 25.6574677505085020
-7.2907290729072827 24.5910279664433311
-7.2707270727072597 13.0641274573694464
-7.2507250725072510 23.8555276664966485
-7.2307230723072280 47.4257022666645298
-7.2107210721072050 38.3305166806212156
-7.1907190719071821 42.1799423007252301
-7.1707170717071591 28.1505097432704758
-7.1507150715071504 -4.2034407261908875
-7.1307130713071274 24.3381679794899455
-7.1107110711071044 2.6380267742890560
-7.0907090709070815 34.9221780685024328
-7.0707070707070727 44.5190605836197122
-7.0507050705070498 44.0046350230102306
-7.0307030703070268 -0.8716554324005266
-7.0107010701070038 26.1325047212538308
-6.9906990699069809 54.6926268684381256
-6.9706970697069721 68.1713111418672497
-6.9506950695069492 15.8547880131671892
-6.9306930693069262 50.7152372253359545
-6.9106910691069032 5.6348885346047908
-6.8906890689068803 15.7050395112805941
-6.8706870687068715 37.4696900550656409
-6.8506850685068486 38.8229499768122608
-6.8306830683068256 21.1744595172170804
-6.8106810681068026 38.1770617833324764
-6.7906790679067797 16.1722366084194142
-6.7706770677067709 40.9167266467768371
-6.7506750675067480 38.1361669428749224
-6.7306730673067250 7.6179729008027408
-6.7106710671067020 35.0162354258184578
-6.6906690669066791 43.2591761793683034
-6.6706670667066703 -5.2909379961534775
-6.6506650665066473 23.1668166444592067
-6.6306630663066244 38.7201513611914763
-6.6106610661066014 33.7155577239612825
-6.5906590659065927 44.4945315148729250
-6.5706570657065697 12.8775972122995146
-6.5506550655065467 16.5515081582748316
-6.5306530653065238 33.8484595000260313
-6.5106510651065008 38.9240924548698288
-6.4906490649064921 8.1125570131043503
-6.4706470647064691 47.9677922370796779
-6.4506450645064461 42.7936931364090114
-6.4306430643064232 8.2365574511153703
-6.4106410641064002 14.3328668740907226
-6.3906390639063915 38.9830272294857920
-6.3706370637063685 0.4926112776036717
-6.3506350635063455 31.9228993214176597
-6.3306330633063226 41.0518216019044644
-6.3106310631062996 36.0755196594248275
-6.2906290629062909 -2.5810148200078302
-6.2706270627062679 32.1670478693736044
-6.2506250625062449 24.6287845874980462
-6.2306230623062220 30.7603781705321495
-6.2106210621061990 44.7752422648341764
-6.1906190619061903 -5.1668951743273119
-6.1706170617061673 27.9079338982366352
-6.1506150615061443 18.2038465518774402
-6.1306130613061214 25.3818674426735704
-6.1106110611061126 30.4272807877602496
-6.0906090609060897 26.4769195868809852
-6.0706070607060667 13.3138174800302842
-6.0506050605060437 53.5456467439727959
-6.0306030603060208 27.0382664023949353
-6.0106010601060120 40.8650032859230592
-5.9905990599059891 39.8167307788000002
-5.9705970597059661 28.9967172448893784
-5.9505950595059431 31.7668237708534065
-5.9305930593059202 -11.6594342543773308
-5.9105910591059114 6.8005213340999298
-5.8905890589058885 29.3732061694166759
-5.8705870587058655 59.0675445930152918
-5.8505850585058425 25.9921893055998012
-5.8305830583058196 30.0044387721131827
-5.8105810581058108 9.3192875284196717
-5.7905790579057879 19.3979231817525388
-5.7705770577057649 17.6391708797781668
-5.7505750575057419 45.4245430445207461
-5.7305730573057190 11.8266243110690468
-5.7105710571057102 63.0863882674477026
-5.6905690569056873 36.8401599769577643
-5.6705670567056643 46.9104140380172083
-5.6505650565056413 54.5395663648967002
-5.6305630563056326 38.8044648760960627
-5.6105610561056096 25.8194356853563853
-5.5905590559055867 41.5740598823432919
-5.5705570557055637 52.1271917224249464
-5.5505550555055407 0.5613228426754624
-5.5305530553055320 37.7480193935596731
-5.5105510551055090 -7.8864699206710895
-5.4905490549054861 17.4751547008382282
-5.4705470547054631 43.0123580474134641
-5.4505450545054401 53.6899151195536604
-5.4305430543054314 67.9700449436199250
-5.4105410541054084 9.2735102418136108
-5.3905390539053855 7.7061285590270430
-5.3705370537053625 45.9755639898871777
-5.3505350535053395 37.2516515130740018
-5.3305330533053308 66.3677958878055279
-5.3105310531053078 16.5137356940589655
-5.2905290529052849 12.2089590784212376
-5.2705270527052619 14.4928294683159233
-5.2505250525052389 52.4716013071486103
-5.2305230523052302 -1.4108729626734764
-5.2105210521052072 64.5633135240296951
-5.1905190519051843 19.6351552740657489
-5.1705170517051613 7.7324641101644112
-5.1505150515051525 -9.2618385474495248
-5.1305130513051296 53.5233460722221182
-5.1105110511051066 19.8363535521555505
-5.0905090509050837 8.9436755149041502
-5.0705070507050607 6.8453774663066618
-5.0505050505050519 56.6921068153253032
-5.0305030503050290 3.8671428102752259
-5.0105010501050060 45.0713503048635289
-4.9904990499049831 46.9725202564407667
-4.9704970497049601 29.4501240816700154
-4.9504950495049513 7.9077407938599293
-4.9304930493049284 15.9156388787504195
-4.9104910491049054 78.2750885012858078
-4.8904890489048825 20.6948399267217837
-4.8704870487048595 26.1605538478251098
-4.8504850485048507 34.4520794054697106
-4.8304830483048278 9.9230719341414222
-4.8104810481048048 21.3276136740912179
-4.7904790479047819 36.5248235538498278
-4.7704770477047589 73.6787471927514019
-4.7504750475047501 15.1371503882541560
-4.7304730473047272 22.3701674900225100
-4.7104710471047042 43.6912331567111636
-4.6904690469046812 -10.4493631548789061
-4.6704670467046725 33.8008019006059186
-4.6504650465046495 13.6017051166128908
-4.6304630463046266 24.9731007156013085
-4.6104610461046036 22.3987157213300421
-4.5904590459045806 9.2269927495338457
-4.5704570457045719 26.2695514083471977
-4.5504550455045489 5.1272558104377239
-4.5304530453045260 -4.8270957922573778
-4.5104510451045030 12.8598981876656921
-4.4904490449044800 51.8435327501900787
-4.4704470447044713 17.2061129053824189
-4.4504450445044483 72.5703014803646340
-4.4304430443044254 20.2655766340713441
-4.4104410441044024 37.9305591554476536
-4.3904390439043794 47.1822661749122645
-4.3704370437043707 14.9267865656074257
-4.3504350435043477 40.1281508833147811
-4.3304330433043248 51.0219904687096033
-4.3104310431043018 -15.3461500852977153
-4.2904290429042788 23.3816506176406733
-4.2704270427042701 49.7963406097713346
-4.2504250425042471 3.1371385910400384
-4.2304230423042242 34.9402121616970760
-4.2104210421042012 18.5510133227863818
-4.1904190419041925 6.6267846359068479
-4.1704170417041695 53.6718311535237689
-4.1504150415041465 29.7565752206347582
-4.1304130413041236 8.6437407035808675
-4.1104110411041006 0.3441602891761377
-4.0904090409040919 19.1265362944090107
-4.0704070407040689 43.8227186605971823
-4.0504050405040459 15.9972000705588187
-4.0304030403040230 32.3377594967114916
-4.0104010401040000 11.8174354464246676
-3.9903990399039913 56.8595879441992906
-3.9703970397039683 -2.1094879375115738
-3.9503950395039453 14.3731119258017799
-3.9303930393039224 41.2602895233508420
-3.9103910391038994 10.3587595404290269
-3.8903890389038907 32.6329582193428891
-3.8703870387038677 40.6023094903143118
-3.8503850385038447 22.0540608565938001
-3.8303830383038218 54.4111647701888543
-3.8103810381037988 26.1118914851245201
-3.7903790379037900 56.1429256584557166
-3.7703770377037671 19.9262039409999723
-3.7503750375037441 46.3008751639418321
-3.7303730373037212 33.3380487700751544
-3.7103710371037124 39.8294836289613841
-3.6903690369036894 18.6954950669521267
-3.6703670367036665 74.0613518411668110
-3.6503650365036435 11.3678945794865385
-3.6303630363036206 9.9027754619104584
-3.6103610361036118 34.9114771421954444
-3.5903590359035888 65.4345903255252921
-3.5703570357035659 8.3099075279601706
-3.5503550355035429 8.6422918740332122
-3.5303530353035200 30.8103143065347069
-3.5103510351035112 37.8603752570904746
-3.4903490349034882 22.7082633112583352
-3.4703470347034653 29.5410357924207183
-3.4503450345034423 42.8317345830252449
-3.4303430343034194 19.9496918962845022
-3.4103410341034106 24.0144210442682926
-3.3903390339033876 32.8698305108724966
-3.3703370337033647 10.8272638478515582
-3.3503350335033417 51.7367621978730767
-3.3303330333033188 34.6661116820794959
-3.3103310331033100 32.6288142031099326
-3.2903290329032870 27.3386845316325449
-3.2703270327032641 58.6701841329818450
-3.2503250325032411 9.7824644219168633
-3.2303230323032324 55.4965792703910807
-3.2103210321032094 5.3300489599232641
-3.1903190319031864 52.0189428481648619
-3.1703170317031635 49.1383342303275512
-3.1503150315031405 57.9545611774097864
-3.1303130313031318 25.1270303030167206
-3.1103110311031088 9.9798833349826417
-3.0903090309030858 34.6484148259965679
-3.0703070307030629 3.9101506343900816
-3.0503050305030399 42.9329686434970483
-3.0303030303030312 12.8301409917778528
-3.0103010301030082 16.7353926682582461
-2.9902990299029852 61.4718657414789647
-2.9702970297029623 10.7007307486938608
-2.9502950295029393 33.1107359337536735
-2.9302930293029306 28.1720757280454066
-2.9102910291029076 27.6480326651334423
-2.8902890289028846 42.7259528270281308
-2.8702870287028617 63.5836790888981653
-2.8502850285028387 11.4492100682798075
-2.8302830283028300 -32.2979888065703378
-2.8102810281028070 58.8233231862753456
-2.7902790279027840 28.5385388530060844
-2.7702770277027611 52.9234494846370751
-2.7502750275027523 11.5319743035199664
-2.7302730273027294 32.1638162704086810
-2.7102710271027064 4.1583393833226410
-2.6902690269026834 19.3017208165987526
-2.6702670267026605 30.7944656408958437
-2.6502650265026517 52.4157239032098019
-2.6302630263026288 34.2227613603859169
-2.6102610261026058 44.0051132904331439
-2.5902590259025828 42.3342184526840128
-2.5702570257025599 45.2193413506801676
-2.5502550255025511 54.4283694726069456
-2.5302530253025282 67.5766082153854626
-2.5102510251025052 27.6331892374112975
-2.4902490249024822 32.6575572777904810
-2.4702470247024593 84.4366015522609530
-2.4502450245024505 43.1925262193330894
-2.4302430243024276 51.7883558496540246
-2.4102410241024046 44.1981457601542260
-2.3902390239023816 59.8875093838671191
-2.3702370237023587 20.5252469651305063
-2.3502350235023499 33.5443083019456694
-2.3302330233023270 2.8527132171886365
-2.3102310231023040 45.3964330181963618
-2.2902290229022810 32.8179875676075454
-2.2702270227022723 42.4508209135659413
-2.2502250225022493 17.4826167205505705
-2.2302230223022264 27.0537434777769583
-2.2102210221022034 15.1322055007580332
-2.1902190219021804 67.3135624687503906
-2.1702170217021717 42.1471408658978390
-2.1502150215021487 15.5520373860907739
-2.1302130213021258 53.2621686378912713
-2.1102110211021028 35.6263640723441100
-2.0902090209020798 38.9432531914657147
-2.0702070207020711 38.4785707076022945
-2.0502050205020481 29.3202551819152326
-2.0302030203020252 16.5820251743287024
-2.0102010201020022 6.2560065007897236
-1.9901990199019792 26.3254055838162131
-1.9701970197019705 68.1382207276941472
-1.9501950195019475 38.2188321769665933
-1.9301930193019246 25.1500369687658711
-1.9101910191019016 54.5620846285574572
-1.8901890189018786 63.3220295682603478
-1.8701870187018699 27.6851397241584181
-1.8501850185018469 40.8648493212089861
-1.8301830183018239 37.3264802476282966
-1.8101810181018010 36.5333333762848156
-1.7901790179017922 53.9790295440887320
-1.7701770177017693 36.6316789754909067
-1.7501750175017463 32.8391329036479647
-1.7301730173017233 45.4606522366834582
-1.7101710171017004 33.2927619961570542
-1.6901690169016916 70.1738569315086380
-1.6701670167016687 43.2139654498328554
-1.6501650165016457 27.4897998532866765
-1.6301630163016227 33.4847886308897671
-1.6101610161015998 51.4882660424849661
-1.5901590159015910 32.5753830818352270
-1.5701570157015681 29.6485848512509449
-1.5501550155015451 35.3134229551282743
-1.5301530153015221 3.9001952815243506
-1.5101510151014992 24.3531487897353074
-1.4901490149014904 36.7076752294073145
-1.4701470147014675 35.7658418140937968
-1.4501450145014445 41.9575143263549037
-1.4301430143014215 56.2371835643845657
-1.4101410141013986 47.2552433823173459
-1.3901390139013898 28.3139988993894782
-1.3701370137013669 15.5610494540227720
-1.3501350135013439 24.6977553054664014
-1.3301330133013209 42.2217376261296877
-1.3101310131013122 38.6877564959693814
-1.2901290129012892 33.0835264954018697
-1.2701270127012663 78.0086767573151008
-1.2501250125012433 48.6113767064330347
-1.2301230123012203 30.2918589787896124
-1.2101210121012116 30.1933535910624080
-1.1901190119011886 53.5026027344479473
-1.1701170117011657 57.7056328557628007
-1.1501150115011427 42.0215599661749408
-1.1301130113011197 42.2731842076766782
-1.1101110111011110 28.7277566628483747
-1.0901090109010880 50.0119383112305798
-1.0701070107010651 54.9512401323585067
-1.0501050105010421 10.0855408284431078
-1.0301030103010191 52.5892139757303738
-1.0101010101010104 17.3421832954603055
-0.9900990099009874 61.1948974462563626
-0.9700970097009645 45.6470294409548814
-0.9500950095009415 13.7849429942655632
-0.9300930093009185 24.9907962912843082
-0.9100910091009098 34.4025803723607453
-0.8900890089008868 61.5655425367472660
-0.8700870087008639 53.0371575138814251
-0.8500850085008409 14.5465366746729927
-0.8300830083008321 16.3985329301458798
-0.8100810081008092 55.1373594436352903
-0.7900790079007862 32.1155503887829568
-0.7700770077007633 59.7969968705495987
-0.7500750075007403 15.1503831304399128
-0.7300730073007315 25.6417363364018911
-0.7100710071007086 9.1360835471304362
-0.6900690069006856 31.7574980351681475
-0.6700670067006627 31.1583092949835603
-0.6500650065006397 3.8605081856773538
-0.6300630063006309 42.5136478764714099
-0.6100610061006080 47.0992728717832279
-0.5900590059005850 53.4918070752545702
-0.5700570057005621 31.0288454848253323
-0.5500550055005391 38.3907533891404000
-0.5300530053005303 23.2002945703759735
-0.5100510051005074 5.0696401268872933
-0.4900490049004844 18.2499379748917931
-0.4700470047004615 -4.1961555809529898
-0.4500450045004385 50.9620825231929473
-0.4300430043004297 31.3516771080102004
-0.4100410041004068 26.9473164403564311
-0.3900390039003838 50.8835802325357420
-0.3700370037003609 53.5701320963358398
-0.3500350035003521 8.7127180628405227
-0.3300330033003291 41.7510788187892530
-0.3100310031003062 50.7096012617082579
-0.2900290029002832 32.6914930333705982
-0.2700270027002603 55.1059159057470964
-0.2500250025002515 48.1395707572063145
-0.2300230023002285 32.1019724897939440
-0.2100210021002056 40.2764167872401515
-0.1900190019001826 38.8680324524253962
-0.1700170017001597 24.7497212094435923
-0.1500150015001509 51.3097961205894251
-0.1300130013001279 18.2425298752417611
-0.1100110011001050 68.5625734201843784
-0.0900090009000820 25.0422897991578388
-0.0700070007000591 50.2827648673790009
-0.0500050005000503 42.9966504476347851
-0.0300030003000273 66.9885427963936877
-0.0100010001000044 37.6771877328239029
0.0100010001000186 28.6598786846443367
0.0300030003000415 17.8830007487213365
0.0500050005000503 7.2384135367206959
0.0700070007000733 25.7998470564813829
0.0900090009000962 35.9432083080703890
0.1100110011001192 21.1125810099247246
0.1300130013001279 63.3748421689223989
0.1500150015001509 29.6937306169701039
0.1700170017001739 89.0918202228687335
0.1900190019001968 16.3824313797595593
0.2100210021002198 28.3249960567368539
0.2300230023002285 48.0487066807389880
0.2500250025002515 44.1031241598633201
0.2700270027002745 13.9417804797001565
0.2900290029002974 51.3241009433224136
0.3100310031003204 45.0119285590065985
0.3300330033003291 51.8173634105757372
0.3500350035003521 33.6475010510768868
0.3700370037003751 8.0081908872358056
0.3900390039003980 -24.7508043712494867
0.4100410041004210 38.9950156173945999
0.4300430043004297 86.4685517933656200
0.4500450045004527 31.8146730803189328
0.4700470047004757 31.5177620381469765
0.4900490049004986 23.2711114407593129
0.5100510051005216 19.5477171896952129
0.5300530053005303 12.5377855788625610
0.5500550055005533 48.2055767331910587
0.5700570057005763 88.3287796828099516
0.5900590059005992 41.4794033713170052
0.6100610061006080 37.3543041689854434
0.6300630063006309 48.7589339830557265
0.6500650065006539 45.5765645212965467
0.6700670067006769 49.3359542981031041
0.6900690069006998 20.3377836101825658
0.7100710071007086 64.9283431274051708
0.7300730073007315 24.3883526219449998
0.7500750075007545 43.7767909331011609
0.7700770077007775 30.1565929106115433
0.7900790079008004 42.4940159393036581
0.8100810081008092 45.7868731748683473
0.8300830083008321 46.8638154139926755
0.8500850085008551 14.7124099338245991
0.8700870087008781 12.9847148447018164
0.8900890089009010 43.2634910356010778
0.9100910091009098 56.0903062571298108
0.9300930093009327 -1.6449207575807065
0.9500950095009557 25.7187987653745189
0.9700970097009787 2.8338485364078636
0.9900990099010016 25.7669658415315119
1.0101010101010104 39.9536551704219107
1.0301030103010334 4.7687097017967872
1.0501050105010563 19.9689554699153859
1.0701070107010793 46.0841450782299233
1.0901090109010880 32.3842575644373980
1.1101110111011110 54.0164195889255154
1.1301130113011340 12.9848722957322238
1.1501150115011569 34.1013040560040395
1.1701170117011799 62.9818617967057577
1.1901190119011886 41.5482810979484753
1.2101210121012116 41.3123038327515602
1.2301230123012346 29.7075911232290082
1.2501250125012575 30.2011135377381414
1.2701270127012805 43.0269072466309836
1.2901290129012892 57.6314006734912851
1.3101310131013122 78.5611496789171184
1.3301330133013352 45.3762570562577068
1.3501350135013581 32.9608667113803691
1.3701370137013811 52.7959703923938619
1.3901390139013898 50.7312782909697404
1.4101410141014128 60.5615350423351515
1.4301430143014358 42.8691763178681597
1.4501450145014587 41.9410542885754651
1.4701470147014817 62.2875518847746577
1.4901490149014904 25.8314307444517084
1.5101510151015134 34.5586865197136746
1.5301530153015364 38.0913688788499059
1.5501550155015593 50.1259979630106400
1.5701570157015681 52.4963504762818900
1.5901590159015910 75.2546351676079581
1.6101610161016140 19.7210674042110519
1.6301630163016370 45.1579625951023473
1.6501650165016599 34.6255195612834967
1.6701670167016687 37.0127425732365296
1.6901690169016916 44.3832482251761888
1.7101710171017146 23.5429322589810432
1.7301730173017376 32.2554494940087650
1.7501750175017605 50.2295470256535168
1.7701770177017693 79.0906506610181737
1.7901790179017922 20.3032961946701285
1.8101810181018152 14.9521675932170552
1.8301830183018382 6.8948234124878773
1.8501850185018611 21.9781326830883970
1.8701870187018699 45.5261343258518636
1.8901890189018928 58.5978222041476755
1.9101910191019158 35.2533867188340793
1.9301930193019388 40.1814875795404731
1.9501950195019617 23.5990422153286978
1.9701970197019705 18.5297143137913736
1.9901990199019934 67.0364571332195283
2.0102010201020164 25.6818643820079373
2.0302030203020394 51.5930735137100953
2.0502050205020481 25.8644890643481489
2.0702070207020711 1.5705914431106720
2.0902090209020940 29.9306165943818812
2.1102110211021170 24.6536944590463634
2.1302130213021400 20.4041016467570664
2.1502150215021487 31.8747463399590991
2.1702170217021717 18.9254382876604659
2.1902190219021946 50.9670230007819498
2.2102210221022176 6.1118764869343920
2.2302230223022406 35.9550132632773369
2.2502250225022493 27.8823416810488780
2.2702270227022723 44.2499543959610833
2.2902290229022952 2.8880137495080973
2.3102310231023182 46.9176739923860708
2.3302330233023412 17.3264671260348351
2.3502350235023499 -6.6109657071342269
2.3702370237023729 40.9998518385452044
2.3902390239023958 14.7060744998495636
2.4102410241024188 15.1194885700957720
2.4302430243024418 62.5089781513934497
2.4502450245024505 32.6545054827562566
2.4702470247024735 51.9122238722369289
2.4902490249024964 32.7483275066397681
2.5102510251025194 41.2533659552551413
2.5302530253025424 30.2936623359960286
2.5502550255025511 12.9541092523918380
2.5702570257025741 37.9012327755450045
2.5902590259025970 35.2788505359856259
2.6102610261026200 53.3924598912994099
2.6302630263026288 59.2742975126897989
2.6502650265026517 49.9619003045560106
2.6702670267026747 36.8235655134982167
2.6902690269026976 44.8718566425281793
2.7102710271027206 28.6682480918013063
2.7302730273027294 38.3813771291438783
2.7502750275027523 17.7964947744873179
2.7702770277027753 -1.6837284181090126
2.7902790279027982 38.4813387500762190
2.8102810281028212 36.7988951099650876
2.8302830283028300 60.8592239357848399
2.8502850285028529 43.0806215442500502
2.8702870287028759 3.5504321965873373
2.8902890289028988 37.3587670299767112
2.9102910291029218 40.9578274400814877
2.9302930293029306 32.1433701967748675
2.9502950295029535 70.0163456722364117
2.9702970297029765 33.5870603730573833
2.9902990299029995 25.4817660444621907
3.0103010301030224 29.0510836429731327
3.0303030303030312 42.4187941282684804
3.0503050305030541 61.6437267463449530
3.0703070307030771 47.2604751376015244
3.0903090309031001 21.8056920903485540
3.1103110311031088 82.1913823704638560
3.1303130313031318 36.5073235488110157
3.1503150315031547 71.8968454952070601
3.1703170317031777 37.2015278753558221
3.1903190319032007 8.8363068315142357
3.2103210321032094 54.2822230837804227
3.2303230323032324 9.1767573498812318
3.2503250325032553 40.9153579273726251
3.2703270327032783 23.5632072457832713
3.2903290329033013 34.3305721735295251
3.3103310331033100 59.1994808134595587
3.3303330333033330 -2.2246366990996549
3.3503350335033559 16.5467867227175702
3.3703370337033789 25.7063098241581507
3.3903390339034019 0.0088972300521846
3.4103410341034106 54.0480707329139207
3.4303430343034336 12.5957799348018540
3.4503450345034565 47.6757394517423592
3.4703470347034795 63.1284075402333755
3.4903490349035025 48.5037406739166244
3.5103510351035112 23.5581504801723085
3.5303530353035342 50.2570707716913105
3.5503550355035571 76.4140142085626053
3.5703570357035801 64.2261093547819257
3.5903590359035888 43.8673461000221607
3.6103610361036118 13.3624901343214937
3.6303630363036348 59.1837516118032312
3.6503650365036577 21.4406511241826294
3.6703670367036807 67.3903302318482389
3.6903690369036894 16.7188764049724874
3.7103710371037124 39.1409026906182973
3.7303730373037354 46.5925527821582435
3.7503750375037583 61.1121884890176830
3.7703770377037813 36.1194470551284041
3.7903790379037900 64.1349370965165662
3.8103810381038130 50.3037530287114905
3.8303830383038360 21.1979219725733259
3.8503850385038589 52.4179677598175644
3.8703870387038819 19.4662678062706043
3.8903890389038907 34.2911737328250084
3.9103910391039136 23.7693313683527236
3.9303930393039366 27.9027451750186231
3.9503950395039595 53.1047534823047442
3.9703970397039825 16.6504613241117596
3.9903990399039913 30.1451653179968702
4.0104010401040142 75.2529083381049304
4.0304030403040372 20.6682816577580049
4.0504050405040601 17.4630023053418952
4.0704070407040689 69.2492800585869190
4.0904090409040919 50.1053629815864596
4.1104110411041148 46.4048698027432707
4.1304130413041378 36.7238182715974233
4.1504150415041607 35.7187000966495845
4.1704170417041695 50.1586004043116702
4.1904190419041925 68.0315707336120710
4.2104210421042154 49.4825058011826826
4.2304230423042384 34.7096194591069462
4.2504250425042613 33.0184654715254737
4.2704270427042701 56.1270749504006972
4.2904290429042931 55.0618069866048145
4.3104310431043160 31.0405812829899155
4.3304330433043390 62.8992653023722994
4.3504350435043619 61.8656474703709307
4.3704370437043707 44.3481677519635724
4.3904390439043937 50.5880717307281245
4.4104410441044166 51.9935991909729367
4.4304430443044396 3.3025152532241790
4.4504450445044625 65.5697619467163264
4.4704470447044713 38.1900332770290376
4.4904490449044943 41.4296893014051761
4.5104510451045172 34.8655541239929931
4.5304530453045402 20.5030338090299402
4.5504550455045489 23.6407932652280977
4.5704570457045719 16.4019824571723341
4.5904590459045949 63.4797970004060659
4.6104610461046178 30.7920449822770976
4.6304630463046408 41.5194641954282844
4.6504650465046495 7.5126128489601101
4.6704670467046725 58.6094219119939055
4.6904690469046955 45.9841247841877134
4.7104710471047184 23.4986748483510723
4.7304730473047414 46.8460961182518787
4.7504750475047501 36.0568100266624398
4.7704770477047731 46.1539793862255294
4.7904790479047961 50.7662580888446797
4.8104810481048190 40.8453219086868557
4.8304830483048420 28.5456520889246654
4.8504850485048507 67.2417989681951127
4.8704870487048737 12.6200120693375872
4.8904890489048967 61.2692234210366280
4.9104910491049196 72.6709272067396626
4.9304930493049426 17.2258262996586637
4.9504950495049513 36.3937653859526264
4.9704970497049743 54.1822692741582159
4.9904990499049973 57.9878915545574074
5.0105010501050202 77.3346623028586606
5.0305030503050290 54.2064971572500696
5.0505050505050519 19.2256505695798339
5.0705070507050749 53.2402232158229936
5.0905090509050979 31.3904012479376284
5.1105110511051208 42.7077578059120881
5.1305130513051296 16.4165169338821748
5.1505150515051525 21.1270907883381476
5.1705170517051755 39.7874351039913989
5.1905190519051985 20.5259052440884346
5.2105210521052214 34.4204117099787652
5.2305230523052302 42.9554908661721981
5.2505250525052531 38.8961173739949544
5.2705270527052761 37.7089392308067630
5.2905290529052991 50.5520313009369602
5.3105310531053220 71.1430856007615517
5.3305330533053308 31.5211076536551928
5.3505350535053537 24.2810105267117322
5.3705370537053767 16.5794906734800307
5.3905390539053997 24.2013918323527299
5.4105410541054226 49.4338194758407639
5.4305430543054314 24.9854992604302097
5.4505450545054543 33.4670346120055697
5.4705470547054773 28.0872453559192330
5.4905490549055003 21.9375609559311222
5.5105510551055090 74.9408789281800409
5.5305530553055320 63.2493262620621266
5.5505550555055549 42.4575361021621447
5.5705570557055779 59.0929262541042561
5.5905590559056009 29.3954318152015759
5.6105610561056096 53.4627966133378578
5.6305630563056326 40.7991777182234898
5.6505650565056555 19.3144755582480947
5.6705670567056785 7.2500913409751924
5.6905690569057015 31.7270445686925626
5.7105710571057102 44.8477623628881616
5.7305730573057332 31.1176029406231081
5.7505750575057561 34.1772592392352337
5.7705770577057791 42.5613850767429440
5.7905790579058021 43.2125055679794983
5.8105810581058108 77.4093348669863985
5.8305830583058338 10.3959304918747399
5.8505850585058568 35.9586264122802390
5.8705870587058797 28.9180481852384261
5.8905890589059027 33.5855378675884921
5.9105910591059114 66.8943766271054443
5.9305930593059344 29.7998366092044762
5.9505950595059574 45.7244906385424557
5.9705970597059803 16.2608258105855406
5.9905990599059891 58.1218657843699020
6.0106010601060120 37.5058905615208502
6.0306030603060350 51.0141391950171652
6.0506050605060580 11.3138865057647493
6.0706070607060809 65.7295698108569155
6.0906090609060897 18.6601164376129525
6.1106110611061126 11.9896283684331841
6.1306130613061356 44.4820000564865410
6.1506150615061586 25.1402014128713027
6.1706170617061815 48.6060388513378925
6.1906190619061903 43.8378792282507206
6.2106210621062132 60.9610980788211094
6.2306230623062362 51.3529394532431454
6.2506250625062592 22.4395819291687104
6.2706270627062821 21.1651258140513576
6.2906290629062909 11.9819987238679886
6.3106310631063138 37.9554485070190353
6.3306330633063368 68.5673407951918392
6.3506350635063598 14.2217721857149222
6.3706370637063827 29.9647919394372124
6.3906390639063915 16.5859766746488653
6.4106410641064144 42.0942936742792497
6.4306430643064374 45.1059050467630556
6.4506450645064604 32.4623122528075712
6.4706470647064691 90.9593939046294793
6.4906490649064921 17.3119727811949069
6.5106510651065150 56.7360656983060210
6.5306530653065380 53.5428222654783568
6.5506550655065610 5.7136188427849959
6.5706570657065697 42.9879529044266704
6.5906590659065927 62.1411062845485844
6.6106610661066156 26.6541604632930600
6.6306630663066386 -3.4604655689263737
6.6506650665066616 48.0545489533116879
6.6706670667066703 31.1469700132146983
6.6906690669066933 40.9796985040481587
6.7106710671067162 -2.0350215203723820
6.7306730673067392 43.1020365693948548
6.7506750675067622 59.6167645398881660
6.7706770677067709 40.6274933596159968
6.7906790679067939 0.5968070448512890
6.8106810681068168 26.8092262094704239
6.8306830683068398 34.6539677712410850
6.8506850685068628 26.9372156838321430
6.8706870687068715 4.7546382536161040
6.8906890689068945 31.8545230834727988
6.9106910691069174 34.7562342150642394
6.9306930693069404 29.4251109355458027
6.9506950695069492 40.1412733621560989
6.9706970697069721 27.1338520020589797
6.9906990699069951 58.5521413384713583
7.0107010701070180 50.6819803917909510
7.0307030703070410 44.6194539561710926
7.0507050705070498 45.8929127024089354
7.0707070707070727 46.4838018151140346
7.0907090709070957 9.0765860850437150
7.1107110711071186 53.0937318543316650
7.1307130713071416 39.2278999467626051
7.1507150715071504 38.1767601325420713
7.1707170717071733 21.6261191907928172
7.1907190719071963 69.9841178784668898
7.2107210721072192 86.2261501238488961
7.2307230723072422 46.1262881436508536
7.2507250725072510 -10.1395985951886942
7.2707270727072739 45.2390695196286075
7.2907290729072969 18.1820636478769728
7.3107310731073198 16.3172785948613317
7.3307330733073428 16.3154950315133007
7.3507350735073516 41.4002882562142531
7.3707370737073745 45.7559346656566461
7.3907390739073975 24.9884939430809041
7.4107410741074204 21.7056425037519354
7.4307430743074292 17.6947115339160277
7.4507450745074522 29.0922624845931139
7.4707470747074751 40.0290705645440141
7.4907490749074981 -19.3321680776532432
7.5107510751075210 55.5123214601096038
7.5307530753075298 45.2251088277982092
7.5507550755075528 -18.9886116971639538
7.5707570757075757 55.3927034882420273
7.5907590759075987 14.1097414591194266
7.6107610761076216 76.8492429626482760
7.6307630763076304 26.5107950377508104
7.6507650765076534 27.5530574000231887
7.6707670767076763 32.4074368791449672
7.6907690769076993 -5.1520406805708205
7.7107710771077222 23.6843916743689533
7.7307730773077310 29.7677706608034001
7.7507750775077540 49.0437454102110379
7.7707770777077769 27.3832073873567197
7.7907790779077999 18.6802832935703051
7.8107810781078229 31.4983557247316277
7.8307830783078316 33.1931979465937772
7.8507850785078546 39.4408441498821745
7.8707870787078775 17.8229543830190380
7.8907890789079005 6.1481033708041686
7.9107910791079092 22.5532203515961491
7.9307930793079322 23.0576656172903824
7.9507950795079552 69.1351243008023459
7.9707970797079781 6.8943091211219567
7.9907990799080011 32.0857335642557899
8.0108010801080098 18.3384920205986575
8.0308030803080328 21.2438875468756763
8.0508050805080558 27.3562184548395706
8.0708070807080787 31.8032889210783338
8.0908090809081017 49.8338709301244336
8.1108110811081104 36.8236471089144857
8.1308130813081334 13.5654935531228347
8.1508150815081564 -1.2743880253766164
8.1708170817081793 47.1216453650512719
8.1908190819082023 6.7002350025386583
8.2108210821082110 33.6351968876391965
8.2308230823082340 33.5711619216841441
8.2508250825082570 26.5572397185480789
8.2708270827082799 24.4544254493696727
8.2908290829083029 23.9929882237272949
8.3108310831083116 16.3455633911288203
8.3308330833083346 30.2106247585372394
8.3508350835083576 22.7893383402791869
8.3708370837083805 37.7482418376927171
8.3908390839083893 32.2960212439577177
8.4108410841084122 14.9067797111373039
8.4308430843084352 2.2938083406708287
8.4508450845084582 42.4332909823567661
8.4708470847084811 49.8524132391083441
8.4908490849084899 0.6028877753437740
8.5108510851085128 39.3701034546106428
8.5308530853085358 16.0291973717090848
8.5508550855085588 3.9373465040444344
8.5708570857085817 2.7343894015435879
8.5908590859085905 42.0717838875854113
8.6108610861086134 45.8231830361157435
8.6308630863086364 59.5468282927133856
8.6508650865086594 63.9501004093142029
8.6708670867086823 35.8879661618493131
8.6908690869086911 39.2320415749946179
8.7108710871087141 32.6699521247564491
8.7308730873087370 26.9613129312452280
8.7508750875087600 35.0013007354002355
8.7708770877087829 -0.2206643671994826
8.7908790879087917 31.1778218085922738
8.8108810881088147 40.5042827350901504
8.8308830883088376 1.2037980467454616
8.8508850885088606 38.2120974338130424
8.8708870887088693 15.5111200254105555
8.8908890889088923 57.3967881610051336
8.9108910891089153 50.3871883351407206
8.9308930893089382 53.9578342415546217
8.9508950895089612 14.2433149211202412
8.9708970897089699 47.6056612411211972
8.9908990899089929 31.1261272903700963
9.0109010901090159 31.1955425094558656
9.0309030903090388 27.4713237486138837
9.0509050905090618 23.7234396443899591
9.0709070907090705 0.8312598851988895
9.0909090909090935 43.6596745930201777
9.1109110911091165 35.1590657753020963
9.1309130913091394 52.0086953476023695
9.1509150915091624 49.7054377052199925
9.1709170917091711 24.5892718583479244
9.1909190919091941 -2.1892150138299797
9.2109210921092171 68.4957579003419141
9.2309230923092400 11.3464736803355990
9.2509250925092630 33.2445709168419299
9.2709270927092717 33.2405217190652422
9.2909290929092947 17.0378688328647883
9.3109310931093177 45.2192884446045014
9.3309330933093406 28.3816213135598687
9.3509350935093494 55.8719875782134920
9.3709370937093723 15.8034345282893725
9.3909390939093953 41.4016200820846620
9.4109410941094183 71.9488638416972321
9.4309430943094412 45.0878680742097231
9.4509450945094500 19.6314203189505534
9.4709470947094729 67.4493359599953806
9.4909490949094959 13.2089248321692310
9.5109510951095189 64.5323993941521934
9.5309530953095418 45.9343367326709640
9.5509550955095506 44.9422930087642740
9.5709570957095735 7.0375159526209927
9.5909590959095965 -1.3000257189107742
9.6109610961096195 23.4473302281789806
9.6309630963096424 17.1705199142174436
9.6509650965096512 36.9158376242954489
9.6709670967096741 24.2327611366345081
9.6909690969096971 46.9693604981995136
9.7109710971097201 41.4869832585945915
9.7309730973097430 30.7584114402137843
9.7509750975097518 -12.4459475224073586
9.7709770977097747 56.2916144057051042
9.7909790979097977 13.3086756890816744
9.8109810981098207 14.2513535997820000
9.8309830983098294 59.1015976066763216
9.8509850985098524 73.9772845756282322
9.8709870987098753 53.4837107175694371
9.8909890989098983 21.1174529437109655
9.9109910991099213 29.0107626301119872
9.9309930993099300 4.8227204895051443
9.9509950995099530 28.8559107104056167
9.9709970997099759 14.1246553095431562
9.9909990999099989 35.6994614094615272
10.0110011001100219 20.7205923036727064
10.0310031003100306 30.7067634974158530
10.0510051005100536 9.5573070848454584
10.0710071007100765 5.1584682753644984
10.0910091009100995 3.9994963481754056
10.1110111011101225 67.5005179370683948
10.1310131013101312 1.9468743196357110
10.1510151015101542 35.7743130436506078
10.1710171017101771 -22.5343892877429219
10.1910191019102001 43.5658031467326765
10.2110211021102231 36.3420147994310270
10.2310231023102318 13.3000432741214105
10.2510251025102548 19.7369170142538195
10.2710271027102777 19.8445567142674335
10.2910291029103007 44.7491794337428885
10.3110311031103095 7.5896779509964674
10.3310331033103324 30.4383314228272575
10.3510351035103554 -2.6544534797716040
10.3710371037103783 35.2826725520920164
10.3910391039104013 72.6184892310071604
10.4110411041104101 38.3016572223370559
10.4310431043104330 -26.8057526679709355
10.4510451045104560 19.7240839142108157
10.4710471047104789 36.0237073346824062
10.4910491049105019 30.1585715449312666
10.5110511051105107 36.8614175453990569
10.5310531053105336 31.4127826431953068
10.5510551055105566 23.5378452935672051
10.5710571057105795 19.7313420118014946
10.5910591059106025 10.7436354256187911
10.6110611061106113 18.3536051427672646
10.6310631063106342 10.6783003870097133
10.6510651065106572 10.8906307447040369
10.6710671067106802 -21.4926431027491773
10.6910691069107031 15.6735573063616140
10.7110711071107119 49.8229501543022195
10.7310731073107348 32.3595440888938413
10.7510751075107578 15.7320811163362251
10.7710771077107808 5.8585634686820534
10.7910791079107895 54.5561731688007612
10.8110811081108125 23.5110476388229372
10.8310831083108354 8.5036802924895376
10.8510851085108584 58.6940212875601333
10.8710871087108814 6.5710279139570282
10.8910891089108901 15.2800198001328411
10.9110911091109131 -4.7743180205678897
10.9310931093109360 14.2646630937315102
10.9510951095109590 71.3933994997041310
10.9710971097109820 59.8706488996224664
10.9910991099109907 -3.6069881867479090
11.0111011101110137 57.6798531610672072
11.0311031103110366 21.6795638675595264
11.0511051105110596 20.0586501426793653
11.0711071107110826 6.8052842237485436
11.0911091109110913 5.1822361642638128
11.1111111111111143 64.1208848696657441
11.1311131113111372 38.8343614599878961
11.1511151115111602 33.4985880423144238
11.1711171117111832 47.8214117538021029
11.1911191119111919 4.3296725497820852
11.2111211121112149 21.0659436754395060
11.2311231123112378 65.0813323558505061
11.2511251125112608 26.8620879911893198
11.2711271127112695 26.4518033805848098
11.2911291129112925 36.7279249714462566
11.3111311131113155 -2.8549421888775903
11.3311331133113384 17.2450274594807667
11.3511351135113614 19.9389385737939264
11.3711371137113701 41.0099101866404965
11.3911391139113931 16.0538476061272988
11.4111411141114161 61.5701348827626305
11.4311431143114390 37.8999532117917894
11.4511451145114620 31.0407359275314398
11.4711471147114707 17.9683893921838305
11.4911491149114937 25.6866828703594692
11.5111511151115167 64.5707748239380237
11.5311531153115396 24.9284257441405686
11.5511551155115626 -28.0448708584623638
11.5711571157115714 2.7026165489069918
11.5911591159115943 21.6401815314158164
11.6111611161116173 22.8758649590200918
11.6311631163116402 47.1880826022445206
11.6511651165116632 -18.3204804041781770
11.6711671167116720 49.4976488932815073
11.6911691169116949 32.6670546419994565
11.7111711171117179 -8.9050222552691096
11.7311731173117408 13.8664891081992270
11.7511751175117496 -1.6158721047453533
11.7711771177117726 13.9185011561076752
11.7911791179117955 7.4219384616291109
11.8111811181118185 13.6521582978079401
11.8311831183118414 19.7524195737817791
11.8511851185118502 31.4168070611576304
11.8711871187118732 3.9554134183885630
11.8911891189118961 18.8325650613212296
11.9111911191119191 57.0829081783575134
11.9311931193119420 33.7322862860739505
11.9511951195119508 40.0156469954258398
11.9711971197119738 33.5157960182067285
11.9911991199119967 15.8643893020459537
12.0112011201120197 82.3556457241443525
12.0312031203120426 35.8269644028957188
12.0512051205120514 -5.6594338492279732
12.0712071207120744 0.2225324777649931
12.0912091209120973 40.3656816549697837
12.1112111211121203 55.3213244510919537
12.1312131213121432 11.9606602178146328
12.1512151215121520 27.8597133236063428
12.1712171217121750 21.5939237983194730
12.1912191219121979 21.6668183262110894
12.2112211221122209 11.4457526235284899
12.2312231223122296 2.9753473743936638
12.2512251225122526 36.7789432445206828
12.2712271227122756 34.8296733847334252
12.2912291229122985 15.4922017262620670
12.3112311231123215 4.6753062336309021
12.3312331233123302 53.2382276811037087
12.3512351235123532 44.2385482939891830
12.3712371237123762 37.6186657327902623
12.3912391239123991 19.6830071483316118
12.4112411241124221 26.8458604689933367
12.4312431243124308 38.4961387454623463
12.4512451245124538 29.7386082049918699
12.4712471247124768 44.4952946426143967
12.4912491249124997 -3.7110414170215833
12.5112511251125227 33.9517717489412547
12.5312531253125314 22.7276134834893497
12.5512551255125544 28.6005387822974697
12.5712571257125774 4.6781503172254304
12.5912591259126003 61.0056827704722622
12.6112611261126233 -10.2733895601058904
12.6312631263126320 17.6938468939888303
12.6512651265126550 48.6634544667374769
12.6712671267126780 7.0095495354692368
12.6912691269127009 35.9191324319519083
12.7112711271127239 28.1145689352223940
12.7312731273127326 56.5271643982303686
12.7512751275127556 32.0411307841527133
12.7712771277127786 17.7718758482670118
12.7912791279128015 33.7559683661563241
12.8112811281128103 55.7854587298890650
12.8312831283128332 57.5321913792730584
12.8512851285128562 25.8832936033633842
12.8712871287128792 11.6981173173444599
12.8912891289129021 24.6800936636425021
12.9112911291129109 52.5075672673965244
12.9312931293129338 25.1909482510794014
12.9512951295129568 26.9242446401686593
12.9712971297129798 37.6836410309614465
12.9912991299130027 -12.2099120144320032
13.0113011301130115 23.8212762494461110
13.0313031303130344 12.6183209210805938
13.0513051305130574 0.7357522382434958
13.0713071307130804 31.6412633718144960
13.0913091309131033 60.8653745978527212
13.1113111311131121 7.4553985342835034
13.1313131313131350 29.4715163457878759
13.1513151315131580 38.2413463961170166
13.1713171317131810 34.0158810600126031
13.1913191319132039 8.7626236923681748
13.2113211321132127 34.4225284492769461
13.2313231323132356 61.3717315558970142
13.2513251325132586 20.3794651801440381
13.2713271327132816 23.2430418326671990
13.2913291329132903 24.1934753141519998
13.3113311331133133 1.8241813295786393
13.3313331333133362 4.8170143454445089
13.3513351335133592 -1.9944339251632144
13.3713371337133822 4.4012577251075520
13.3913391339133909 39.0497157331714249
13.4113411341134139 26.1087462579664695
13.4313431343134368 28.9776127479330121
13.4513451345134598 38.9219341135859764
13.4713471347134828 42.9263942108559320
13.4913491349134915 0.1857930384412043
13.5113511351135145 8.7061879676495533
13.5313531353135375 65.1238352081028751
13.5513551355135604 24.4417749913888152
13.5713571357135834 38.2869201823845131
13.5913591359135921 38.1326787330093211
13.6113611361136151 18.3108660404330799
13.6313631363136381 35.4416366873982582
13.6513651365136610 26.5348362002659712
13.6713671367136840 -7.8668064133027009
13.6913691369136927 6.9217957536963706
13.7113711371137157 13.2141133111247449
13.7313731373137387 36.4096411876294184
13.7513751375137616 10.6813723671795024
13.7713771377137704 57.9662331800225132
13.7913791379137933 -4.2730250092167559
13.8113811381138163 36.0063963610749624
13.8313831383138393 6.3594550622952468
13.8513851385138622 29.7939881081272162
13.8713871387138710 21.7300039124541087
13.8913891389138939 -9.7491304157633962
13.9113911391139169 26.7130389147572807
13.9313931393139399 17.2276366011806630
13.9513951395139628 20.1180626515071701
13.9713971397139716 25.2128469513346758
13.9913991399139945 -2.3098027091949440
14.0114011401140175 23.1392236767516835
14.0314031403140405 31.3885935823231605
14.0514051405140634 -0.7761175492144936
14.0714071407140722 37.2684200712358944
14.0914091409140951 14.8129619697755004
14.1114111411141181 6.0348875549338779
14.1314131413141411 59.1290774398357399
14.1514151415141640 -16.5362174117076890
14.1714171417141728 -4.4603797519026216
14.1914191419141957 39.8204455200765750
14.2114211421142187 41.7729961999983885
14.2314231423142417 29.7535349868110472
14.2514251425142504 22.3206143016813989
14.2714271427142734 3.4476683287661274
14.2914291429142963 7.9863894458180109
14.3114311431143193 -18.7326858924492399
14.3314331433143423 28.2060314527166227
14.3514351435143510 19.2233549276157980
14.3714371437143740 47.5444441793393935
14.3914391439143969 34.8300133584662461
14.4114411441144199 26.6414524207324277
14.4314431443144429 10.4060068889862105
14.4514451445144516 -13.3666823734648794
14.4714471447144746 -11.8360620360606141
14.4914491449144975 22.5427437144476102
14.5114511451145205 -2.9352714836338940
14.5314531453145435 36.7673842865350764
14.5514551455145522 26.8862581340747937
14.5714571457145752 15.1003474955169672
14.5914591459145981 8.4179536469799778
14.6114611461146211 23.1013516949968398
14.6314631463146441 66.5423313880602905
14.6514651465146528 39.6880585939920607
14.6714671467146758 3.8347343550421478
14.6914691469146987 3.0886854232548870
14.7114711471147217 26.1008453456038119
14.7314731473147305 25.1470665009479504
14.7514751475147534 24.0048373532589565
14.7714771477147764 28.7402132576594980
14.7914791479147993 -20.0915556872722547
14.8114811481148223 36.0738308373454259
14.8314831483148311 18.7087733540716066
14.8514851485148540 47.5152490966707930
14.8714871487148770 49.7020691128958134
14.8914891489148999 -9.5233016880741808
14.9114911491149229 22.3512300831675077
14.9314931493149317 17.2973161731597536
14.9514951495149546 45.7502041417191379
14.9714971497149776 9.9942550893570079
14.9914991499150005 -1.0281676298065570
15.0115011501150235 -13.8487908623251208
15.0315031503150323 37.3106097983230924
15.0515051505150552 -7.9519461293445133
15.0715071507150782 5.0023567443920811
15.0915091509151011 6.4949229520737681
15.1115111511151241 23.7374861432022435
15.1315131513151329 30.3558730626029352
15.1515151515151558 16.9701700004666947
15.1715171517151788 19.8004976976160556
15.1915191519152017 48.5423079464782745
15.2115211521152105 39.2102753016194185
15.2315231523152335 -12.3844653153048849
15.2515251525152564 14.1872581092830590
15.2715271527152794 6.8722739867781097
15.2915291529153023 4.6597598732074470
15.3115311531153111 -18.3273230589496059
15.3315331533153341 24.1825965360031887
15.3515351535153570 -7.2098286833257177
15.3715371537153800 11.9754662976797555
15.3915391539154029 56.2680618821345462
15.4115411541154117 38.3183660067384650
15.4315431543154347 -15.9625686140118699
15.4515451545154576 11.2312515773837553
15.4715471547154806 32.7015030902600117
15.4915491549155036 30.7165387598997555
15.5115511551155123 -9.6576378966701846
15.5315531553155353 -6.7475677468513187
15.5515551555155582 10.7876047599279037
15.5715571557155812 -10.5497349193317191
15.5915591559156042 13.5901677251333073
15.6115611561156129 21.9339766457903238
15.6315631563156359 29.2847522040378792
15.6515651565156588 7.8233948833836822
15.6715671567156818 3.5819137199630138
15.6915691569156905 17.0950319273978586
15.7115711571157135 52.5365740327218731
15.7315731573157365 32.5609958785356710
15.7515751575157594 -10.5631806013799192
15.7715771577157824 11.6989517746072256
15.7915791579157911 4.8591470140199089
15.8115811581158141 20.6688847848566866
15.8315831583158371 13.7141799486255298
15.8515851585158600 40.3585447724309745
15.8715871587158830 49.7240917672800435
15.8915891589158917 41.1704427402417394
15.9115911591159147 29.5348304226507707
15.9315931593159377 -21.6453131665833887
15.9515951595159606 0.6650700097377502
15.9715971597159836 29.3930810351359497
15.9915991599159923 -10.7484916107368811
16.0116011601160153 -13.4081490159277941
16.0316031603160383 14.7843067354178608
16.0516051605160612 4.1149788923620090
16.0716071607160842 19.9906360556217102
16.0916091609160929 38.2211469917247157
16.1116111611161159 -21.0352874090830539
16.1316131613161389 -11.8863239079153953
16.1516151615161618 -10.5692121561197609
16.1716171617161706 27.2218203099953762
16.1916191619161935 33.1782549927921764
16.2116211621162165 17.1024588329792948
16.2316231623162395 19.4187999088827468
16.2516251625162624 42.2766378411841259
16.2716271627162712 34.9351023753295138
16.2916291629162941 16.5302715987432407
16.3116311631163171 31.7810190934608272
16.3316331633163401 6.6716093927445597
16.3516351635163630 10.9126220775741221
16.3716371637163718 9.0019822504082505
16.3916391639163948 37.6536298879468774
16.4116411641164177 -15.3892880141097788
16.4316431643164407 -35.9691858942213258
16.4516451645164636 25.4513009573032889
16.4716471647164724 -0.7021258374904971
16.4916491649164954 -3.5527391731030349
16.5116511651165183 17.2499297846153539
16.5316531653165413 10.3903199640212005
16.5516551655165642 8.0614670973122919
16.5716571657165730 5.5037499280167816
16.5916591659165960 -6.1152485264480827
16.6116611661166189 11.1029432523678775
16.6316631663166419 -0.6257789526577060
16.6516651665166506 0.3590901303936711
16.6716671667166736 40.2794509123056486
16.6916691669166966 12.3515894976065947
16.7116711671167195 48.9656342097980541
16.7316731673167425 27.5858820878903472
16.7516751675167512 -13.4130727681366775
16.7716771677167742 19.7093321286526866
16.7916791679167972 21.5874729748603968
16.8116811681168201 -17.0299348204341570
16.8316831683168431 -15.0335684439994459
16.8516851685168518 -20.1496608495164047
16.8716871687168748 15.1991549130277335
16.8916891689168978 5.7004107003795896
16.9116911691169207 18.3622573271929603
16.9316931693169437 8.2604777896676218
16.9516951695169524 25.8827371478256936
16.9716971697169754 11.9083958675225769
16.9916991699169984 21.4773610215351312
17.0117011701170213 12.2085032328679031
17.0317031703170443 13.9334719161600553
17.0517051705170530 40.4935161882684795
17.0717071707170760 2.3761464637800884
17.0917091709170990 -13.0514047278026588
17.1117111711171219 -34.0370227737815512
17.1317131713171307 -0.4009739796002982
17.1517151715171536 27.0859158180042776
17.1717171717171766 3.2871941957783184
17.1917191719171996 14.4494509118243784
17.2117211721172225 11.7744126264951721
17.2317231723172313 -38.8294889486878319
17.2517251725172542 13.0759410305399442
17.2717271727172772 11.3290770633545694
17.2917291729173002 -3.0092456215864587
17.3117311731173231 -7.6242776025096743
17.3317331733173319 -23.4672764423204683
17.3517351735173548 12.9170906221576267
17.3717371737173778 13.8076499487774527
17.3917391739174008 -14.0496114286824341
17.4117411741174237 -16.5664535385397294
17.4317431743174325 -0.9017967273736263
17.4517451745174554 -13.3274054732579259
17.4717471747174784 26.7911926342371913
17.4917491749175014 -5.5300057026998184
17.5117511751175243 -0.9438256544217065
17.5317531753175331 -9.6081216071100961
17.5517551755175560 20.5832641507487324
17.5717571757175790 7.2540294969536365
17.5917591759176020 17.8955786496960663
17.6117611761176107 -0.3934588268719610
17.6317631763176337 29.3616902466639189
17.6517651765176566 14.6741813522073343
17.6717671767176796 25.1109386950604083
17.6917691769177026 13.3800177496828141
17.7117711771177113 39.1795483775251157
17.7317731773177343 16.6193255956258703
17.7517751775177572 -42.8025131087354893
17.7717771777177802 -9.9722461996613418
17.7917791779178032 32.9187457125511926
17.8117811781178119 11.2030670487898387
17.8317831783178349 -6.8526084304475461
17.8517851785178578 5.9168204468049979
17.8717871787178808 16.2186542190790917
17.8917891789179038 -20.8740131131715643
17.9117911791179125 -15.7571662345553420
17.9317931793179355 -4.1722692528234395
17.9517951795179584 -12.6294110071231813
17.9717971797179814 10.6656099409356742
17.9917991799180044 -21.2820097940158703
18.0118011801180131 12.5291630693334231
18.0318031803180361 11.2160854529058831
18.0518051805180590 -0.8628723255760864
18.0718071807180820 17.3731098181819874
18.0918091809180908 9.0822396797471718
18.1118111811181137 -5.8522245493873095
18.1318131813181367 -10.8971613520766084
18.1518151815181596 3.6244987860510238
18.1718171817181826 10.3559573959443085
18.1918191819181914 4.9865446791499588
18.2118211821182143 3.8189215963091723
18.2318231823182373 8.3663031797471383
18.2518251825182602 15.8405525283651158
18.2718271827182832 19.3379497286959463
18.2918291829182920 -2.5810885500341612
18.3118311831183149 39.7799991455189073
18.3318331833183379 -18.3423449541103523
18.3518351835183609 10.1997684852809414
18.3718371837183838 -11.9650170779015763
18.3918391839183926 14.4870555957528211
18.4118411841184155 -3.6580620970216868
18.4318431843184385 13.7967061777419406
18.4518451845184615 -1.9012409860586676
18.4718471847184844 -40.4964712343708939
18.4918491849184932 -4.4656976594673221
18.5118511851185161 -7.0283540624726069
18.5318531853185391 -13.1050442124911868
18.5518551855185621 14.1604933373490134
18.5718571857185708 18.5964029125008210
18.5918591859185938 -5.0100370679038750
18.6118611861186167 2.9499187230691444
18.6318631863186397 -34.1919946324252635
18.6518651865186627 21.4179988034576496
18.6718671867186714 9.1232142929301023
18.6918691869186944 23.8643319867971755
18.7118711871187173 4.9436836880380639
18.7318731873187403 -1.7456314939696580
18.7518751875187633 18.1494090913264046
18.7718771877187720 12.5544383980653897
18.7918791879187950 1.0949923938667248
18.8118811881188179 25.1370805265467965
18.8318831883188409 -15.5836224562090226
18.8518851885188639 6.1282091724101724
18.8718871887188726 1.8190024562712419
18.8918891889188956 -26.7124181759141521
18.9118911891189185 -16.3373791569765068
18.9318931893189415 12.1859942422435257
18.9518951895189645 -0.4566951167228109
18.9718971897189732 26.4375978771962608
18.9918991899189962 0.9970212163282142
19.0119011901190191 6.6793487136342184
19.0319031903190421 -9.6934808508299550
19.0519051905190508 -12.8716102637486589
19.0719071907190738 29.5062186947984166
19.0919091909190968 29.9581808013129027
19.1119111911191197 10.9199913553638552
19.1319131913191427 -4.9708430599597984
19.1519151915191514 9.0618319182825982
19.1719171917191744 -10.5392833557599097
19.1919191919191974 -26.6041100391451941
19.2119211921192203 -5.4605014474011400
19.2319231923192433 -11.5554290885686672
19.2519251925192521 18.9967473208932596
19.2719271927192750 21.2367734270578552
19.2919291929192980 48.8987650117745858
19.3119311931193209 29.5305775109860420
19.3319331933193439 31.8883107948958404
19.3519351935193527 -8.5945055340301373
19.3719371937193756 29.4968627497385398
19.3919391939193986 -21.8104844710703425
19.4119411941194215 24.8352723228251122
19.4319431943194445 14.0043967639249534
19.4519451945194533 27.7933208381973600
19.4719471947194762 13.8938403289537593
19.4919491949194992 -35.0789664951643374
19.5119511951195221 -1.6078626723438982
19.5319531953195309 -5.0750351607223205
19.5519551955195539 12.0152425963668197
19.5719571957195768 -13.2150201964071137
19.5919591959195998 2.8255369514399806
19.6119611961196227 -11.9109583364686067
19.6319631963196315 0.7875464309005651
19.6519651965196545 2.7868541040276971
19.6719671967196774 -16.5102918339171190
19.6919691969197004 -0.8030864430512215
19.7119711971197233 44.8233470829056699
19.7319731973197321 -8.3552974520893208
19.7519751975197551 -33.8964615694046216
19.7719771977197780 -0.6357676851401779
19.7919791979198010 25.1607250996726002
19.8119811981198239 -39.0319148783380356
19.8319831983198327 -6.0983031774201528
19.8519851985198557 -13.5478051445897894
19.8719871987198786 -16.1310395237556641
19.8919891989199016 4.5195546685587438
19.9119911991199245 6.8363246998756999
19.9319931993199333 21.1595084468347245
19.9519951995199563 32.7166119353421152
19.9719971997199792 -1.8731356199947029
19.9919991999200022 -22.3808253868177971
20.0120012001200109 -18.2801669120828123
20.0320032003200339 -15.7890001983247465
20.0520052005200569 1.4682586074418413
20.0720072007200798 -18.4881394958622529
20.0920092009201028 13.5238650351944685
20.1120112011201115 -31.3380734500179194
20.1320132013201345 -2.7203680680794191
20.1520152015201575 15.4944108458215801
20.1720172017201804 9.1987344382615976
20.1920192019202034 -22.2821042055919740
20.2120212021202121 -21.4077710634104257
20.2320232023202351 -27.2234452278848735
20.2520252025202581 -6.3065816196322642
20.2720272027202810 -33.1247274340214091
20.2920292029203040 -25.1477286556298161
20.3120312031203127 -17.1988159873747648
20.3320332033203357 -5.0049780050015080
20.3520352035203587 22.3880443068210653
20.3720372037203816 -11.9682562710944662
20.3920392039204046 -23.0300677603009518
20.4120412041204133 10.4321447030079835
20.4320432043204363 -12.2812256836631324
20.4520452045204593 -7.5652045740142704
20.4720472047204822 -22.8853754710273130
20.4920492049204910 -1.3538657931481062
20.5120512051205139 -11.9592459001912594
20.5320532053205369 -39.7278960028912138
20.5520552055205599 -33.5984559852501903
20.5720572057205828 -5.4914366146620566
20.5920592059205916 -43.2005850051800593
20.6120612061206145 -22.6225237167320934
20.6320632063206375 -20.4380960503265285
20.6520652065206605 -7.2696484834769635
20.6720672067206834 -17.9796963369020659
20.6920692069206922 -29.7985581453722830
20.7120712071207151 -14.2792215090967325
20.7320732073207381 -9.7019665293856221
20.7520752075207611 -19.2406823884336724
20.7720772077207840 15.2763903908623160
20.7920792079207928 11.6295770174786135
20.8120812081208157 11.2263414469594451
20.8320832083208387 0.5697996424680740
20.8520852085208617 -19.5581788589453787
20.8720872087208846 -22.8537107558561772
20.8920892089208934 -8.3909713281917142
20.9120912091209163 30.2623663992396850
20.9320932093209393 -33.5072689617593014
20.9520952095209623 22.7910845564387152
20.9720972097209710 -3.8547593947466821
20.9920992099209940 -17.3275055195176115
21.0121012101210169 -33.2593022960632823
21.0321032103210399 -0.0929521752314617
21.0521052105210629 -29.6983418879499546
21.0721072107210716 -18.2983559156753337
21.0921092109210946 -22.8605305588868646
21.1121112111211175 20.1106562248295440
21.1321132113211405 -14.5289393060710115
21.1521152115211635 13.0394002079431246
21.1721172117211722 -6.1706582787750701
21.1921192119211952 -52.2704727073583513
21.2121212121212182 0.6285867931233842
21.2321232123212411 -15.8749829794047486
21.2521252125212641 24.6340565319112343
21.2721272127212728 8.0124423961005977
21.2921292129212958 -26.2483296031655975
21.3121312131213188 -2.9361040164071159
21.3321332133213417 -41.9529745299372792
21.3521352135213647 -12.1463500388370935
21.3721372137213734 -25.5473585920963728
21.3921392139213964 12.1830807815740112
21.4121412141214194 -20.0096516416465882
21.4321432143214423 -22.1911928348429086
21.4521452145214511 -1.8469336010471906
21.4721472147214740 -13.3168198573415957
21.4921492149214970 -9.6591934477747703
21.5121512151215200 -16.1025350729254448
21.5321532153215429 3.9006644448925165
21.5521552155215517 -2.3090845282505175
21.5721572157215746 -22.9888372221010577
21.5921592159215976 -17.2562789669777743
21.6121612161216206 -20.9285069603296776
21.6321632163216435 14.0940520199962780
21.6521652165216523 -20.8982852216161561
21.6721672167216752 -47.3726859922118848
21.6921692169216982 3.4963744034033724
21.7121712171217212 -38.6173962964304636
21.7321732173217441 -32.1537976871925650
21.7521752175217529 54.1959060105303720
21.7721772177217758 -48.9268021713567265
21.7921792179217988 -8.4817772079520068
21.8121812181218218 -39.8681631333947735
21.8321832183218447 3.0169303594469383
21.8521852185218535 -46.1892996981660247
21.8721872187218764 -34.5269114985751315
21.8921892189218994 -0.6498067119432545
21.9121912191219224 -5.0088821888871147
21.9321932193219311 -5.8186381347059672
21.9521952195219541 -3.1893106513711160
21.9721972197219770 -4.6629494133280609
21.9921992199220000 -31.6418012240868514
22.0122012201220230 6.4371800973523463
22.0322032203220317 -53.3656635922136360
22.0522052205220547 -14.1671543462556766
22.0722072207220776 4.6588204069011336
22.0922092209221006 -24.6603778051530966
22.1122112211221236 -36.6952970433877752
22.1322132213221323 -25.4684656709150019
22.1522152215221553 -30.3316825393896714
22.1722172217221782 -1.0440928725809595
22.1922192219222012 -17.1342717447296593
22.2122212221222242 10.8969375586954200
22.2322232223222329 29.8324166462545222
22.2522252225222559 0.9404615814215003
22.2722272227222788 -20.0435648102435096
22.2922292229223018 -3.8403725315675210
22.3122312231223248 -14.6043379833729894
22.3322332233223335 -14.0510474878573390
22.3522352235223565 12.3180434899437063
22.3722372237223794 -4.4027512907892383
22.3922392239224024 -31.3644680885632994
22.4122412241224112 -17.6983901732137383
22.4322432243224341 -11.9249550948615717
22.4522452245224571 16.0578970665397023
22.4722472247224800 6.6378096227155048
22.4922492249225030 -33.1632757488580978
22.5122512251225118 -7.9788987805568494
22.5322532253225347 -15.0441253615090087
22.5522552255225577 -4.5230331267564665
22.5722572257225806 -30.6980020207863475
22.5922592259226036 22.4926818489973286
22.6122612261226124 -13.3972587245912536
22.6322632263226353 -13.0714682973549134
22.6522652265226583 -21.1151484697448737
22.6722672267226812 -12.8624297283135149
22.6922692269227042 -25.7407380499035590
22.7122712271227130 -3.8454482637698923
22.7322732273227359 -25.3710086067782186
22.7522752275227589 -4.5465740701590462
22.7722772277227818 -1.2831624817064124
22.7922792279228048 -37.8801493418310571
22.8122812281228136 -19.1668022840865362
22.8322832283228365 -3.3496265067565112
22.8522852285228595 -21.1526577497339119
22.8722872287228824 -20.5463548202075614
22.8922892289228912 25.6681830362091183
22.9122912291229142 -25.0552458176371999
22.9322932293229371 -18.5703565614529147
22.9522952295229601 -10.9346154452985864
22.9722972297229830 -20.5512339408283076
22.9922992299229918 -3.1826945157199109
23.0123012301230148 -34.2243999947909856
23.0323032303230377 5.9463110092194285
23.0523052305230607 -6.1618958766144605
23.0723072307230836 -16.3138975997355011
23.0923092309230924 -30.4147153789485714
23.1123112311231154 -20.4880886015533932
23.1323132313231383 -33.2813682274677660
23.1523152315231613 -8.8820592993283984
23.1723172317231842 -8.2188378188639248
23.1923192319231930 -37.5950310903912168
23.2123212321232160 -27.8826325991349506
23.2323232323232389 -5.3420035525822946
23.2523252325232619 -9.6042731230880385
23.2723272327232849 -42.4485426541819919
23.2923292329232936 14.5485488656706785
23.3123312331233166 -6.0644090778309927
23.3323332333233395 -28.4292732063608824
23.3523352335233625 -16.2977285013149071
23.3723372337233855 -14.9470090193295011
23.3923392339233942 -11.8286257548927214
23.4123412341234172 -31.5265632091237364
23.4323432343234401 -18.8252096882514621
23.4523452345234631 -41.6463077870072169
23.4723472347234718 6.9190475661754540
23.4923492349234948 -45.5737150704661929
23.5123512351235178 -3.5005275733982693
23.5323532353235407 -12.0157141012986752
23.5523552355235637 -32.8869076469398394
23.5723572357235724 -22.7225646874422402
23.5923592359235954 -23.7909995838780404
23.6123612361236184 -30.2691451909147418
23.6323632363236413 -38.9720717134344312
23.6523652365236643 -20.9857619158724056
23.6723672367236730 -26.1263961793571227
23.6923692369236960 -46.3154836123364220
23.7123712371237190 6.0778986302141611
23.7323732373237419 19.7679930160810358
23.7523752375237649 -40.2663878299606992
23.7723772377237736 12.2426361409745681
23.7923792379237966 5.2382771890019235
23.8123812381238196 -17.7382349172174685
23.8323832383238425 3.1656861116639021
23.8523852385238655 -59.6809776514911263
23.8723872387238742 -17.0684633341415264
23.8923892389238972 -22.0140259929590236
23.9123912391239202 -38.4883976971300328
23.9323932393239431 -49.5528570960434678
23.9523952395239519 9.1890846341303067
23.9723972397239748 11.6966246367885169
23.9923992399239978 -10.6734626510279025
24.0124012401240208 -14.2542887399478193
24.0324032403240437 -23.0838256061134217
24.0524052405240525 -4.1329034305497707
24.0724072407240755 -7.5219510811055130
24.0924092409240984 -23.0024753673064772
24.1124112411241214 -35.5703397813056057
24.1324132413241443 -49.8147919146694562
24.1524152415241531 -54.3208285741996519
24.1724172417241761 3.3296595325019069
24.1924192419241990 -9.5179799005255319
24.2124212421242220 -26.3478465969853062
24.2324232423242449 -38.1055402011657307
24.2524252425242537 -4.0025001552359178
24.2724272427242767 -37.7472648877295427
24.2924292429242996 1.8187981225838783
24.3124312431243226 -31.4487083698838497
24.3324332433243455 -34.8879303854392759
24.3524352435243543 -19.5418533989325347
24.3724372437243773 -31.4273489631952323
24.3924392439244002 -25.8038215778884137
24.4124412441244232 -48.3806311846923762
24.4324432443244319 -47.2099311113046127
24.4524452445244549 -17.8306560634550735
24.4724472447244779 34.3630679471467460
24.4924492449245008 -21.1600674178746857
24.5124512451245238 -50.2100712915190286
24.5324532453245325 -23.6263292305371202
24.5524552455245555 -6.7807115677081988
24.5724572457245785 -39.1892496356080358
24.5924592459246014 -39.6255537268205913
24.6124612461246244 -24.2149027597454953
24.6324632463246331 -4.0665807267464018
24.6524652465246561 -73.0558922381366216
24.6724672467246791 -0.4686052548660129
24.6924692469247020 5.2654135240235682
24.7124712471247250 -37.2285965004719444
24.7324732473247337 -52.1298146422734021
24.7524752475247567 8.5370630205814919
24.7724772477247797 -38.0333547138839236
24.7924792479248026 -48.6619642008025082
24.8124812481248256 -14.2622858807834714
24.8324832483248343 -25.3671805056875286
24.8524852485248573 -42.1487735459568711
24.8724872487248803 -9.9721829496284080
24.8924892489249032 -5.1653841735702883
24.9124912491249120 -20.1576335591341262
24.9324932493249349 -19.8344863013488748
24.9524952495249579 -12.4795905534737415
24.9724972497249809 -19.0971143866498920
24.9924992499250038 -41.0311399719237215
25.0125012501250126 0.9204992729182671
25.0325032503250355 -33.7028304477985685
25.0525052505250585 -35.9545120450034403
25.0725072507250815 -10.3774191924425416
25.0925092509251044 -31.7086871324069861
25.1125112511251132 -57.0866231327675564
25.1325132513251361 1.0646954287581778
25.1525152515251591 -44.2142313295722005
25.1725172517251821 -15.1910745965435368
25.1925192519252050 -7.6630165178516769
25.2125212521252138 -30.1866566582889320
25.2325232523252367 -50.5470459775962340
25.2525252525252597 25.3466742720397384
25.2725272527252827 -43.5347869989281051
25.2925292529253056 -19.4022925367688188
25.3125312531253144 -66.8451720364251400
25.3325332533253373 -24.5524345564493736
25.3525352535253603 -23.7785254281103171
25.3725372537253833 11.8414492729977496
25.3925392539253920 -20.7411323164500203
25.4125412541254150 -18.8358033562588325
25.4325432543254379 -61.1853806755472647
25.4525452545254609 -19.2729219547284245
25.4725472547254839 -25.6733351818089766
25.4925492549254926 -51.2814166346574183
25.5125512551255156 -49.6117301295180937
25.5325532553255385 -1.7824652963690752
25.5525552555255615 -7.1643042004601654
25.5725572557255845 -40.6698166611242016
25.5925592559255932 -40.8195029606864068
25.6125612561256162 -24.6302179983591678
25.6325632563256391 -81.7250022323843126
25.6525652565256621 -28.3803561574881265
25.6725672567256851 -48.6217468177680985
25.6925692569256938 -32.8074377913184563
25.7125712571257168 -21.3510595247446346
25.7325732573257397 -20.4321279529357263
25.7525752575257627 -42.2953666618435662
25.7725772577257857 -32.5050213466540256
25.7925792579257944 -56.5974660233250830
25.8125812581258174 -11.6257132237660024
25.8325832583258403 14.9400198744618073
25.8525852585258633 -36.0479376050010529
25.8725872587258721 -34.0882174993598994
25.8925892589258950 -33.4759931930329628
25.9125912591259180 -47.1384921293840478
25.9325932593259409 -5.3092974401143103
25.9525952595259639 -12.5873510019839721
25.9725972597259727 -49.8869315018019250
25.9925992599259956 -67.0113856419461342
26.0126012601260186 -55.4268851003420764
26.0326032603260415 -56.4961364442366829
26.0526052605260645 -22.8987817945950241
26.0726072607260733 -31.4499725156772065
26.0926092609260962 -14.4929782373509646
26.1126112611261192 -26.0647332335483384
26.1326132613261422 -45.8097486174384514
26.1526152615261651 -52.7924613356460952
26.1726172617261739 -77.2529929238854720
26.1926192619261968 -22.9556538032308239
26.2126212621262198 -12.8641582780743420
26.2326232623262428 -17.9441308654799627
26.2526252625262657 -40.3080302403997877
26.2726272627262745 -56.9749977227982782
26.2926292629262974 -72.4087162456343947
26.3126312631263204 -13.6253377605488630
26.3326332633263434 -18.8793381458291272
26.3526352635263521 -66.6189681422643218
26.3726372637263751 -37.7869750146195216
26.3926392639263980 -59.0856685265290054
26.4126412641264210 -16.0147019422846775
26.4326432643264440 -39.6625419450702879
26.4526452645264527 -49.5762739410243967
26.4726472647264757 -25.0717877144293873
26.4926492649264986 -48.9726956278263543
26.5126512651265216 -47.4187562597288235
26.5326532653265446 -20.4326880586517419
26.5526552655265533 -50.5139137146578605
26.5726572657265763 -4.5792464008413276
26.5926592659265992 -47.4801656253666380
26.6126612661266222 -22.7545680945429218
26.6326632663266452 -29.5232129866640420
26.6526652665266539 -29.8217904384573238
26.6726672667266769 -30.6661699699988759
26.6926692669266998 -9.9825142928600563
26.7126712671267228 -39.7570658772103727
26.7326732673267458 -16.5482852105342886
26.7526752675267545 -55.7033158057907087
26.7726772677267775 -52.6789165775246033
26.7926792679268004 -24.1951585821771360
26.8126812681268234 -44.8682091803329683
26.8326832683268321 -31.2309697838934355
26.8526852685268551 -25.7589796240709248
26.8726872687268781 -52.5430614511390885
26.8926892689269010 -16.4045439829748467
26.9126912691269240 -9.7838010096612180
26.9326932693269328 -28.6920524991979278
26.9526952695269557 -53.1298432694066491
26.9726972697269787 -9.0091451802845413
26.9926992699270016 -1.5543499513411732
27.0127012701270246 -52.5864508548279943
27.0327032703270334 -48.7583001407297161
27.0527052705270563 -16.8592392084014655
27.0727072707270793 -81.7009795336256559
27.0927092709271022 -51.2454746363274651
27.1127112711271252 -36.9425846609214901
27.1327132713271340 -39.9122578073208771
27.1527152715271569 -55.5548438569821741
27.1727172717271799 -48.3241909624189319
27.1927192719272028 -35.6284048868459564
27.2127212721272258 -2.1674617390922108
27.2327232723272346 -35.0548716053767322
27.2527252725272575 -18.0716361506676826
27.2727272727272805 -35.3004251061022387
27.2927292729273034 -49.3094373450136203
27.3127312731273122 -42.9004305481928725
27.3327332733273352 -36.6014639932581858
27.3527352735273581 -56.4868270365929632
27.3727372737273811 -12.8175096408033120
27.3927392739274040 -31.7086220385146618
27.4127412741274128 -14.2325169974097676
27.4327432743274358 -30.0303226467664643
27.4527452745274587 -51.4737440086906446
27.4727472747274817 -37.1693089356854713
27.4927492749275046 -39.8292454989545774
27.5127512751275134 -77.5182588418543617
27.5327532753275364 -53.9740214625345800
27.5527552755275593 -65.8836550883639092
27.5727572757275823 -6.4207506905762699
27.5927592759276052 -37.0895272352601140
27.6127612761276140 -62.7610239159390773
27.6327632763276370 -33.3897995993735250
27.6527652765276599 3.2547618962170475
27.6727672767276829 -29.9934009052945427
27.6927692769277058 -34.4294860599261767
27.7127712771277146 -40.4711304697810874
27.7327732773277376 -31.7489250086526908
27.7527752775277605 -27.4260412832008242
27.7727772777277835 -56.3916487135544315
27.7927792779277922 -22.3085105643584640
27.8127812781278152 -34.8216001287897612
27.8327832783278382 -38.0421506070417195
27.8527852785278611 -65.8449199726541536
27.8727872787278841 -11.3107298804642937
27.8927892789278928 -26.2026307139285315
27.9127912791279158 -11.2274412446605893
27.9327932793279388 -32.9764561869713475
27.9527952795279617 -61.7751310460269991
27.9727972797279847 -31.2222211363436060
27.9927992799279934 -47.0092439254717220
28.0128012801280306 -39.0254665307186883
28.0328032803280394 -50.0737786928769495
28.0528052805280481 -63.7295049268028748
28.0728072807280853 -31.8280835133971216
28.0928092809280940 -34.5457404287521186
28.1128112811281312 -62.3733822960577129
28.1328132813281400 -79.6292687101786356
28.1528152815281487 -80.7443513427343618
28.1728172817281859 -27.8552085862811545
28.1928192819281946 7.0425940725723848
28.2128212821282318 -50.2704816394597174
28.2328232823282406 -20.7564582347450113
28.2528252825282493 -63.3815993258648689
28.2728272827282865 -43.8093027225337082
28.2928292829282952 -31.3902814137286121
28.3128312831283324 -27.9499618663573344
28.3328332833283412 -60.7702607438933313
28.3528352835283499 -41.2833901074999332
28.3728372837283871 -15.8210551806545858
28.3928392839283958 -66.0348093234625395
28.4128412841284330 -28.6776044872779110
28.4328432843284418 -45.0392910948900038
28.4528452845284505 -50.8125865774880907
28.4728472847284877 -62.6303172832002275
28.4928492849284964 -21.2931650835383408
28.5128512851285052 -52.4070172814668211
28.5328532853285424 -64.5001474866977134
28.5528552855285511 -66.4789245889990639
28.5728572857285883 -18.4365763357107113
28.5928592859285970 -31.3967524963154503
28.6128612861286058 -48.1906427267170088
28.6328632863286430 -54.7486210218993250
28.6528652865286517 -30.3316515647060534
28.6728672867286889 -53.5350399042096612
28.6928692869286976 -35.9058812665823552
28.7128712871287064 -16.0351204749548195
28.7328732873287436 -50.5333928579823848
28.7528752875287523 -70.8822702058937466
28.7728772877287895 -62.2896840457382623
28.7928792879287982 -51.0484029508836272
28.8128812881288070 -65.0251733933342422
28.8328832883288442 -51.8324276592430380
28.8528852885288529 -51.1922268629008244
28.8728872887288901 -21.4922565595647690
28.8928892889288988 -45.4034777040229116
28.9128912891289076 -56.9447458495870293
28.9328932893289448 -62.7162505374024093
28.9528952895289535 -65.5109773073976953
28.9728972897289907 -66.1939077646900955
28.9928992899289995 -15.2526957997781984
29.0129012901290082 -59.8434523144068677
29.0329032903290454 -38.3844563548408431
29.0529052905290541 -37.9542156167662412
29.0729072907290913 -26.9855699304506977
29.0929092909291001 -35.9335658027610236
29.1129112911291088 -51.6104212381853102
29.1329132913291460 -46.0024707506641661
29.1529152915291547 -26.8681862820308801
29.1729172917291919 -46.0998401699263880
29.1929192919292007 -54.4484742818150167
29.2129212921292094 -55.0043014264386372
29.2329232923292466 -85.7041863118131744
29.2529252925292553 -47.3476244404004873
29.2729272927292925 3.4104192856054851
29.2929292929293013 -49.2229575541139113
29.3129312931293100 -28.3797789421588540
29.3329332933293472 -50.6146803075966645
29.3529352935293559 -58.0507508377972385
29.3729372937293931 -36.5225249160033414
29.3929392939294019 -98.5485637624889250
29.4129412941294106 -67.3495543911320453
29.4329432943294478 -29.9806452607207738
29.4529452945294565 -19.9228834968738546
29.4729472947294653 -43.1871134137067685
29.4929492949295025 -66.8266570063827459
29.5129512951295112 -82.8772347499403281
29.5329532953295484 -56.5779002206969608
29.5529552955295571 -62.1844694998278840
29.5729572957295659 -17.1213036758810055
29.5929592959296031 -38.3616605102656223
29.6129612961296118 -85.5127335594991109
29.6329632963296490 -14.4529212178184920
29.6529652965296577 -32.6775622445401126
29.6729672967296665 -70.6762410509982431
29.6929692969297037 -34.8089357791429066
29.7129712971297124 -57.5045668956975788
29.7329732973297496 -70.4533243159999500
29.7529752975297583 -57.2591755039571879
29.7729772977297671 -27.5942977690032301
29.7929792979298043 -31.2302633044719791
29.8129812981298130 -69.3886831883800852
29.8329832983298502 -45.8069030209078392
29.8529852985298589 -42.1202536212833678
29.8729872987298677 -38.9298319220435900
29.8929892989299049 -38.2873631121779852
29.9129912991299136 -30.2199568695239975
29.9329932993299508 -65.3627966874244066
29.9529952995299595 -84.1192179452572617
29.9729972997299683 -24.2232274641131973
29.9929992999300055 -29.9615944709313986
30.0130013001300142 -46.0516853074158519
30.0330033003300514 -37.0089023825201551
30.0530053005300601 -45.5267065912301092
30.0730073007300689 -36.3131974313615586
30.0930093009301061 -65.4527505271270513
30.1130113011301148 -74.9546497819771389
30.1330133013301520 -55.4376040013286371
30.1530153015301607 -71.7524423886666654
30.1730173017301695 -62.0697239791443280
30.1930193019302067 -60.7645634610897787
30.2130213021302154 -32.3850487623311807
30.2330233023302526 -71.8140641899758805
30.2530253025302613 -52.2373503839772226
30.2730273027302701 -83.5381905873388604
30.2930293029303073 -76.9147804295234607
30.3130313031303160 -79.3938856092573815
30.3330333033303532 -50.0965194865739178
30.3530353035303619 -60.4534377606369588
30.3730373037303707 -14.1979571068938313
30.3930393039304079 -32.3367608021005708
30.4130413041304166 -43.9651095784064410
30.4330433043304254 -84.8497991201700756
30.4530453045304625 -75.1803644964749509
30.4730473047304713 -33.0759525804791750
30.4930493049305085 -85.8154472213632289
30.5130513051305172 -81.8652724972632342
30.5330533053305260 -40.5433470681194095
30.5530553055305631 -50.8221157916625970
30.5730573057305719 -66.2169512939534854
30.5930593059306091 -28.7515712267972354
30.6130613061306178 -20.8478071641908116
30.6330633063306266 -64.7113175310847453
30.6530653065306637 -39.4538354371556537
30.6730673067306725 -64.4146024956132663
30.6930693069307097 -49.4327276950629226
30.7130713071307184 -38.2456798110646332
30.7330733073307272 -86.7393830541496555
30.7530753075307643 -75.5901875662920872
30.7730773077307731 -57.5768593201178689
30.7930793079308103 -89.5857158449675239
30.8130813081308190 -14.2038074924864617
30.8330833083308278 -28.5546659420854070
30.8530853085308649 -62.9886747382109391
30.8730873087308737 -36.8000421842142558
30.8930893089309109 -70.0816825792262108
30.9130913091309196 -70.9407891224929159
30.9330933093309284 -64.0325513434473379
30.9530953095309656 -69.6883476264578690
30.9730973097309743 -74.6252139487863531
30.9930993099310115 -57.1628264227969751
31.0131013101310202 -69.8576245502345898
31.0331033103310290 -55.5184191308884962
31.0531053105310662 -46.0890926957084019
31.0731073107310749 -67.5776599848801709
31.0931093109311121 -59.6917764445958596
31.1131113111311208 -90.8952136277230807
31.1331133113311296 -71.1091589866073974
31.1531153115311668 -54.2218257990223407
31.1731173117311755 -66.0295455183064490
31.1931193119312127 -57.3540450768656456
31.2131213121312214 -30.7720013555731242
31.2331233123312302 -89.4257516449922889
31.2531253125312674 -91.7436231677401111
31.2731273127312761 -50.7356176008617368
31.2931293129313133 -49.5084105172475333
31.3131313131313220 -53.9378976613542704
31.3331333133313308 -76.5025074268274921
31.3531353135313680 -42.1522172736683487
31.3731373137313767 -11.6960835913309751
31.3931393139313855 -49.6149879229737820
31.4131413141314226 -62.5583897579652728
31.4331433143314314 -51.8620428702052862
31.4531453145314686 -73.1983484017551547
31.4731473147314773 -20.8477618657718651
31.4931493149314861 -25.1613526226315614
31.5131513151315232 -41.5785212517600513
31.5331533153315320 -57.6883139747939211
31.5531553155315692 -84.2099865572822637
31.5731573157315779 -48.3294961307609583
31.5931593159315867 -62.4748289498145795
31.6131613161316238 -53.0220727472872255
31.6331633163316326 -79.4470059803910544
31.6531653165316698 -102.0267018931525342
31.6731673167316785 -57.1722247919052009
31.6931693169316873 -53.3578913789364364
31.7131713171317244 -52.7868219974531385
31.7331733173317332 -67.5555973288634704
31.7531753175317704 -54.5513575283232157
31.7731773177317791 -75.2244785047620610
31.7931793179317879 -35.3634714751941956
31.8131813181318250 -54.2458198258135056
31.8331833183318338 -64.1002236447880591
31.8531853185318710 -91.7789110905520857
31.8731873187318797 -41.0812133031956250
31.8931893189318885 -38.3578918960913171
31.9131913191319256 -61.6251358996597531
31.9331933193319344 -85.5699515096262218
31.9531953195319716 -48.3572860200357084
31.9731973197319803 -103.9507516139498478
31.9931993199319891 -35.7989704325796012
32.0132013201320262 -68.6636703931119996
32.0332033203320350 -81.5495005499760737
32.0532053205320722 -61.5287061599730833
32.0732073207320809 -99.6429391867721250
32.0932093209320897 -37.5840581756364855
32.1132113211321268 -92.8882272350416685
32.1332133213321356 -74.9032841480993596
32.1532153215321728 -49.1503303588405487
32.1732173217321815 -54.7254970729880554
32.1932193219321903 -69.0855538046595541
32.2132213221322274 -53.7784373725672324
32.2332233223322362 -49.4614239356739560
32.2532253225322734 -41.1671556673304977
32.2732273227322821 -53.2337434129274385
32.2932293229322909 -38.0603691928967152
32.3132313231323280 -59.9438649700364792
32.3332333233323368 -45.6410681837832684
32.3532353235323455 -81.1245446397880841
32.3732373237323827 -81.8183856653396475
32.3932393239323915 -78.4375277978619749
32.4132413241324286 -83.8522483751421106
32.4332433243324374 -52.0324038475356829
32.4532453245324461 -94.7407231097117943
32.4732473247324833 -54.8968497956027974
32.4932493249324921 -61.9982273612055366
32.5132513251325292 -66.1556938951147231
32.5332533253325380 -45.0270238844101982
32.5532553255325467 -80.5511314722124467
32.5732573257325839 -55.7216351521215216
32.5932593259325927 -44.1290151288451540
32.6132613261326298 -53.7902647027392291
32.6332633263326386 -106.0102539184329657
32.6532653265326474 -70.8249200579623022
32.6732673267326845 -90.4965026367111420
32.6932693269326933 -53.9020672150872926
32.7132713271327304 -65.3745457772097183
32.7332733273327392 -34.6504673666542757
32.7532753275327480 -81.8427420188246515
32.7732773277327851 -85.0661341412654082
32.7932793279327939 -65.0336301978076960
32.8132813281328310 -73.3055840297805332
32.8332833283328398 -96.6523792406385667
32.8532853285328486 -80.9220003158342251
32.8732873287328857 -85.6435969191788473
32.8932893289328945 -53.2397542643382025
32.9132913291329317 -44.3485129821176969
32.9332933293329404 -53.6718650561184631
32.9532953295329492 -39.3305707131128344
32.9732973297329863 -75.6540360255090718
32.9932993299329951 -45.1865437035190425
33.0133013301330323 -78.2434039317964363
33.0333033303330410 -83.6874817838799885
33.0533053305330498 -65.2896311052879526
33.0733073307330869 -83.0774129041806475
33.0933093309330957 -59.4459661497218903
33.1133113311331329 -76.6945318929031430
33.1333133313331416 -51.1604666252787084
33.1533153315331504 -53.8342124997506204
33.1733173317331875 -113.6644010721105502
33.1933193319331963 -77.6556969154029986
33.2133213321332335 -84.2062033054865253
33.2333233323332422 -53.5166379432213617
33.2533253325332510 -69.7597435034719666
33.2733273327332881 -30.3260902387074793
33.2933293329332969 -72.9066914553380769
33.3133313331333341 -31.4975599518933294
33.3333333333333428 -66.9720966612328823
33.3533353335333516 -52.2428644084437508
33.3733373337333887 -59.6895876019489151
33.3933393339333975 -87.4181129551094642
33.4133413341334062 -70.9117542076294711
33.4333433343334434 -83.5306133261006636
33.4533453345334522 -36.6045225560008305
33.4733473347334893 -74.9640266777895050
33.4933493349334981 -32.4317082886505048
33.5133513351335068 -84.2441133920223137
33.5333533353335440 -76.1137115041820351
33.5533553355335528 -79.8385054344252723
33.5733573357335899 -79.1151770891706576
33.5933593359335987 -76.8280035171126485
33.6133613361336074 -73.8296906522870273
33.6333633363336446 -73.2758728380642168
33.6533653365336534 -60.1770004845746200
33.6733673367336905 -70.2434619649490912
33.6933693369336993 -67.0465455287936578
33.7133713371337080 -81.1014537786243750
33.7333733373337452 -60.0542358155724827
33.7533753375337540 -56.2019111311684298
33.7733773377337911 -11.2697314846939491
33.7933793379337999 -49.5631708506041591
33.8133813381338086 -105.0681275777344155
33.8333833383338458 -48.7075901413737853
33.8533853385338546 -21.3031127419077180
33.8733873387338917 -58.0385809403904176
33.8933893389339005 -52.0673403757837576
33.9133913391339092 -88.3933250084472348
33.9333933393339464 -67.6866891261124266
33.9533953395339552 -42.0784165735407001
33.9733973397339923 -72.0986912878240531
33.9933993399340011 -56.8551266816144505
34.0134013401340098 -49.9818087279518011
34.0334033403340470 -84.7025635630626823
34.0534053405340558 -61.7522344657685025
34.0734073407340929 -45.7157534277288562
34.0934093409341017 -63.0516581505521643
34.1134113411341104 -23.7645210142435275
34.1334133413341476 -85.4968839252060349
34.1534153415341564 -84.7574502469558695
34.1734173417341935 -54.0351095943548785
34.1934193419342023 -54.3837032952277397
34.2134213421342110 -103.4992483401212411
34.2334233423342482 -117.8331763277316782
34.2534253425342570 -61.4638263539945626
34.2734273427342941 -89.4565215111734773
34.2934293429343029 -62.1829204171981615
34.3134313431343116 -48.0988119607603721
34.3334333433343488 -86.7879785492019096
34.3534353435343576 -89.9830440605988855
34.3734373437343663 -69.2072234651807889
34.3934393439344035 -103.7897472326940260
34.4134413441344122 -73.8809033651800178
34.4334433443344494 -84.6834230969848250
34.4534453445344582 -62.0774821482619217
34.4734473447344669 -86.3642602205718930
34.4934493449345041 -77.5695898663953614
34.5134513451345128 -89.2208274466774753
34.5334533453345500 -60.5091287573242553
34.5534553455345588 -68.6246282562435681
34.5734573457345675 -80.4442383985314962
34.5934593459346047 -98.0331112599164385
34.6134613461346134 -91.8989390255055270
34.6334633463346506 -66.2945720992902920
34.6534653465346594 -79.5213533912443324
34.6734673467346681 -34.8163006787404754
34.6934693469347053 -47.8112350087612299
34.7134713471347141 -75.8562303312774162
34.7334733473347512 -106.2351758911049444
34.7534753475347600 -70.2635339133153849
34.7734773477347687 -41.3140687469575028
34.7934793479348059 -88.3241835707306819
34.8134813481348147 -59.7743092583231714
34.8334833483348518 -80.5755473155591915
34.8534853485348606 -76.8069915657964941
34.8734873487348693 -80.3449351622745098
34.8934893489349065 -62.2577997616737733
34.9134913491349153 -80.8119848046491711
34.9334933493349524 -96.3094467350420160
34.9534953495349612 -55.6280001045242045
34.9734973497349699 -68.0536881483095613
34.9934993499350071 -95.2462989591177092
35.0135013501350159 -58.7052034681358137
35.0335033503350530 -51.4774610158505936
35.0535053505350618 -5.5439978830277283
35.0735073507350705 -39.7846329321017507
35.0935093509351077 -79.9704346457167787
35.1135113511351165 -58.6525256180741508
35.1335133513351536 -48.5474013297772231
35.1535153515351624 -42.0624029191955913
35.1735173517351711 -93.8300624520622932
35.1935193519352083 -78.3581957642094409
35.2135213521352171 -25.3349454518319135
35.2335233523352542 -72.7246227229659894
35.2535253525352630 -44.2878972999559437
35.2735273527352717 -54.8133645202784408
35.2935293529353089 -94.3943455008331966
35.3135313531353177 -104.4218748908112389
35.3335333533353264 -78.7914542729917571
35.3535353535353636 -119.4711060628501400
35.3735373537353723 -95.1946404969990425
35.3935393539354095 -53.9373409179358489
35.4135413541354183 -62.4294753355359546
35.4335433543354270 -80.5190317022570810
35.4535453545354642 -83.9294392241070994
35.4735473547354729 -69.8309054922492436
35.4935493549355101 -71.1420509486717805
35.5135513551355189 -97.6254492950722010
35.5335533553355276 -35.6122489430067688
35.5535553555355648 -103.7838386163481346
35.5735573557355735 -83.7676315833126068
35.5935593559356107 -71.3507099164024226
35.6135613561356195 -98.3815942569638366
35.6335633563356282 -51.9498594950949837
35.6535653565356654 -79.3342202476904959
35.6735673567356741 -52.1364740830162958
35.6935693569357113 -68.0462000714709632
35.7135713571357201 -69.1723358464910518
35.7335733573357288 -109.7956753814861486
35.7535753575357660 -98.7244074395513707
35.7735773577357747 -95.9193030273029876
35.7935793579358119 -34.4707264800822557
35.8135813581358207 -81.5780405690883867
35.8335833583358294 -79.1664597708800244
35.8535853585358666 -80.8195108468375452
35.8735873587358753 -67.4549548986666991
35.8935893589359125 -49.7568126376488635
35.9135913591359213 -78.7453796206967098
35.9335933593359300 -83.7568127016513273
35.9535953595359672 -57.3977766765252682
35.9735973597359759 -77.0025398579210787
35.9935993599360131 -67.7717027876406348
36.0136013601360219 -61.0633682634001715
36.0336033603360306 -43.8328913706644485
36.0536053605360678 -71.3607539021142827
36.0736073607360765 -78.5289401283423985
36.0936093609361137 -78.4090391583256547
36.1136113611361225 -132.9810070302703480
36.1336133613361312 -57.6010105816543785
36.1536153615361684 -82.9666945667675151
36.1736173617361771 -87.7493692816908037
36.1936193619362143 -52.3039270126757572
36.2136213621362231 -60.2846203646931542
36.2336233623362318 -76.6488295907167867
36.2536253625362690 -97.1478560376050098
36.2736273627362777 -95.8772661707670011
36.2936293629362865 -89.8145684921816354
36.3136313631363237 -70.1133723886762823
36.3336333633363324 -94.7082137193090858
36.3536353635363696 -69.6873728683711704
36.3736373637363783 -40.0792256007598482
36.3936393639363871 -83.8109323459011932
36.4136413641364243 -64.0425464878602355
36.4336433643364330 -91.1341077469813143
36.4536453645364702 -88.0352445013883056
36.4736473647364789 -78.9894476865235902
36.4936493649364877 -58.3887604988699280
36.5136513651365249 -93.5724493263677886
36.5336533653365336 -86.9877281602146439
36.5536553655365708 -65.4359022297311839
36.5736573657365795 -65.9489589105892833
36.5936593659365883 -20.1850196198963445
36.6136613661366255 -78.1902777791893726
36.6336633663366342 -66.2059561109869179
36.6536653665366714 -83.0855090116206014
36.6736673667366802 -54.9411228271896448
36.6936693669366889 -68.1111647436121217
36.7136713671367261 -95.0559212600222594
36.7336733673367348 -69.8681779201299520
36.7536753675367720 -72.8471811775338267
36.7736773677367808 -59.9070541768299591
36.7936793679367895 -73.4054297849126840
36.8136813681368267 -67.3642867120078961
36.8336833683368354 -76.8316716876219630
36.8536853685368726 -72.4526862505272931
36.8736873687368814 -57.5864688370529976
36.8936893689368901 -80.1626157602089791
36.9136913691369273 -45.1289140986094566
36.9336933693369360 -76.0433812767406039
36.9536953695369732 -62.4490845427739245
36.9736973697369820 -97.2542839301065953
36.9936993699369907 -92.5351461219881202
37.0137013701370279 -70.3398565635784365
37.0337033703370366 -102.1872041131397566
37.0537053705370738 -46.9063288330267554
37.0737073707370826 -73.8648603232039278
37.0937093709370913 -69.3555881267586045
37.1137113711371285 -69.4424459862487282
37.1337133713371372 -70.9128881675760283
37.1537153715371744 -80.7996339311987981
37.1737173717371832 -97.7107610098664310
37.1937193719371919 -85.9802396565015670
37.2137213721372291 -83.9199955101174453
37.2337233723372378 -83.5125511521944475
37.2537253725372466 -70.8622086118106864
37.2737273727372838 -49.4128818599733037
37.2937293729372925 -53.7618499480542624
37.3137313731373297 -57.1854873228443239
37.3337333733373384 -55.0550611895930189
37.3537353735373472 -70.1276039198995704
37.3737373737373844 -82.5772549723370730
37.3937393739373931 -76.8885435288920149
37.4137413741374303 -95.4910219012122212
37.4337433743374390 -99.5511397789792625
37.4537453745374478 -57.1373171019677741
37.4737473747374850 -103.3904935529486551
37.4937493749374937 -85.7426143733945167
37.5137513751375309 -76.1642930589713814
37.5337533753375396 -95.8588652018786576
37.5537553755375484 -71.2124911100990943
37.5737573757375856 -63.0992698322490497
37.5937593759375943 -66.5601780473705418
37.6137613761376315 -128.4183154602472428
37.6337633763376402 -76.1574165627380353
37.6537653765376490 -74.8514259797428849
37.6737673767376862 -114.6900441609009533
37.6937693769376949 -68.7574973388742876
37.7137713771377321 -67.1558122225378185
37.7337733773377408 -79.5025267723498104
37.7537753775377496 -96.0196418870176274
37.7737773777377868 -114.4499974292284037
37.7937793779377955 -86.7360738505184230
37.8137813781378327 -67.6190482597627067
37.8337833783378414 -88.7466161396710334
37.8537853785378502 -62.1893965493163705
37.8737873787378874 -103.5177543226417640
37.8937893789378961 -72.8147481929450890
37.9137913791379333 -68.7911116606110795
37.9337933793379420 -63.1594524211083410
37.9537953795379508 -105.0394051355602301
37.9737973797379880 -85.4029510536892644
37.9937993799379967 -108.5409421780248778
38.0138013801380339 -68.1899172394340951
38.0338033803380426 -92.4560002063057027
38.0538053805380514 -96.8132247223361162
38.0738073807380886 -93.5828831089368407
38.0938093809380973 -122.0476784206569505
38.1138113811381345 -88.1898541114612726
38.1338133813381432 -98.0915057225115277
38.1538153815381520 -66.1901683954834965
38.1738173817381892 -71.7446001210587951
38.1938193819381979 -90.2238202771691107
38.2138213821382067 -116.3054018281457331
38.2338233823382438 -70.7201275838870913
38.2538253825382526 -73.9336490607482517
38.2738273827382898 -96.5645314149864618
38.2938293829382985 -45.5305871593281708
38.3138313831383073 -92.8750630219439728
38.3338333833383444 -94.2959792410210156
38.3538353835383532 -89.5852104640972868
38.3738373837383904 -66.9929418371166747
38.3938393839383991 -109.4741108643290062
38.4138413841384079 -61.2438689455544818
38.4338433843384450 -86.8309069320193743
38.4538453845384538 -91.0151838208060440
38.4738473847384910 -49.1519699288735907
38.4938493849384997 -79.7572098398227070
38.5138513851385085 -55.3108017404057435
38.5338533853385456 -71.3664145798321528
38.5538553855385544 -102.9966633315773379
38.5738573857385916 -107.0072159454971654
38.5938593859386003 -103.5860327476803064
38.6138613861386091 -89.1410615477292794
38.6338633863386463 -93.5753764108341812
38.6538653865386550 -48.1037768685983309
38.6738673867386922 -111.4411624747530425
38.6938693869387009 -102.8321171114817645
38.7138713871387097 -94.6624873618261518
38.7338733873387469 -66.2875417872418780
38.7538753875387556 -95.7298156298408713
38.7738773877387928 -70.5117367609784509
38.7938793879388015 -93.1567457151058136
38.8138813881388103 -95.2908787528288173
38.8338833883388475 -93.9810137173477216
38.8538853885388562 -80.6788499795508329
38.8738873887388934 -67.1079146511369373
38.8938893889389021 -109.1129665868715506
38.9138913891389109 -84.2015675316921772
38.9338933893389481 -79.8319125767623632
38.9538953895389568 -89.9469018014031150
38.9738973897389940 -81.8194863180804219
38.9938993899390027 -97.1680585502029146
39.0139013901390115 -89.3095844343129670
39.0339033903390487 -98.4910789901383623
39.0539053905390574 -60.9256667528962979
39.0739073907390946 -82.6230795190390381
39.0939093909391033 -95.7782559516363960
39.1139113911391121 -118.9907820850617526
39.1339133913391493 -77.5713346802104127
39.1539153915391580 -64.0822497810635525
39.1739173917391668 -78.1365058398248209
39.1939193919392039 -103.8965613484114243
39.2139213921392127 -81.2855755449418211
39.2339233923392499 -77.9097237500029820
39.2539253925392586 -92.2129638918364805
39.2739273927392674 -109.2031578641907146
39.2939293929393045 -44.0979020452321393
39.3139313931393133 -91.6962413727368073
39.3339333933393505 -94.5565193613551429
39.3539353935393592 -131.8082866915779618
39.3739373937393680 -60.2807458042965862
39.3939393939394051 -96.4073598322483036
39.4139413941394139 -92.6442109155204037
39.4339433943394511 -43.1660402636901708
39.4539453945394598 -58.6698787980036514
39.4739473947394686 -69.7126932458930355
39.4939493949395057 -109.1876593171283361
39.5139513951395145 -79.4175189402585460
39.5339533953395517 -107.1018925453565629
39.5539553955395604 -127.6043333926532171
39.5739573957395692 -89.2904551281176566
39.5939593959396063 -103.5821605545612840
39.6139613961396151 -108.7761650188104454
39.6339633963396523 -37.4396711871460255
39.6539653965396610 -125.5713624956519823
39.6739673967396698 -97.7353132687162542
39.6939693969397069 -79.8616031925417786
39.7139713971397157 -92.1962934355673696
39.7339733973397529 -75.0851563042722177
39.7539753975397616 -112.4420082172678974
39.7739773977397704 -49.1840479154839159
39.7939793979398075 -66.5381831297405455
39.8139813981398163 -67.1044220772528064
39.8339833983398535 -119.6839354067477501
39.8539853985398622 -64.4195211721617085
39.8739873987398710 -104.2685681722778384
39.8939893989399081 -97.3504546787665248
39.9139913991399169 -92.4327943237237406
39.9339933993399541 -135.4493174911647486
39.9539953995399628 -84.8583081984203176
39.9739973997399716 -96.6487967937007397
39.9939993999400087 -98.4840384258237407
40.0140014001400175 -103.7343364855620536
40.0340034003400547 -89.3717366781128391
40.0540054005400634 -65.7172396485448473
40.0740074007400722 -102.3844134952983893
40.0940094009401093 -88.0829814362054577
40.1140114011401181 -86.8355432252721045
40.1340134013401268 -97.1560015773870873
40.1540154015401640 -85.2094641807330930
40.1740174017401728 -83.0109152547305484
40.1940194019402099 -85.3269504350045338
40.2140214021402187 -88.0266667756761336
40.2340234023402274 -63.6709297308282629
40.2540254025402646 -99.7088816048832314
40.2740274027402734 -95.0083496498839821
40.2940294029403105 -73.7661074922269222
40.3140314031403193 -101.9190163111938290
40.3340334033403281 -75.4529808060656251
40.3540354035403652 -77.2690437141163073
40.3740374037403740 -53.6874402042638863
40.3940394039404111 -106.8092780423519059
40.4140414041404199 -66.1618660958664719
40.4340434043404287 -82.1440049688685718
40.4540454045404658 -119.7269753838251347
40.4740474047404746 -98.9131647031533561
40.4940494049405117 -76.6093613798183952
40.5140514051405205 -58.5609778533451930
40.5340534053405293 -96.7685177392903313
40.5540554055405664 -72.4052884520691862
40.5740574057405752 -91.6200203644486777
40.5940594059406124 -105.7906756675862567
40.6140614061406211 -86.6775704133219449
40.6340634063406299 -111.0922894003033008
40.6540654065406670 -106.2388543785883286
40.6740674067406758 -66.6096346111912254
40.6940694069407130 -46.8918513381194373
40.7140714071407217 -75.7125829122180392
40.7340734073407305 -89.7194461118581330
40.7540754075407676 -108.9038014492375623
40.7740774077407764 -57.2402368269752060
40.7940794079408136 -76.0498906802776133
40.8140814081408223 -86.8606815932526928
40.8340834083408311 -90.1991946241326019
40.8540854085408682 -91.9762524179687802
40.8740874087408770 -46.5478881699132359
40.8940894089409142 -89.0030284351526007
40.9140914091409229 -66.0881883619222492
40.9340934093409317 -103.9680658945965632
40.9540954095409688 -80.1710880051551698
40.9740974097409776 -101.7721437266382623
40.9940994099410148 -91.1370538401222632
41.0141014101410235 -73.7303809626978790
41.0341034103410323 -107.8368157051074547
41.0541054105410694 -82.9330871792590472
41.0741074107410782 -108.8156109569473529
41.0941094109410869 -98.6561096391745878
41.1141114111411241 -65.1237951289038506
41.1341134113411329 -109.8730529225723274
41.1541154115411700 -68.8645831901821168
41.1741174117411788 -90.3430973621043165
41.1941194119411875 -107.3631445407326623
41.2141214121412247 -66.9586202127675989
41.2341234123412335 -55.9879831801244876
41.2541254125412706 -94.9023068783620545
41.2741274127412794 -77.6238747166394631
41.2941294129412881 -83.2315470139865141
41.3141314131413253 -69.5113052326426271
41.3341334133413341 -89.4539998225504007
41.3541354135413712 -53.1116396757751303
41.3741374137413800 -81.7099623894561518
41.3941394139413887 -101.2395073870076629
41.4141414141414259 -63.0665288827331736
41.4341434143414347 -46.2629878797920782
41.4541454145414718 -77.5668321537647927
41.4741474147414806 -78.1285366498945422
41.4941494149414893 -93.3261094187841422
41.5141514151415265 -120.9238320936826199
41.5341534153415353 -131.0752455532012846
41.5541554155415724 -108.2679672555868535
41.5741574157415812 -93.9243934396402551
41.5941594159415899 -71.4131475395193576
41.6141614161416271 -87.4808384259110312
41.6341634163416359 -98.4341915334699280
41.6541654165416730 -107.4325963925162597
41.6741674167416818 -87.2638808114305391
41.6941694169416905 -68.8315974490028424
41.7141714171417277 -111.2693710267097060
41.7341734173417365 -103.4521209020625463
41.7541754175417736 -84.7543094118081513
41.7741774177417824 -70.1042649062750058
41.7941794179417911 -103.2929260884672118
41.8141814181418283 -112.3431435794452682
41.8341834183418371 -115.2359885059759392
41.8541854185418742 -85.0400857275244135
41.8741874187418830 -78.4417755315045895
41.8941894189418917 -93.1476999141060276
41.9141914191419289 -126.5049128564694740
41.9341934193419377 -68.5701526098269767
41.9541954195419748 -82.8696858119038353
41.9741974197419836 -104.2608550564100085
41.9941994199419923 -115.1492664252268696
42.0142014201420295 -74.6089602363417441
42.0342034203420383 -116.5263842219594466
42.0542054205420470 -88.7318681476860291
42.0742074207420842 -108.7398384530615800
42.0942094209420929 -95.0886800616940064
42.1142114211421301 -106.7135672255446082
42.1342134213421389 -80.8497467057504338
42.1542154215421476 -118.6043343055556534
42.1742174217421848 -139.1252675172737838
42.1942194219421935 -81.8326466533239056
42.2142214221422307 -91.0203975950156945
42.2342234223422395 -103.2238805323750057
42.2542254225422482 -90.4818386025816892
42.2742274227422854 -100.6455725446222829
42.2942294229422941 -94.9083487244610922
42.3142314231423313 -116.9733147282208563
42.3342334233423401 -93.8271580545495283
42.3542354235423488 -113.9984812813419950
42.3742374237423860 -99.9857202539138967
42.3942394239423948 -80.9818949708000702
42.4142414241424319 -111.1949088376644283
42.4342434243424407 -62.2342805837079780
42.4542454245424494 -86.0349449595274365
42.4742474247424866 -120.5860832601219244
42.4942494249424954 -130.1294878131181179
42.5142514251425325 -100.1795802252896692
42.5342534253425413 -93.4228920349302712
42.5542554255425500 -104.8461517492350481
42.5742574257425872 -83.8553089931967577
42.5942594259425960 -92.1469900631759771
42.6142614261426331 -94.4340734226706786
42.6342634263426419 -67.0925778971613624
42.6542654265426506 -85.6084882985176847
42.6742674267426878 -80.2115065354563654
42.6942694269426966 -107.6402449296435151
42.7142714271427337 -104.6218593518357807
42.7342734273427425 -83.5268136693505454
42.7542754275427512 -121.5530960140199852
42.7742774277427884 -112.7517276872299021
42.7942794279427972 -108.5625040205611356
42.8142814281428343 -87.0407840014509588
42.8342834283428431 -104.3869237177432296
42.8542854285428518 -141.5578391027701173
42.8742874287428890 -120.3051666857398345
42.8942894289428978 -93.5275926617768079
42.9142914291429349 -63.1983253213806648
42.9342934293429437 -92.9424817226192204
42.9542954295429524 -79.7189547460620247
42.9742974297429896 -107.6513010804097092
42.9942994299429984 -90.3843504766042543
43.0143014301430071 -64.3701091996465493
43.0343034303430443 -95.4006805081318419
43.0543054305430530 -96.3641338179854330
43.0743074307430902 -92.7414931464370369
43.0943094309430990 -111.3806284639928919
43.1143114311431077 -85.3346259200722983
43.1343134313431449 -93.8824403750231511
43.1543154315431536 -142.3019204841728538
43.1743174317431908 -72.0625585822788537
43.1943194319431996 -133.4100047963688951
43.2143214321432083 -102.3434900360811639
43.2343234323432455 -44.0737401890380198
43.2543254325432542 -101.3297695853968179
43.2743274327432914 -96.2769025541401078
43.2943294329433002 -134.9040593911582562
43.3143314331433089 -91.7062183163779991
43.3343334333433461 -118.4696134972526522
43.3543354335433548 -114.6704790172515231
43.3743374337433920 -42.5726220717291710
43.3943394339434008 -85.5198803370534932
43.4143414341434095 -90.7858594013818418
43.4343434343434467 -84.0685818443370465
43.4543454345434554 -91.5037782567615068
43.4743474347434926 -113.2022549951683175
43.4943494349435014 -99.4046863798299682
43.5143514351435101 -91.8378955730837561
43.5343534353435473 -103.5923000352273675
43.5543554355435560 -120.5393774479901907
43.5743574357435932 -89.4327875689072300
43.5943594359436020 -93.3725961053866200
43.6143614361436107 -92.5245933811331156
43.6343634363436479 -71.5488508278119753
43.6543654365436566 -120.0786524757073863
43.6743674367436938 -92.4328001762803524
43.6943694369437026 -108.3437853453482944
43.7143714371437113 -124.9085592261051545
43.7343734373437485 -109.4103859844629909
43.7543754375437572 -99.9734852123191189
43.7743774377437944 -79.1485445173976672
43.7943794379438032 -80.7621940153676690
43.8143814381438119 -47.1560271004813458
43.8343834383438491 -126.4181990892597014
43.8543854385438578 -82.4595500008312996
43.8743874387438950 -111.2035734228878852
43.8943894389439038 -116.4904100428835108
43.9143914391439125 -47.0401410454360018
43.9343934393439497 -69.2665334023416506
43.9543954395439584 -73.0420290252951219
43.9743974397439956 -84.4002636978004688
43.9943994399440044 -62.4798494113578968
44.0144014401440131 -97.4600102180746148
44.0344034403440503 -107.3120427634899983
44.0544054405440590 -86.4530592391118660
44.0744074407440678 -103.2355927407321019
44.0944094409441050 -93.6715264805997663
44.1144114411441137 -127.1161735744714605
44.1344134413441509 -73.4587304878946412
44.1544154415441596 -108.6662501166357941
44.1744174417441684 -103.0965001858943850
44.1944194419442056 -86.5885177397557584
44.2144214421442143 -105.9625522641422748
44.2344234423442515 -87.8061938634607912
44.2544254425442602 -89.2931310509482614
44.2744274427442690 -90.1904058747940809
44.2944294429443062 -82.0203886809764526
44.3144314431443149 -88.1355509968405642
44.3344334433443521 -123.0094325759331610
44.3544354435443609 -87.7061024181996629
44.3744374437443696 -91.7020064195002362
44.3944394439444068 -84.8009824604123423
44.4144414441444155 -97.7582431014467517
44.4344434443444527 -93.8505637514751783
44.4544454445444615 -112.9117818648539071
44.4744474447444702 -111.1879554739739575
44.4944494449445074 -107.9819340524339282
44.5144514451445161 -96.9869925951447698
44.5344534453445533 -116.9081249075199338
44.5544554455445621 -71.1149661230228389
44.5744574457445708 -115.5401776338237454
44.5944594459446080 -66.7851838741028416
44.6144614461446167 -69.5654260465501295
44.6344634463446539 -92.7890969629159912
44.6544654465446627 -64.8029214650322984
44.6744674467446714 -110.9165151819381805
44.6944694469447086 -95.1662334563857542
44.7144714471447173 -82.6870543276453702
44.7344734473447545 -99.1122219318870918
44.7544754475447633 -102.6284961847420618
44.7744774477447720 -107.0497916057361181
44.7944794479448092 -83.7546395227825826
44.8144814481448179 -124.8142395772982809
44.8344834483448551 -104.0560575795847456
44.8544854485448639 -84.7272879456514687
44.8744874487448726 -97.6594668158648460
44.8944894489449098 -73.3533633915924952
44.9144914491449185 -61.7327149552751138
44.9344934493449557 -88.1526741470252375
44.9544954495449645 -128.3115105084739014
44.9744974497449732 -111.5997157685255843
44.9944994499450104 -53.5010141960514005
45.0145014501450191 -99.3397712692866719
45.0345034503450279 -98.9739844633780166
45.0545054505450651 -103.1719569403424259
45.0745074507450738 -82.6403190249477575
45.0945094509451110 -94.6410901840353631
45.1145114511451197 -81.2317393261523648
45.1345134513451285 -93.2484856890879570
45.1545154515451657 -69.7821583854426990
45.1745174517451744 -75.8809044484555102
45.1945194519452116 -109.4802933026694092
45.2145214521452203 -111.4052478403780952
45.2345234523452291 -80.8422991190119973
45.2545254525452663 -126.0077877299062692
45.2745274527452750 -94.3842501601684631
45.2945294529453122 -74.3963669634112108
45.3145314531453209 -92.4801291570942112
45.3345334533453297 -102.1904542020335214
45.3545354535453669 -80.6531061365305817
45.3745374537453756 -105.5942097667195299
45.3945394539454128 -99.3014582121219149
45.4145414541454215 -120.9217221567986940
45.4345434543454303 -77.9739986570336896
45.4545454545454675 -124.4072439551246134
45.4745474547454762 -92.1241462543302134
45.4945494549455134 -79.4832260182010089
45.5145514551455221 -115.8858885521355830
45.5345534553455309 -103.2175445849333926
45.5545554555455681 -120.0728619920434710
45.5745574557455768 -138.6286865086132138
45.5945594559456140 -142.0092693791150396
45.6145614561456227 -80.6252437210996646
45.6345634563456315 -111.6911296885905358
45.6545654565456687 -106.6544684914994434
45.6745674567456774 -70.0368076183622890
45.6945694569457146 -126.1627633095679641
45.7145714571457233 -62.4273052400966151
45.7345734573457321 -83.1707691130177267
45.7545754575457693 -93.4696559449085100
45.7745774577457780 -110.2903116250595730
45.7945794579458152 -110.6881315172062727
45.8145814581458239 -88.9658271444074416
45.8345834583458327 -102.3240573262724809
45.8545854585458699 -55.3998660795701738
45.8745874587458786 -90.1609842182546970
45.8945894589459158 -89.1273835045718243
45.9145914591459245 -108.3965052210765947
45.9345934593459333 -132.9337545977629418
45.9545954595459705 -119.6802478267260028
45.9745974597459792 -111.5634090603868174
45.9945994599459880 -81.4626920115717326
46.0146014601460251 -99.4343647242269100
46.0346034603460339 -111.0483080947048791
46.0546054605460711 -91.5430518094537575
46.0746074607460798 -112.1584445384151678
46.0946094609460886 -89.2878399765110657
46.1146114611461257 -60.5096789182640151
46.1346134613461345 -69.8507113020460935
46.1546154615461717 -92.5792836687629404
46.1746174617461804 -91.1054115159509337
46.1946194619461892 -80.3405734149396125
46.2146214621462263 -97.8830667313888512
46.2346234623462351 -104.9441773623939014
46.2546254625462723 -84.0708481934417193
46.2746274627462810 -75.4225414238915732
46.2946294629462898 -111.8895363114600627
46.3146314631463270 -118.8870872837022574
46.3346334633463357 -46.7681251472125368
46.3546354635463729 -84.1183542688092274
46.3746374637463816 -105.0683067307889758
46.3946394639463904 -89.3759607007255426
46.4146414641464276 -44.7550099479494179
46.4346434643464363 -117.5265587213920924
46.4546454645464735 -107.0382595720061261
46.4746474647464822 -103.6682756443963598
46.4946494649464910 -89.0279269407129306
46.5146514651465282 -80.3062684238118720
46.5346534653465369 -91.6664652978982986
46.5546554655465741 -71.4991648563608209
46.5746574657465828 -122.2261417214792942
46.5946594659465916 -98.4580947490148901
46.6146614661466288 -107.7990606574363284
46.6346634663466375 -116.3121669066430286
46.6546654665466747 -63.5806405424671297
46.6746674667466834 -108.4137823691345943
46.6946694669466922 -76.6890581756513683
46.7146714671467294 -54.1623908985276756
46.7346734673467381 -52.8711772057734066
46.7546754675467753 -75.6426220110443523
46.7746774677467840 -95.7274956446493519
46.7946794679467928 -88.7575100978601199
46.8146814681468300 -79.2838345018878812
46.8346834683468387 -95.7547908606249507
46.8546854685468759 -81.7215679371810495
46.8746874687468846 -94.9758950696056132
46.8946894689468934 -87.8856441337307359
46.9146914691469306 -74.4497342416688923
46.9346934693469393 -118.3495216819907796
46.9546954695469481 -79.9566216550011575
46.9746974697469852 -108.6952631533239071
46.9946994699469940 -82.6429688912742932
47.0147014701470312 -63.7412282423551702
47.0347034703470399 -71.1068063486737003
47.0547054705470487 -84.3026859501968175
47.0747074707470858 -93.3436311749943002
47.0947094709470946 -99.2414168614358090
47.1147114711471318 -105.3716741660167884
47.1347134713471405 -73.0114609454235506
47.1547154715471493 -85.9704113920143271
47.1747174717471864 -122.5745061146000694
47.1947194719471952 -149.3886102970442948
47.2147214721472324 -101.1015310350445162
47.2347234723472411 -111.1951276050881461
47.2547254725472499 -107.0879899497849550
47.2747274727472870 -101.0188668416372053
47.2947294729472958 -92.6213563995994491
47.3147314731473330 -95.3070767213712600
47.3347334733473417 -79.6906643304697440
47.3547354735473505 -82.2301389115398393
47.3747374737473876 -105.6285556562224457
47.3947394739473964 -114.3409004206891666
47.4147414741474336 -97.1480961948342099
47.4347434743474423 -149.0016360933015562
47.4547454745474511 -117.9386981474928291
47.4747474747474882 -67.1252279263697176
47.4947494749474970 -60.2859900512717388
47.5147514751475342 -106.2913680332500235
47.5347534753475429 -120.7087955583125591
47.5547554755475517 -119.4433906068291691
47.5747574757475888 -85.2093843604480554
47.5947594759475976 -103.1617619430236630
47.6147614761476348 -87.2555882389861353
47.6347634763476435 -73.1416692295761379
47.6547654765476523 -51.2260277900332923
47.6747674767476894 -94.7410617335901435
47.6947694769476982 -72.3848266414718751
47.7147714771477354 -61.2681061412447932
47.7347734773477441 -106.0743366610007286
47.7547754775477529 -75.9862199734598676
47.7747774777477900 -121.5647727696687923
47.7947794779477988 -91.6669009349106574
47.8147814781478360 -90.8122706113481115
47.8347834783478447 -92.9380547943729312
47.8547854785478535 -69.8009249887384442
47.8747874787478906 -116.9267760695453262
47.8947894789478994 -65.6647508537132012
47.9147914791479081 -131.1358524035541109
47.9347934793479453 -70.9093039259936546
47.9547954795479541 -84.5025133816623111
47.9747974797479912 -105.0849113451847643
47.9947994799480000 -90.4138537487968534
48.0148014801480087 -93.2445395710929574
48.0348034803480459 -96.3848420513771202
48.0548054805480547 -99.4970250755677341
48.0748074807480918 -99.9069874457842388
48.0948094809481006 -56.8921338188380048
48.1148114811481094 -101.9676615145829999
48.1348134813481465 -85.7453421774083893
48.1548154815481553 -102.5980102281660891
48.1748174817481924 -95.0544650900261558
48.1948194819482012 -74.5203947133947366
48.2148214821482100 -95.9668399773329952
48.2348234823482471 -94.7940199650873296
48.2548254825482559 -82.2048345218211836
48.2748274827482931 -102.9752691180004689
48.2948294829483018 -100.6239594456755526
48.3148314831483106 -132.3095811378304631
48.3348334833483477 -96.9562880673644401
48.3548354835483565 -101.4031483754333465
48.3748374837483937 -84.6220055201198704
48.3948394839484024 -100.4179258839737230
48.4148414841484112 -103.7111568321234500
48.4348434843484483 -63.8832816382312600
48.4548454845484571 -104.7912757886977033
48.4748474847484943 -75.8847002859764359
48.4948494849485030 -88.8940037929822324
48.5148514851485118 -86.5268377976318419
48.5348534853485489 -93.0992926755614718
48.5548554855485577 -100.0734372755608206
48.5748574857485949 -84.1551176696807488
48.5948594859486036 -85.4939756335647445
48.6148614861486124 -103.1109691065713037
48.6348634863486495 -88.8830860397797835
48.6548654865486583 -136.1905588081179417
48.6748674867486955 -108.5485340511336290
48.6948694869487042 -117.9288494471075666
48.7148714871487130 -99.6973396831352119
48.7348734873487501 -108.6801386385524921
48.7548754875487589 -106.2201758144450991
48.7748774877487961 -127.0183623931670951
48.7948794879488048 -147.3104023841142123
48.8148814881488136 -105.3043369727860750
48.8348834883488507 -97.5207710101180254
48.8548854885488595 -89.9036345537971187
48.8748874887488682 -52.1887032638229940
48.8948894889489054 -84.6048003915693414
48.9148914891489142 -90.7380633834203536
48.9348934893489513 -78.8873067136472770
48.9548954895489601 -83.7827952531823996
48.9748974897489688 -107.6965264483111753
48.9948994899490060 -85.3417707648015664
49.0149014901490148 -85.0064838727713550
49.0349034903490519 -108.4384713352438752
49.0549054905490607 -73.1966535307051629
49.0749074907490694 -107.9634343433831276
49.0949094909491066 -129.8274087408116486
49.1149114911491154 -105.2408490919087001
49.1349134913491525 -98.3850226686883076
49.1549154915491613 -124.2807904139144881
49.1749174917491700 -103.7058274801410676
49.1949194919492072 -86.5834190650300570
49.2149214921492160 -112.3282172481143562
49.2349234923492531 -135.0698137731623660
49.2549254925492619 -57.4608392758480448
49.2749274927492706 -99.4356583816164914
49.2949294929493078 -81.6109771596889999
49.3149314931493166 -91.0757350769043796
49.3349334933493537 -74.1021724784817337
49.3549354935493625 -92.7007842420591430
49.3749374937493712 -73.1061282969697288
49.3949394939494084 -104.2917118848304341
49.4149414941494172 -103.3489758917481396
49.4349434943494543 -116.9125846410465925
49.4549454945494631 -103.9160306212364873
49.4749474947494718 -73.9138217970811695
49.4949494949495090 -95.2182986614748472
49.5149514951495178 -108.1720643866438252
49.5349534953495549 -72.6730962522290582
49.5549554955495637 -93.5012177673662279
49.5749574957495724 -66.9258459707379529
49.5949594959496096 -37.4238323623359861
49.6149614961496184 -66.4935199476931587
49.6349634963496555 -82.0425787138504461
49.6549654965496643 -64.8596381731905609
49.6749674967496730 -86.8596902298978222
49.6949694969497102 -83.9410423510556996
49.7149714971497190 -104.6599451876018207
49.7349734973497561 -113.4741006703374637
49.7549754975497649 -59.9895837455325278
49.7749774977497736 -67.6327262166333725
49.7949794979498108 -108.6726278095701304
49.8149814981498196 -92.8130604868246962
49.8349834983498283 -131.2952041652193884
49.8549854985498655 -93.4042717072724002
49.8749874987498742 -69.4756571162692609
49.8949894989499114 -101.6007122607448707
49.9149914991499202 -121.3755427743161874
49.9349934993499289 -127.0634226932474178
49.9549954995499661 -68.7107634250399144
49.9749974997499748 -98.8065007315577049
49.9949994999500120 -82.2516031484313004
50.0150015001500208 -43.7820946007580432
50.0350035003500295 -97.4933253627922909
50.0550055005500667 -100.5762430281976805
50.0750075007500755 -94.4455623008565368
50.0950095009501126 -130.7113558371946169
50.1150115011501214 -103.1049969848619270
50.1350135013501301 -111.4508030254424540
50.1550155015501673 -98.3791576674600634
50.1750175017501761 -119.1515453135982341
50.1950195019502132 -71.1481723375064377
50.2150215021502220 -104.9879141266567331
50.2350235023502307 -45.6692130439549189
50.2550255025502679 -127.4133500261232541
50.2750275027502767 -55.0452193060074180
50.2950295029503138 -80.0778542778271003
50.3150315031503226 -102.1883217599890230
50.3350335033503313 -66.1177757672977435
50.3550355035503685 -104.4148540583701106
50.3750375037503773 -48.7545392206342285
50.3950395039504144 -106.6500218657871528
50.4150415041504232 -68.7835332943607938
50.4350435043504319 -119.7889067078914422
50.4550455045504691 -77.2994582970828361
50.4750475047504779 -70.2894087856062555
50.4950495049505150 -69.7809466540053336
50.5150515051505238 -68.5978796767702050
50.5350535053505325 -81.0704723077879521
50.5550555055505697 -116.1131333115431374
50.5750575057505785 -76.1185881331187773
50.5950595059506156 -73.0429460652550233
50.6150615061506244 -80.6669671686688474
50.6350635063506331 -82.2207678828477526
50.6550655065506703 -60.5214829560272278
50.6750675067506791 -122.6624512000524874
50.6950695069507162 -104.6059430245109638
50.7150715071507250 -78.6354709732724189
50.7350735073507337 -84.7378710088660512
50.7550755075507709 -81.7037564989631448
50.7750775077507797 -110.3551782475878582
50.7950795079507884 -123.3190204660978395
50.8150815081508256 -96.3616664681626389
50.8350835083508343 -99.2377662830743930
50.8550855085508715 -100.6945300177406324
50.8750875087508803 -99.4198697709608012
50.8950895089508890 -52.9427441284914622
50.9150915091509262 -75.5739753012749702
50.9350935093509349 -98.1998753333707697
50.9550955095509721 -112.4665095893352031
50.9750975097509809 -74.7574732676169447
50.9950995099509896 -82.3902240194252897
51.0151015101510268 -92.7472884743206549
51.0351035103510355 -52.0669018511888524
51.0551055105510727 -100.8302188494469931
51.0751075107510815 -79.6244946992772640
51.0951095109510902 -96.9679705279698680
51.1151115111511274 -69.5295652594123794
51.1351135113511361 -69.5356237353357187
51.1551155115511733 -116.4541290550405108
51.1751175117511821 -101.2920423225045283
51.1951195119511908 -98.3002119306686808
51.2151215121512280 -75.8538258417442108
51.2351235123512367 -82.4352128064536203
51.2551255125512739 -127.1662515850182871
51.2751275127512827 -120.7371730872655604
51.2951295129512914 -83.4836152417417452
51.3151315131513286 -96.9919445167309249
51.3351335133513373 -100.2256856755781627
51.3551355135513745 -87.7817490389081883
51.3751375137513833 -86.5710049311697247
51.3951395139513920 -96.3417000664348393
51.4151415141514292 -72.9689393558193444
51.4351435143514379 -114.1947165495266461
51.4551455145514751 -117.5577498087340871
51.4751475147514839 -124.1302798681166735
51.4951495149514926 -86.2290942622181973
51.5151515151515298 -79.1729211601208931
51.5351535153515385 -85.1011087589761672
51.5551555155515757 -69.9659142249533232
51.5751575157515845 -100.8280348610818464
51.5951595159515932 -98.2041326800432728
51.6151615161516304 -109.5668259817824293
51.6351635163516391 -78.8735922351824001
51.6551655165516763 -75.6878285702728988
51.6751675167516851 -82.1085674262825904
51.6951695169516938 -118.4371913127098708
51.7151715171517310 -97.6111266774964008
51.7351735173517397 -119.4878734561885381
51.7551755175517485 -112.0219240329068384
51.7751775177517857 -86.6985840006606736
51.7951795179517944 -84.0919315910141165
51.8151815181518316 -87.4534429264434721
51.8351835183518403 -96.5461972630283185
51.8551855185518491 -106.7429876596451521
51.8751875187518863 -108.0487326639451169
51.8951895189518950 -82.7182640035412646
51.9151915191519322 -73.6274379861727510
51.9351935193519409 -114.8545130709651971
51.9551955195519497 -88.7681281509676978
51.9751975197519869 -104.6770387447706412
51.9951995199519956 -89.1032233913358738
52.0152015201520328 -76.7871507006689598
52.0352035203520416 -73.1825147337763298
52.0552055205520503 -113.7353362585443932
52.0752075207520875 -113.4487372012183215
52.0952095209520962 -91.2528010020790674
52.1152115211521334 -97.1920263714342667
52.1352135213521422 -93.1100146316378243
52.1552155215521509 -92.6084775031958713
52.1752175217521881 -102.5487643258495467
52.1952195219521968 -76.8059721092515133
52.2152215221522340 -103.6557278258087962
52.2352235223522428 -93.4372932830668930
52.2552255225522515 -136.2567189677928923
52.2752275227522887 -123.2989751270245335
52.2952295229522974 -81.9367519263212642
52.3152315231523346 -73.0416201431551286
52.3352335233523434 -77.2395112280375571
52.3552355235523521 -109.9447399661106033
52.3752375237523893 -72.1352144678250653
52.3952395239523980 -83.2887317866902777
52.4152415241524352 -88.9083062553698227
52.4352435243524440 -92.0013145455988735
52.4552455245524527 -101.3390581941240214
52.4752475247524899 -87.7759995493308480
52.4952495249524986 -78.3335593928892280
52.5152515251525358 -96.4435841249386527
52.5352535253525446 -112.3614839241266452
52.5552555255525533 -57.9202500387664756
52.5752575257525905 -103.8269294406460119
52.5952595259525992 -71.6228505936009867
52.6152615261526364 -88.5324336914327858
52.6352635263526452 -102.0186285510150697
52.6552655265526539 -65.8980339102650277
52.6752675267526911 -99.7683410976490279
52.6952695269526998 -96.7485877445548113
52.7152715271527086 -78.9123138478932873
52.7352735273527458 -103.7266693984253010
52.7552755275527545 -86.9967490933159553
52.7752775277527917 -70.0582601044109481
52.7952795279528004 -54.3770408074119231
52.8152815281528092 -83.5608487908585289
52.8352835283528464 -106.7891640118902217
52.8552855285528551 -102.3798404692750097
52.8752875287528923 -78.9360539659727891
52.8952895289529010 -102.8787873957117966
52.9152915291529098 -119.8125712223747286
52.9352935293529470 -84.0120810061265786
52.9552955295529557 -69.5921811408789921
52.9752975297529929 -103.9158273361595661
52.9952995299530016 -89.8108813722857064
53.0153015301530104 -80.4969040489722403
53.0353035303530476 -100.2786954674932645
53.0553055305530563 -100.1615245611073988
53.0753075307530935 -78.5318512139897820
53.0953095309531022 -83.6069153853447773
53.1153115311531110 -114.0104647040395776
53.1353135313531482 -76.3468605691311666
53.1553155315531569 -83.8756151905038081
53.1753175317531941 -66.7281874505456187
53.1953195319532028 -123.0304507039286648
53.2153215321532116 -76.8197895773744222
53.2353235323532488 -76.2707256051016458
53.2553255325532575 -76.8383878666618898
53.2753275327532947 -108.8344442374088601
53.2953295329533034 -87.9462313041031933
53.3153315331533122 -77.1483425492103834
53.3353335333533494 -59.2424815272488487
53.3553355335533581 -71.4460729361387195
53.3753375337533953 -75.9177029156292207
53.3953395339534040 -95.6181767965606610
53.4153415341534128 -88.6468569115113070
53.4353435343534500 -100.4050863451595319
53.4553455345534587 -73.3810637152950278
53.4753475347534959 -64.1629784901847700
53.4953495349535046 -110.5781886102347187
53.5153515351535134 -94.2833830398548258
53.5353535353535506 -118.6413627255743677
53.5553555355535593 -93.3596692785429525
53.5753575357535965 -87.0137390309953105
53.5953595359536052 -50.1684456693817822
53.6153615361536140 -115.3727874011178898
53.6353635363536512 -76.3073021342879656
53.6553655365536599 -122.0328557219101242
53.6753675367536971 -58.9619294361653274
53.6953695369537058 -85.6886546684247037
53.7153715371537146 -101.6665191408345947
53.7353735373537518 -98.9286538176798587
53.7553755375537605 -55.4477856201563029
53.7753775377537693 -136.1135642077575767
53.7953795379538064 -79.2180740666276648
53.8153815381538152 -101.3753484602437283
53.8353835383538524 -85.6388312422020164
53.8553855385538611 -130.7787442806670128
53.8753875387538699 -60.0655943274090731
53.8953895389539070 -109.5780443647584832
53.9153915391539158 -89.8642106246989556
53.9353935393539530 -110.0359087117626729
53.9553955395539617 -77.0313412013834551
53.9753975397539705 -112.8094156157540908
53.9953995399540077 -59.1228681875286242
54.0154015401540164 -96.1298399755998787
54.0354035403540536 -65.0233104340850332
54.0554055405540623 -114.9184683297920202
54.0754075407540711 -116.7600312182240572
54.0954095409541083 -69.0477006790947314
54.1154115411541170 -104.9738712348318757
54.1354135413541542 -83.6545831350109381
54.1554155415541629 -112.1438169544268106
54.1754175417541717 -103.8971159142387961
54.1954195419542089 -77.5065885028585342
54.2154215421542176 -59.1557946721680779
54.2354235423542548 -89.2334986361940992
54.2554255425542635 -99.8290867945260771
54.2754275427542723 -98.0331090590326824
54.2954295429543095 -99.5286500101515088
54.3154315431543182 -129.9251350927989961
54.3354335433543554 -83.0215740465565801
54.3554355435543641 -95.5744115375488263
54.3754375437543729 -110.0535213833033197
54.3954395439544101 -62.0849840318464814
54.4154415441544188 -66.1102317540848787
54.4354435443544560 -81.2976602852095169
54.4554455445544647 -103.5880102451820619
54.4754475447544735 -80.6643090431749812
54.4954495449545107 -84.2235347600473716
54.5154515451545194 -92.9807649961450267
54.5354535453545566 -99.1973530188222128
54.5554555455545653 -122.4541782686825684
54.5754575457545741 -85.2873084221966309
54.5954595459546113 -66.6546379695114695
54.6154615461546200 -72.2743903331555941
54.6354635463546572 -82.2137863509008042
54.6554655465546659 -91.4417007643572219
54.6754675467546747 -82.0139786502930974
54.6954695469547119 -78.5450767216363062
54.7154715471547206 -94.8455346370768950
54.7354735473547294 -83.1397561198067194
54.7554755475547665 -82.8229420865825858
54.7754775477547753 -99.8908338543493386
54.7954795479548125 -93.9789369912930681
54.8154815481548212 -119.1665153250795299
54.8354835483548300 -68.8847757988435063
54.8554855485548671 -75.1082980461779925
54.8754875487548759 -92.1845832093235344
54.8954895489549131 -64.6359886387982669
54.9154915491549218 -81.2562347039289392
54.9354935493549306 -78.8325257588669501
54.9554955495549677 -57.2989742871185257
54.9754975497549765 -68.6182073368718193
54.9954995499550137 -94.4888054222472817
55.0155015501550224 -78.7254044401513369
55.0355035503550312 -91.3263201468527512
55.0555055505550683 -93.9190847456360700
55.0755075507550771 -55.5965804835557122
55.0955095509551143 -99.6234216449910548
55.1155115511551230 -112.2127385453254078
55.1355135513551318 -76.5948953129678927
55.1555155515551689 -84.5052093286620902
55.1755175517551777 -107.6813975959968985
55.1955195519552149 -92.5342825190222555
55.2155215521552236 -73.0526981570099849
55.2355235523552324 -77.0464893468136154
55.2555255525552695 -92.2598236796901574
55.2755275527552783 -109.8218947542811463
55.2955295529553155 -86.2201806884746418
55.3155315531553242 -94.6931910400525823
55.3355335533553330 -76.2425890385894292
55.3555355535553701 -82.7543512081160202
55.3755375537553789 -81.1241989703722908
55.3955395539554161 -73.7433936180419920
55.4155415541554248 -62.5514884056668450
55.4355435543554336 -95.8992863696282711
55.4555455545554707 -94.9475914088712898
55.4755475547554795 -94.4615194699871950
55.4955495549555167 -51.4269436229355819
55.5155515551555254 -120.1427524499899562
55.5355535553555342 -112.2762521987760067
55.5555555555555713 -68.1191135021243213
55.5755575557555801 -133.0670222653810981
55.5955595559556173 -80.6374796166946481
55.6155615561556260 -91.2511227419290520
55.6355635563556348 -117.6758045537275450
55.6555655565556719 -53.8939704415732947
55.6755675567556807 -90.4418712723988563
55.6955695569556894 -67.4437919111156248
55.7155715571557266 -83.5325324560087807
55.7355735573557354 -83.4069915087671063
55.7555755575557725 -75.5205927535962189
55.7755775577557813 -59.7551507992144479
55.7955795579557901 -100.5937230499735904
55.8155815581558272 -87.5780781140288553
55.8355835583558360 -111.6591460352548921
55.8555855585558731 -63.8412726589697215
55.8755875587558819 -93.2662499740533093
55.8955895589558907 -120.0564747605406808
55.9155915591559278 -99.9264756914355416
55.9355935593559366 -60.0249493726770638
55.9555955595559738 -62.1294574596869467
55.9755975597559825 -86.1103956402662050
55.9955995599559913 -81.5753341810986115
56.0156015601560284 -99.3680486638403693
56.0356035603560372 -135.1866573595963814
56.0556055605560744 -68.3303568258218377
56.0756075607560831 -82.4102157179151931
56.0956095609560919 -94.6520191913934070
56.1156115611561290 -88.4703760917968651
56.1356135613561378 -101.4595081137211565
56.1556155615561750 -94.4665637974451045
56.1756175617561837 -93.9762019691057304
56.1956195619561925 -77.4808508274138177
56.2156215621562296 -110.9176316500020505
56.2356235623562384 -94.1584261998628449
56.2556255625562756 -74.7531908674381214
56.2756275627562843 -92.2872276623729419
56.2956295629562931 -71.3445727103460001
56.3156315631563302 -101.3404352915311506
56.3356335633563390 -87.1204365365688034
56.3556355635563762 -64.5482735488726291
56.3756375637563849 -94.2924648004016319
56.3956395639563937 -93.9086641892713629
56.4156415641564308 -85.4093616714712027
56.4356435643564396 -59.9705699488010993
56.4556455645564768 -73.8505926238550217
56.4756475647564855 -84.0251644287360620
56.4956495649564943 -75.5190649600332620
56.5156515651565314 -93.6582189760099197
56.5356535653565402 -116.2464256525027508
56.5556555655565774 -67.6017798431414434
56.5756575657565861 -101.5659918133376465
56.5956595659565949 -75.9725290262165061
56.6156615661566320 -70.5009807252064036
56.6356635663566408 -106.0904050695949365
56.6556655665566495 -80.5143219840457647
56.6756675667566867 -72.4148090642794386
56.6956695669566955 -46.0375645880494133
56.7156715671567326 -80.1866608989105032
56.7356735673567414 -96.6963540574695912
56.7556755675567501 -128.3311116795652822
56.7756775677567873 -59.6141584283149513
56.7956795679567961 -99.1203110380941723
56.8156815681568332 -67.9016605369958199
56.8356835683568420 -100.3406135668759873
56.8556855685568507 -94.3487380284795876
56.8756875687568879 -64.5391729403172008
56.8956895689568967 -122.5425967432288701
56.9156915691569338 -89.2931750908384743
56.9356935693569426 -80.4098359145352788
56.9556955695569513 -82.1082806246428447
56.9756975697569885 -92.6306643710213535
56.9956995699569973 -54.3297671391413672
57.0157015701570344 -100.4676981917117189
57.0357035703570432 -89.3432210484442635
57.0557055705570519 -86.9878605357519916
57.0757075707570891 -93.5751083902077028
57.0957095709570979 -91.9145217023534684
57.1157115711571350 -89.4518668145657188
57.1357135713571438 -81.6506010253372949
57.1557155715571525 -81.9764996291421966
57.1757175717571897 -40.2604122991871520
57.1957195719571985 -68.5810096808766900
57.2157215721572356 -44.2224588288958600
57.2357235723572444 -113.1013695932876999
57.2557255725572531 -67.7000481124863995
57.2757275727572903 -87.2008123023556720
57.2957295729572991 -95.0227327635827947
57.3157315731573362 -96.8819312925504903
57.3357335733573450 -88.1967782734202359
57.3557355735573537 -72.7259518054298582
57.3757375737573909 -79.4449094508057527
57.3957395739573997 -87.3242401344504344
57.4157415741574368 -67.4666798104345133
57.4357435743574456 -74.6268064721597426
57.4557455745574543 -116.9889757235160346
57.4757475747574915 -69.7866242713424612
57.4957495749575003 -91.1588880977655833
57.5157515751575374 -92.1808821314706108
57.5357535753575462 -101.5266551710798240
57.5557555755575549 -123.3080954208709556
57.5757575757575921 -51.0215577998429808
57.5957595759576009 -127.0172383433975938
57.6157615761576096 -100.8726058140380530
57.6357635763576468 -91.2236118292038896
57.6557655765576555 -63.9425111272957878
57.6757675767576927 -75.6610880976991353
57.6957695769577015 -70.1402576547479697
57.7157715771577102 -73.7219929434057519
57.7357735773577474 -67.5441014422247150
57.7557755775577562 -116.6372901321428088
57.7757775777577933 -87.9858550137899158
57.7957795779578021 -86.5637407170325162
57.8157815781578108 -39.2606282281678389
57.8357835783578480 -52.7802392072500766
57.8557855785578568 -70.3609218214811136
57.8757875787578939 -89.3119407351345558
57.8957895789579027 -55.6321134928548631
57.9157915791579114 -108.8215932188537067
57.9357935793579486 -64.9916266524972457
57.9557955795579574 -79.2343436748341787
57.9757975797579945 -86.4997260386431606
57.9957995799580033 -30.6868059608339081
58.0158015801580120 -110.4860237685231823
58.0358035803580492 -81.3280296111029628
58.0558055805580580 -72.4768490641351093
58.0758075807580951 -66.8462138030134554
58.0958095809581039 -64.6419074603480084
58.1158115811581126 -55.5968821232517527
58.1358135813581498 -84.8880037414891149
58.1558155815581586 -63.2488974589900366
58.1758175817581957 -97.3540176246732898
58.1958195819582045 -63.1188601115164616
58.2158215821582132 -58.3633238771179990
58.2358235823582504 -91.2721628192142589
58.2558255825582592 -52.0066753569581266
58.2758275827582963 -75.9405089076971933
58.2958295829583051 -128.8435162208028544
58.3158315831583138 -73.8032048622704622
58.3358335833583510 -84.7365878136327808
58.3558355835583598 -84.3070163287257799
58.3758375837583969 -82.0428754839084604
58.3958395839584057 -69.7059951766202772
58.4158415841584144 -85.0003923429191843
58.4358435843584516 -39.4174466403652843
58.4558455845584604 -57.3536773603592422
58.4758475847584975 -114.1258548286300538
58.4958495849585063 -80.6100025829153850
58.5158515851585150 -60.3617104908416238
58.5358535853585522 -57.2712405741629311
58.5558555855585610 -96.0543612336918073
58.5758575857585697 -50.7997980285145445
58.5958595859586069 -48.9953495975753484
58.6158615861586156 -43.6079575033746210
58.6358635863586528 -71.0392830025460427
58.6558655865586616 -81.2321120125868958
58.6758675867586703 -48.5404205720848339
58.6958695869587075 -74.8941851134410683
58.7158715871587162 -33.3757665773284842
58.7358735873587534 -49.6434714676790705
58.7558755875587622 -70.2507128402514525
58.7758775877587709 -92.6343999748294777
58.7958795879588081 -87.8258386836595975
58.8158815881588168 -70.8629555525682235
58.8358835883588540 -70.6534402410781155
58.8558855885588628 -77.8987717719312798
58.8758875887588715 -78.7409709019920285
58.8958895889589087 -55.4299622547805200
58.9158915891589174 -71.5534564876077042
58.9358935893589546 -59.7252426284682798
58.9558955895589634 -109.2732739058831868
58.9758975897589721 -90.1093435953399222
58.9958995899590093 -49.8452629367845361
59.0159015901590180 -91.1755462004980330
59.0359035903590552 -67.3895439636551146
59.0559055905590640 -40.3679000165902480
59.0759075907590727 -88.1960594748462086
59.0959095909591099 -112.0525381037053592
59.1159115911591186 -68.0052020869129734
59.1359135913591558 -60.0519266823770792
59.1559155915591646 -56.8495421260452787
59.1759175917591733 -57.2470678486366111
59.1959195919592105 -76.5130256432278202
59.2159215921592192 -44.8158204212160243
59.2359235923592564 -85.1905724056933309
59.2559255925592652 -51.9505855790556836
59.2759275927592739 -78.3324455479999813
59.2959295929593111 -77.1771925416997675
59.3159315931593198 -57.6446241224714271
59.3359335933593570 -85.4850342312827962
59.3559355935593658 -61.5524746831449150
59.3759375937593745 -55.7844779924845326
59.3959395939594117 -96.3715888279183446
59.4159415941594204 -68.1348492885951202
59.4359435943594576 -82.6392111933614899
59.4559455945594664 -83.5798738320439725
59.4759475947594751 -56.0839529091781515
59.4959495949595123 -83.1620800748525255
59.5159515951595210 -57.6496551252951690
59.5359535953595298 -48.5960183327847659
59.5559555955595670 -87.8282914683889260
59.5759575957595757 -61.5827063124834524
59.5959595959596129 -71.2415751277048486
59.6159615961596216 -76.6874414660814239
59.6359635963596304 -71.2562985011978753
59.6559655965596676 -61.9061772217567921
59.6759675967596763 -45.2807304227159335
59.6959695969597135 -80.1801862655131998
59.7159715971597223 -86.5889678808226790
59.7359735973597310 -63.0107065582098045
59.7559755975597682 -65.2855357053914673
59.7759775977597769 -78.1030333368137377
59.7959795979598141 -97.8031676189378345
59.8159815981598229 -68.8538678395972283
59.8359835983598316 -72.6090189878689074
59.8559855985598688 -66.6185235751366776
59.8759875987598775 -84.6603724354181537
59.8959895989599147 -69.7781692930864921
59.9159915991599235 -29.7691742574836269
59.9359935993599322 -80.6634504862875303
59.9559955995599694 -115.3442797389479892
59.9759975997599781 -42.7594003562922040
59.9959995999600153 -64.5611887669616777
60.0160016001600241 -41.7304156423785599
60.0360036003600328 -87.7709364328475061
60.0560056005600700 -31.1610027944819379
60.0760076007600787 -65.5879371309998902
60.0960096009601159 -95.4188812228510415
60.1160116011601247 -99.9452462861105602
60.1360136013601334 -38.4859014047570227
60.1560156015601706 -40.7987368268812247
60.1760176017601793 -58.8736098814886120
60.1960196019602165 -76.8856459474910992
60.2160216021602253 -58.5630850826278717
60.2360236023602340 -53.0508290544885881
60.2560256025602712 -100.6207778715453998
60.2760276027602799 -40.5410457523644681
60.2960296029603171 -73.2403506930732249
60.3160316031603259 -82.6269680680606911
60.3360336033603346 -72.2697554383051823
60.3560356035603718 -70.7254133444195503
60.3760376037603805 -81.1986199192475055
60.3960396039604177 -48.0003967281088961
60.4160416041604265 -76.7352802082859995
60.4360436043604352 -83.2866487453356541
60.4560456045604724 -67.5751150367897111
60.4760476047604811 -61.5531902398553115
60.4960496049604899 -53.1195677192741300
60.5160516051605271 -42.8379282395064180
60.5360536053605358 -28.3750235611522612
60.5560556055605730 -69.0631638849701091
60.5760576057605817 -65.9897011882466415
60.5960596059605905 -49.5476970809228234
60.6160616061606277 -51.0671393705902403
60.6360636063606364 -73.8601880565742732
60.6560656065606736 -63.6093236685431123
60.6760676067606823 -112.4687694042324324
60.6960696069606911 -60.5923950134672609
60.7160716071607283 -50.2865102077680319
60.7360736073607370 -99.1472191110713510
60.7560756075607742 -62.1908080089282507
60.7760776077607829 -84.2464208723589820
60.7960796079607917 -40.9982447187730514
60.8160816081608289 -59.2556245682031744
60.8360836083608376 -41.4429999873528061
60.8560856085608748 -55.3434583561139775
60.8760876087608835 -31.9547918381221052
60.8960896089608923 -116.6529857501544001
60.9160916091609295 -93.8966489294395075
60.9360936093609382 -83.5203077075639584
60.9560956095609754 -55.8400035178662222
60.9760976097609841 -42.8804325123495573
60.9960996099609929 -71.8674806035283069
61.0161016101610301 -31.8777433713177700
61.0361036103610388 -77.0924268741528920
61.0561056105610760 -49.1912970348054728
61.0761076107610847 -54.2906892882643248
61.0961096109610935 -37.4187182246860957
61.1161116111611307 -45.9465318413977215
61.1361136113611394 -20.3567424514765705
61.1561156115611766 -60.4072183634416362
61.1761176117611853 -63.6927537755455404
61.1961196119611941 -53.2058609739000374
61.2161216121612313 -43.5573690467211918
61.2361236123612400 -61.8916010157312826
61.2561256125612772 -11.2573943783731849
61.2761276127612859 -58.6472313333974284
61.2961296129612947 -74.9600522277877985
61.3161316131613319 -75.1947418991269103
61.3361336133613406 -60.0706861121722326
61.3561356135613778 -57.0235399478764435
61.3761376137613865 -55.8901882716476024
61.3961396139613953 -54.1099965575220168
61.4161416141614325 -74.7589340329725047
61.4361436143614412 -36.8952104082671752
61.4561456145614500 -74.9457562510673370
61.4761476147614871 -62.9873474274615361
61.4961496149614959 -48.1859148711592553
61.5161516151615331 -45.4863055387260431
61.5361536153615418 -78.9193329811769075
61.5561556155615506 -60.5211714247712820
61.5761576157615877 -59.7567822671585489
61.5961596159615965 -52.7312035603416760
61.6161616161616337 -62.3582965735850507
61.6361636163616424 -50.4452661325670988
61.6561656165616512 -65.8816411817400365
61.6761676167616884 -65.4638492573584330
61.6961696169616971 -56.5012054958425409
61.7161716171617343 -78.1769910424737020
61.7361736173617430 -50.0286233843280428
61.7561756175617518 -60.9403246382222648
61.7761776177617890 -42.7859285679793970
61.7961796179617977 -48.0419213743667370
61.8161816181618349 -85.1320573753155116
61.8361836183618436 -56.6473633797888283
61.8561856185618524 -46.0906231800003923
61.8761876187618896 -35.2891965072468565
61.8961896189618983 -36.9825008533935318
61.9161916191619355 -66.7670257897953974
61.9361936193619442 -91.4237670514955880
61.9561956195619530 -78.0359800391304361
61.9761976197619902 -20.5662611957152635
61.9961996199619989 -61.4486290915365672
62.0162016201620361 -57.8699868954774459
62.0362036203620448 -79.3962558695336327
62.0562056205620536 -49.8582332317595558
62.0762076207620908 -68.7145427849746255
62.0962096209620995 -73.7345583734518897
62.1162116211621367 -69.8617872300141443
62.1362136213621454 -60.0027102181747125
62.1562156215621542 -51.2065364700788592
62.1762176217621914 -54.4041282015770236
62.1962196219622001 -30.2962648883447550
62.2162216221622373 -50.3491355460972727
62.2362236223622460 -83.4522725262641814
62.2562256225622548 -61.2230704915611597
62.2762276227622920 -87.0725565705625257
62.2962296229623007 -50.6474766708871300
62.3162316231623379 -90.8103299601053209
62.3362336233623466 -73.6680926819413742
62.3562356235623554 -37.8019468049308500
62.3762376237623926 -42.7357518213561747
62.3962396239624013 -66.8245969171125438
62.4162416241624101 -68.2854352027892446
62.4362436243624472 -65.0449036883228615
62.4562456245624560 -70.8218296293446627
62.4762476247624932 -65.9557983457134327
62.4962496249625019 -81.2700307929959251
62.5162516251625107 -69.0491404056715794
62.5362536253625478 -71.5632095410674509
62.5562556255625566 -76.1464105058252443
62.5762576257625938 -38.2354329255221828
62.5962596259626025 -59.2373195604082596
62.6162616261626113 -56.4462278144283687
62.6362636263626484 -30.7444453193389613
62.6562656265626572 -89.9099594216084483
62.6762676267626944 -40.1694097263911090
62.6962696269627031 -38.2770516795482934
62.7162716271627119 -80.5071965109593748
62.7362736273627490 -77.3614235930295706
62.7562756275627578 -34.6985448047868061
62.7762776277627950 -69.0397432541457192
62.7962796279628037 -51.1699983538284613
62.8162816281628125 -62.2768985374374537
62.8362836283628496 -41.5320896437635838
62.8562856285628584 -55.1875171681402890
62.8762876287628956 -66.8053055632175159
62.8962896289629043 -58.4198111158971187
62.9162916291629131 -62.4235057513830611
62.9362936293629502 -50.2713045587224769
62.9562956295629590 -79.8591681569779013
62.9762976297629962 -108.8248667285324132
62.9962996299630049 -50.3726258305603807
63.0163016301630137 -82.3643307891348684
63.0363036303630508 -69.4664287245021228
63.0563056305630596 -72.2132131622403932
63.0763076307630968 -51.9597939009654226
63.0963096309631055 -40.1469192294278443
63.1163116311631143 -80.6081923677060814
63.1363136313631514 -50.4615906907529705
63.1563156315631602 -56.9915863515369239
63.1763176317631974 -59.4358689502683148
63.1963196319632061 -37.0450517686815175
63.2163216321632149 -82.0864850401881370
63.2363236323632520 -75.4798463692604571
63.2563256325632608 -49.3750202373215998
63.2763276327632980 -62.3309333105306678
63.2963296329633067 -86.1993796631675053
63.3163316331633155 -57.3388335416777792
63.3363336333633526 -77.3256596553186455
63.3563356335633614 -61.2885339945380991
63.3763376337633701 -73.5121771789696083
63.3963396339634073 -75.9173590427363933
63.4163416341634161 -73.6061426685806452
63.4363436343634532 -73.5357870234663693
63.4563456345634620 -40.5218240874582989
63.4763476347634708 -45.1976648831398862
63.4963496349635079 -54.1193852154110786
63.5163516351635167 -64.3727425266713595
63.5363536353635538 -41.5795519853437838
63.5563556355635626 -49.8540922196831531
63.5763576357635714 -48.9353809434879281
63.5963596359636085 -51.5413929250826257
63.6163616361636173 -47.9186624484260477
63.6363636363636545 -61.3965065767763321
63.6563656365636632 -58.8238921881582613
63.6763676367636720 -89.5129500043069299
63.6963696369637091 -50.4435117797202395
63.7163716371637179 -49.0807343070807178
63.7363736373637551 -89.0876331510111470
63.7563756375637638 -65.4837017186001162
63.7763776377637726 -44.3490108070895772
63.7963796379638097 -35.5836747282079671
63.8163816381638185 -79.1177029394175548
63.8363836383638557 -59.1895291697093882
63.8563856385638644 -38.9449706139478806
63.8763876387638732 -68.1550616700138789
63.8963896389639103 -72.4350078813420026
63.9163916391639191 -57.3113351843075023
63.9363936393639563 -74.7853426135791324
63.9563956395639650 -56.9592141645156147
63.9763976397639738 -26.0855113661038907
63.9963996399640109 -53.3955172583814388
64.0164016401640197 -44.2286447988140807
64.0364036403640569 -61.1121324823950260
64.0564056405640656 -15.8423392263530687
64.0764076407640744 -76.8506453176372162
64.0964096409641115 -18.0544398040520520
64.1164116411641203 -63.4254284897180085
64.1364136413641575 -52.2402116894264452
64.1564156415641662 -56.4627009413317396
64.1764176417641750 -65.8192502878056160
64.1964196419642121 -26.5750874259839982
64.2164216421642209 -35.7418977275643783
64.2364236423642581 -95.0260344943008022
64.2564256425642668 -55.0848702029100608
64.2764276427642756 -61.3729092931817632
64.2964296429643127 -63.3537010262119580
64.3164316431643215 -69.7463970192524272
64.3364336433643587 -67.9527903297394573
64.3564356435643674 -69.1678943988500237
64.3764376437643762 -59.9006819440255782
64.3964396439644133 -60.3509060632206271
64.4164416441644221 -93.6921431860085363
64.4364436443644308 -32.5459640443229290
64.4564456445644680 -59.9329251592005647
64.4764476447644768 -49.7601892712596054
64.4964496449645139 -46.5552683525312716
64.5164516451645227 -29.6851411237691067
64.5364536453645314 -36.9670616430713608
64.5564556455645686 -48.8549508929614049
64.5764576457645774 -68.5995613782943536
64.5964596459646145 -50.5941351070947221
64.6164616461646233 -48.3783746551319922
64.6364636463646320 -56.1917704134816987
64.6564656465646692 -41.1184049939537459
64.6764676467646780 -18.4823219799301981
64.6964696469647151 -79.4219947610267241
64.7164716471647239 -42.7809147856433896
64.7364736473647326 -38.2978989370236320
64.7564756475647698 -43.5663741481619411
64.7764776477647786 -59.1455580175951070
64.7964796479648157 -51.8495132618307935
64.8164816481648245 -29.5460171384708907
64.8364836483648332 -42.0718890101225043
64.8564856485648704 -71.1602411102051207
64.8764876487648792 -55.3190929588984019
64.8964896489649163 -41.4506673098440217
64.9164916491649251 -37.6226429999124150
64.9364936493649338 -57.0462963261204834
64.9564956495649710 -36.7351403802058911
64.9764976497649798 -79.1588164203445501
64.9964996499650169 -65.4994798433144467
65.0165016501650257 -40.4296013384445061
65.0365036503650344 -32.6578332991932712
65.0565056505650716 -53.5225065673327691
65.0765076507650804 -52.8938124317654754
65.0965096509651175 -21.9419929131984368
65.1165116511651263 -78.8577805287921763
65.1365136513651350 -62.0658059999621727
65.1565156515651722 14.7528985482430102
65.1765176517651810 -35.7824302894424733
65.1965196519652181 -71.0580893550176853
65.2165216521652269 -72.4515015793818122
65.2365236523652356 -37.9791516710603574
65.2565256525652728 -73.2928022951946616
65.2765276527652816 -43.2147556567273057
65.2965296529653187 -67.2633600348349319
65.3165316531653275 -85.0533383606831421
65.3365336533653362 -55.3317176757389220
65.3565356535653734 -62.9908547613879009
65.3765376537653822 -79.6235840548341400
65.3965396539653909 -53.9363470357275574
65.4165416541654281 -35.9718986007096362
65.4365436543654369 -60.3853506540875600
65.4565456545654740 -20.8055914708455205
65.4765476547654828 -62.0055117172085488
65.4965496549654915 -52.2779024707305240
65.5165516551655287 -56.5232735473577463
65.5365536553655375 -70.1625512766236028
65.5565556555655746 -46.8207225492479182
65.5765576557655834 -3.6194512422768526
65.5965596559655921 -57.0935748817684896
65.6165616561656293 -51.9378517009094480
65.6365636563656381 -64.3351231035309326
65.6565656565656752 -50.2377531476285810
65.6765676567656840 -61.7233343890505992
65.6965696569656927 -38.0421547086279261
65.7165716571657299 -50.1001305960107644
65.7365736573657387 -40.2948286646461682
65.7565756575657758 -50.2904080510846470
65.7765776577657846 -48.0923198156538589
65.7965796579657933 -86.8037222189250315
65.8165816581658305 -32.9600928204445012
65.8365836583658393 -34.4103523989325453
65.8565856585658764 -62.0680873212541258
65.8765876587658852 -57.5522893982839818
65.8965896589658939 -13.7256584485710036
65.9165916591659311 -58.0797753575571818
65.9365936593659399 -41.3518721598550414
65.9565956595659770 -11.0312552060589439
65.9765976597659858 -41.3795205884566926
65.9965996599659945 -18.6620106021818195
66.0166016601660317 -52.0179281227747978
66.0366036603660405 -76.0912026440596776
66.0566056605660776 -50.3857998124031283
66.0766076607660864 -40.6287986404998520
66.0966096609660951 -45.5297611706354672
66.1166116611661323 -34.8032368289473197
66.1366136613661411 -74.9273414887388043
66.1566156615661782 -29.5046173406325458
66.1766176617661870 -37.4002150872798893
66.1966196619661957 -43.5066351985763049
66.2166216621662329 -68.7240214589243976
66.2366236623662417 -45.9312793827883894
66.2566256625662788 -19.9765499940633688
66.2766276627662876 -24.8769303197751412
66.2966296629662963 -40.4318148010863396
66.3166316631663335 7.6092769091953656
66.3366336633663423 -75.3429029371810941
66.3566356635663510 -48.4878016163282766
66.3766376637663882 -48.3696042354912947
66.3966396639663969 -68.0605483576773054
66.4166416641664341 -16.6195977891938611
66.4366436643664429 -17.9976392186650642
66.4566456645664516 -55.9345727220472000
66.4766476647664888 -31.5600290237991530
66.4966496649664975 -72.5422449426573905
66.5166516651665347 -32.6707780480040668
66.5366536653665435 -53.3315964635247539
66.5566556655665522 -51.1151465233628457
66.5766576657665894 -45.9076362493909542
66.5966596659665981 -38.5856963291871651
66.6166616661666353 -46.6404079396521496
66.6366636663666441 -57.8431823436785209
66.6566656665666528 -29.8231565398493608
66.6766676667666900 -53.6100347764087886
66.6966696669666987 -96.2628382436486163
66.7166716671667359 -51.5182943327928555
66.7366736673667447 -51.2045457884309201
66.7566756675667534 -43.6356704826559110
66.7766776677667906 -61.4710580787709944
66.7966796679667993 -15.0227573166546655
66.8166816681668365 -35.8312290737758374
66.8366836683668453 -95.9986286016948895
66.8566856685668540 -36.2205688718918708
66.8766876687668912 -68.7122098442916354
66.8966896689668999 -43.7379499609634053
66.9166916691669371 -65.1678971333858783
66.9366936693669459 -38.5103087731083065
66.9566956695669546 -34.1269889242258273
66.9766976697669918 -47.0163854272868775
66.9966996699670005 -38.2516821198422718
67.0167016701670377 -68.2949087197966236
67.0367036703670465 -66.1838158067971136
67.0567056705670552 -71.3340609104560315
67.0767076707670924 -44.5250466909744631
67.0967096709671011 -57.0367310865940595
67.1167116711671383 -33.6580813840053708
67.1367136713671471 -37.9488599487729985
67.1567156715671558 -46.9946728102329487
67.1767176717671930 -59.0698587156065571
67.1967196719672017 -14.1924777089370373
67.2167216721672389 -75.4445958769050833
67.2367236723672477 -42.1511868117538100
67.2567256725672564 -50.0459662885840828
67.2767276727672936 -38.8026610484411094
67.2967296729673023 -83.3916720802406815
67.3167316731673111 -42.0504617510230077
67.3367336733673483 -33.6849079018816013
67.3567356735673570 -73.5958835101747013
67.3767376737673942 -38.0447069225154522
67.3967396739674030 -78.8570004581518589
67.4167416741674117 -60.5990088417061514
67.4367436743674489 -18.1313200039714388
67.4567456745674576 -57.4558162837927000
67.4767476747674948 -63.8205890479857771
67.4967496749675036 -54.9040195959327875
67.5167516751675123 -61.0459008444597870
67.5367536753675495 -6.9970651706052891
67.5567556755675582 -39.2831825034511439
67.5767576757675954 -17.6258172104601378
67.5967596759676042 -38.6604632876422798
67.6167616761676129 -70.7355106453380955
67.6367636763676501 -43.0004119595549241
67.6567656765676588 -40.7768392158538475
67.6767676767676960 -7.9208590727713002
67.6967696769677048 -43.1705759464151555
67.7167716771677135 -16.5888023983759503
67.7367736773677507 -74.9424463729370416
67.7567756775677594 -68.3074637575482058
67.7767776777677966 -44.6130342894790246
67.7967796779678054 -71.6641465155298221
67.8167816781678141 -51.4581744586042191
67.8367836783678513 -30.8537627975595257
67.8567856785678600 -22.7919246299667826
67.8767876787678972 -48.4319795546230125
67.8967896789679060 -56.8572935497315370
67.9167916791679147 -96.1636918596542500
67.9367936793679519 -72.9542813383067141
67.9567956795679606 -25.2890934570150456
67.9767976797679978 -30.3075290912804931
67.9967996799680066 -106.8081828118637731
68.0168016801680153 -38.8491514338284745
68.0368036803680525 -24.9087201037293298
68.0568056805680612 -12.5893439304215491
68.0768076807680984 -46.9864242571275526
68.0968096809681072 -25.0753057605001253
68.1168116811681159 -56.4322764624666178
68.1368136813681531 -27.7895125703224224
68.1568156815681618 -46.8170611150888902
68.1768176817681990 -23.4400700080667761
68.1968196819682078 -41.5661276397415733
68.2168216821682165 -34.5635841416428065
68.2368236823682537 -80.7871443192002801
68.2568256825682624 -48.5974331967232658
68.2768276827682712 -20.3396368073612237
68.2968296829683084 -42.9521527933559071
68.3168316831683171 -15.1804451348397400
68.3368336833683543 -19.8960209079278556
68.3568356835683630 -60.3972928486652592
68.3768376837683718 -7.2875092889082183
68.3968396839684090 -36.3614593338987362
68.4168416841684177 -31.5487934396605745
68.4368436843684549 -68.3184953374029647
68.4568456845684636 -41.9136636039100239
68.4768476847684724 -66.6723449659883158
68.4968496849685096 -9.0002722274177813
68.5168516851685183 -59.6850285966068697
68.5368536853685555 -47.8596547864881146
68.5568556855685642 -41.5350236771458441
68.5768576857685730 -71.6436392686181449
68.5968596859686102 -61.2563482930666368
68.6168616861686189 -52.5780053178804394
68.6368636863686561 -46.2708331320747419
68.6568656865686648 -61.5300504095503413
68.6768676867686736 -16.6122173514872955
68.6968696869687108 -61.8862937067574634
68.7168716871687195 -0.6408745120437587
68.7368736873687567 -30.4903494486742375
68.7568756875687654 -6.6803443717544582
68.7768776877687742 -23.9863206999144118
68.7968796879688114 -32.2820849507618846
68.8168816881688201 -34.6622312888598927
68.8368836883688573 -30.3902941563070250
68.8568856885688660 -38.8393888373360880
68.8768876887688748 -61.6263649110723151
68.8968896889689120 -60.3607036880470531
68.9168916891689207 -35.8021311528359547
68.9368936893689579 -32.9324416997104166
68.9568956895689666 -25.5362512218175972
68.9768976897689754 -22.9080214983896191
68.9968996899690126 -59.1982760398783938
69.0169016901690213 -21.6704477448800219
69.0369036903690585 -19.5471558123725622
69.0569056905690672 -91.6737900381286295
69.0769076907690760 -26.4602212237572516
69.0969096909691132 -49.1750825313529774
69.1169116911691219 -43.7571519391768220
69.1369136913691591 -34.9445642030402013
69.1569156915691678 -63.7131564384115023
69.1769176917691766 -56.1324212464556567
69.1969196919692138 -9.6439063692519049
69.2169216921692225 -25.0348671912575824
69.2369236923692313 -73.5356158771577384
69.2569256925692684 -28.9742103665837973
69.2769276927692772 -48.2203838394532838
69.2969296929693144 -58.4268145620630577
69.3169316931693231 -30.6415014565119108
69.3369336933693319 -20.4322702215550969
69.3569356935693691 -69.0562960669899581
69.3769376937693778 -48.5948623221764677
69.3969396939694150 -5.2505633684251833
69.4169416941694237 -26.0971791301425853
69.4369436943694325 -36.3668815289106604
69.4569456945694697 -31.2866606712933759
69.4769476947694784 -63.9184815763004721
69.4969496949695156 -60.3864805661709809
69.5169516951695243 -41.1914316903872333
69.5369536953695331 -41.8291700995230826
69.5569556955695703 -50.4603057139353410
69.5769576957695790 -31.7644962780137448
69.5969596959696162 -25.5671947930179257
69.6169616961696249 -29.8259755534575746
69.6369636963696337 -52.7839283174439942
69.6569656965696709 -17.0696773400142199
69.6769676967696796 -49.3765030755630931
69.6969696969697168 -49.7837139206720991
69.7169716971697255 -43.9587700266559906
69.7369736973697343 -39.2662009425687444
69.7569756975697715 -53.0487265681569298
69.7769776977697802 -58.2425941676450094
69.7969796979698174 -25.4918524461337306
69.8169816981698261 -30.9907467942893362
69.8369836983698349 -58.8268410894653044
69.8569856985698721 -77.2218549516221913
69.8769876987698808 -73.2483748240642569
69.8969896989699180 -42.7405369091453622
69.9169916991699267 -54.0286939457071327
69.9369936993699355 -18.2175563923829316
69.9569956995699727 -49.6421260409311174
69.9769976997699814 -58.5352641627803791
69.9969996999700186 -57.2793968977807708
70.0170017001700273 -48.3237388360561297
70.0370037003700361 -36.5125527279624293
70.0570057005700733 -10.4471601004562942
70.0770077007700820 -71.9228958628628874
70.0970097009701192 -26.8459943342389771
70.1170117011701279 -63.1878832860598294
70.1370137013701367 -17.6668128806083082
70.1570157015701739 -30.2436017909876540
70.1770177017701826 -10.6188796802255894
70.1970197019701914 -48.9757843080448083
70.2170217021702285 -33.5787556198700798
70.2370237023702373 -5.9069840897367030
70.2570257025702745 -26.5114192398012563
70.2770277027702832 -7.5184233235980429
70.2970297029702920 -49.5806920806828515
70.3170317031703291 -59.2077174683578420
70.3370337033703379 -49.7020448949462903
70.3570357035703751 -44.6257429436126714
70.3770377037703838 -46.8179740787140588
70.3970397039703926 -68.2488349744245966
70.4170417041704297 -40.6738957226942901
70.4370437043704385 -20.7182268928945525
70.4570457045704757 -36.3822658377410235
70.4770477047704844 -46.5028401023876583
70.4970497049704932 -51.6590338689583604
70.5170517051705303 -66.9448848920478099
70.5370537053705391 -34.5417184461653051
70.5570557055705763 -31.1607817495141859
70.5770577057705850 -6.9073982424067566
70.5970597059705938 -21.2585430868833249
70.6170617061706309 -59.0592880948846854
70.6370637063706397 -64.3236759682459365
70.6570657065706769 -35.7924607723029808
70.6770677067706856 -47.5958631025020793
70.6970697069706944 -29.3105184358562383
70.7170717071707315 -37.1461821015016511
70.7370737073707403 -22.5160919463198397
70.7570757075707775 -13.7032493004597846
70.7770777077707862 0.9197357324771289
70.7970797079707950 -52.1709714360074699
70.8170817081708321 -29.2599296933134312
70.8370837083708409 -8.6142112273811193
70.8570857085708781 -68.7420133802273625
70.8770877087708868 -6.9939524906132746
70.8970897089708956 -12.9800833058425127
70.9170917091709327 -46.9939164545637880
70.9370937093709415 4.7540560674852017
70.9570957095709787 -24.5316115558804881
70.9770977097709874 -29.1949167759882933
70.9970997099709962 -23.8805634417889685
71.0171017101710333 -13.1297180479896411
71.0371037103710421 -78.4448035847769347
71.0571057105710793 0.3579201934413732
71.0771077107710880 -33.9014141725069038
71.0971097109710968 -42.1561541267077047
71.1171117111711339 -44.3303409712475940
71.1371137113711427 -58.9605639836192665
71.1571157115711515 -48.0394445430920030
71.1771177117711886 -40.1095424156528964
71.1971197119711974 -38.3936218845589323
71.2171217121712345 -51.4283329706881744
71.2371237123712433 -35.0686174373607997
71.2571257125712521 -36.2897129483446648
71.2771277127712892 -23.9021284749631953
71.2971297129712980 -47.5019742690152782
71.3171317131713352 -35.7769638483343329
71.3371337133713439 -73.5831612513019877
71.3571357135713527 -62.1368890660080950
71.3771377137713898 -68.3686517935889384
71.3971397139713986 -53.3454218812559162
71.4171417141714358 -71.0147415058375202
71.4371437143714445 -81.3426715389503556
71.4571457145714533 -33.3293761642167254
71.4771477147714904 -28.4703119655765029
71.4971497149714992 -19.9045528370249158
71.5171517151715364 -49.0419747682680196
71.5371537153715451 -40.3094427192677358
71.5571557155715539 -37.7149857104544353
71.5771577157715910 -42.2784041154673389
71.5971597159715998 -20.8471854378422776
71.6171617161716370 -56.8314012657599648
71.6371637163716457 -56.9841638932764738
71.6571657165716545 -51.5305918301740178
71.6771677167716916 -48.5845205301861398
71.6971697169717004 -31.5064485749976768
71.7171717171717376 -34.0919761911001302
71.7371737173717463 -15.7483047643317207
71.7571757175717551 -39.7117921061458290
71.7771777177717922 -42.6824542345003906
71.7971797179718010 -35.6271843014102458
71.8171817181718382 0.8233900731630399
71.8371837183718469 -55.4310325443180716
71.8571857185718557 -32.6003759581902983
71.8771877187718928 -46.9269540225085748
71.8971897189719016 -27.5636710585680973
71.9171917191719388 -38.8681613983512690
71.9371937193719475 -48.1120645811480330
71.9571957195719563 -31.7700340625095947
71.9771977197719934 -34.3821744939603846
71.9971997199720022 -41.1358661878107910
72.0172017201720394 -18.2798467731848966
72.0372037203720481 -17.5016432606999572
72.0572057205720569 -18.7277642757462210
72.0772077207720940 -32.8134110343204952
72.0972097209721028 -67.4087551618476368
72.1172117211721115 -53.8609787994197760
72.1372137213721487 -55.2632260814045395
72.1572157215721575 -36.4240143902127826
72.1772177217721946 -51.8091167111183495
72.1972197219722034 -45.0698577557322864
72.2172217221722121 -26.4776790014316035
72.2372237223722493 -40.7750579596030036
72.2572257225722581 -61.8693386754841299
72.2772277227722952 -13.5439007461003236
72.2972297229723040 -27.1385289000720178
72.3172317231723127 -7.0405066815056863
72.3372337233723499 -45.5622288116962650
72.3572357235723587 -18.8788241371888041
72.3772377237723958 -40.9504390827171108
72.3972397239724046 -33.3653567240614066
72.4172417241724133 -69.4118656490463763
72.4372437243724505 -34.1535310672245132
72.4572457245724593 -48.7553772446975699
72.4772477247724964 -8.3814005009867998
72.4972497249725052 -29.0240836928987491
72.5172517251725139 -53.7304522407357723
72.5372537253725511 -39.2023508164870762
72.5572557255725599 -38.6281546141469647
72.5772577257725970 -25.5603108570331017
72.5972597259726058 -47.6668583240627868
72.6172617261726145 -1.4165811351018149
72.6372637263726517 -57.1166041566145992
72.6572657265726605 -58.7336247210670734
72.6772677267726976 -26.3854397884042484
72.6972697269727064 -34.7730284866662487
72.7172717271727151 -21.3042474464368681
72.7372737273727523 -25.1244221173188826
72.7572757275727611 -3.9603502761676737
72.7772777277727982 -44.3359102095665847
72.7972797279728070 -49.6068459467501341
72.8172817281728157 -24.2356293385655235
72.8372837283728529 -56.4822106678842886
72.8572857285728617 -33.7062624124521619
72.8772877287728988 -71.9743028037877508
72.8972897289729076 -5.4982400792313975
72.9172917291729163 -22.1637460188695030
72.9372937293729535 -25.6465869542438760
72.9572957295729623 -48.3187305533766391
72.9772977297729994 -84.0568812823071454
72.9972997299730082 -42.4259264348986633
73.0173017301730169 -64.9585029811716623
73.0373037303730541 -32.5885816139278361
73.0573057305730629 -10.8128012384791781
73.0773077307730716 -41.2608376676031412
73.0973097309731088 -28.5261621334623605
73.1173117311731176 -56.2700379367419856
73.1373137313731547 -31.9823855840777505
73.1573157315731635 14.4842564409880055
73.1773177317731722 -50.0168390975972272
73.1973197319732094 -17.6227961478120676
73.2173217321732182 -31.7894545326656761
73.2373237323732553 -21.2364528503111458
73.2573257325732641 -30.8365245243969781
73.2773277327732728 -21.3849355225345263
73.2973297329733100 -33.5481870707148815
73.3173317331733188 -57.9754334929595956
73.3373337333733559 -70.4341614385967318
73.3573357335733647 -59.1721693601429948
73.3773377337733734 -42.5455992172646660
73.3973397339734106 -16.6454368625307012
73.4173417341734194 -21.5670782692591452
73.4373437343734565 -14.5453898208997998
73.4573457345734653 -0.0120404692441411
73.4773477347734740 -19.0951322695752879
73.4973497349735112 -37.4382445856997137
73.5173517351735200 -3.2641096620953789
73.5373537353735571 -39.0665226540015169
73.5573557355735659 -13.9080404899435663
73.5773577357735746 -48.3998881925758440
73.5973597359736118 -42.8318303126409532
73.6173617361736206 -39.4425454386471799
73.6373637363736577 -35.5729543830705950
73.6573657365736665 -53.1024746298647585
73.6773677367736752 -27.4784064406243402
73.6973697369737124 4.7643624273071126
73.7173717371737212 -45.2897465796932011
73.7373737373737583 -23.2312078812012857
73.7573757375737671 -25.3990657725333300
73.7773777377737758 -46.5604968295968362
73.7973797379738130 -47.4145123942031432
73.8173817381738218 -30.8586237113092565
73.8373837383738589 -25.3436439067062906
73.8573857385738677 -26.6657300645328945
73.8773877387738764 -30.9234639245864535
73.8973897389739136 -43.2136567890552996
73.9173917391739224 -35.6460176188101840
73.9373937393739595 -45.7740462941184134
73.9573957395739683 -50.5841764317090394
73.9773977397739770 -40.2282246038009319
73.9973997399740142 -73.6970310340324914
74.0174017401740230 -47.4707669830858947
74.0374037403740317 -69.0553599886821132
74.0574057405740689 -34.4140871392436551
74.0774077407740776 -66.6863059756094287
74.0974097409741148 -55.0994252911673641
74.1174117411741236 -44.8752767112258084
74.1374137413741323 -37.7089772861563972
74.1574157415741695 11.6165822973209316
74.1774177417741782 -16.6828717068305217
74.1974197419742154 -63.0364974986336790
74.2174217421742242 -41.4441990747026452
74.2374237423742329 -32.6004681499324676
74.2574257425742701 -81.0665768312641006
74.2774277427742788 -34.2134299547234377
74.2974297429743160 -18.5811075697554102
74.3174317431743248 -28.0258557958650201
74.3374337433743335 -15.3817322700990786
74.3574357435743707 -44.3903474954308379
74.3774377437743794 -56.6069412463436379
74.3974397439744166 -24.8168862389168474
74.4174417441744254 -34.6078209118349918
74.4374437443744341 -43.9333116668774295
74.4574457445744713 -50.7453554858512135
74.4774477447744800 -54.5954535557369098
74.4974497449745172 -48.0870952305071242
74.5174517451745260 -51.5956107788625573
74.5374537453745347 -11.8834242010367390
74.5574557455745719 -52.1786990190303399
74.5774577457745806 3.7857226364131265
74.5974597459746178 -43.4811107917190753
74.6174617461746266 -40.3060477314354628
74.6374637463746353 -66.2571738198384992
74.6574657465746725 -44.9134280519751741
74.6774677467746812 -39.5646063051867003
74.6974697469747184 -29.2443588527804508
74.7174717471747272 -91.2766160275461687
74.7374737473747359 -24.8150869056516754
74.7574757475747731 -66.5972212412569462
74.7774777477747818 -32.9827385395207457
74.7974797479748190 -46.2054739607466658
74.8174817481748278 -38.3493862009589535
74.8374837483748365 -26.1982549489326360
74.8574857485748737 -66.9782376504877135
74.8774877487748824 -66.8725072940551684
74.8974897489749196 -41.1693392130996614
74.9174917491749284 -40.7013392584742846
74.9374937493749371 -29.8505690327433229
74.9574957495749743 -13.6546773285413074
74.9774977497749830 -41.0077088027737631
74.9974997499750202 -44.5967041478720247
75.0175017501750290 -34.2560224501680821
75.0375037503750377 -77.9303121448147067
75.0575057505750749 -23.4170778587645003
75.0775077507750837 9.8983929180400878
75.0975097509750924 -35.8341255634594589
75.1175117511751296 -37.6814429779783708
75.1375137513751383 -15.2177351928587079
75.1575157515751755 -58.8960694338060264
75.1775177517751843 -31.0490220570447626
75.1975197519751930 -5.9299664460108730
75.2175217521752302 -36.4514353025566891
75.2375237523752389 -41.9495386315229197
75.2575257525752761 -34.5417578909034262
75.2775277527752849 -40.0616223411821721
75.2975297529752936 -28.8369758323379273
75.3175317531753308 -25.2740187166778512
75.3375337533753395 -55.1464218319741235
75.3575357535753767 -45.5827889342361345
75.3775377537753855 -35.5143981878976192
75.3975397539753942 8.1509533326076351
75.4175417541754314 -47.0214272894107168
75.4375437543754401 -8.5996046714653005
75.4575457545754773 -24.4106948425337649
75.4775477547754861 -72.8005173640464847
75.4975497549754948 -55.9847858751015934
75.5175517551755320 -34.0440485191991655
75.5375537553755407 -61.5895079387258022
75.5575557555755779 -37.3759493077682095
75.5775577557755867 -32.6812535141404794
75.5975597559755954 -23.3106889350830002
75.6175617561756326 -37.0682243900160415
75.6375637563756413 -27.4175753340194817
75.6575657565756785 -37.6173478270280413
75.6775677567756873 -32.5043117945894906
75.6975697569756960 -52.7858894061876072
75.7175717571757332 -26.4238721044417773
75.7375737573757419 -50.2055481507947476
75.7575757575757791 -22.2554720148853455
75.7775777577757879 -73.8230003564003425
75.7975797579757966 -18.9449108339251566
75.8175817581758338 -52.6799073610459985
75.8375837583758425 -56.0230236909726145
75.8575857585758797 -22.2456025250012743
75.8775877587758885 -38.2424319327369417
75.8975897589758972 -47.0379010937633097
75.9175917591759344 -24.5651276273742027
75.9375937593759431 -28.7919049943770347
75.9575957595759803 -53.2489643614316179
75.9775977597759891 -47.2196953767269889
75.9975997599759978 -34.5178942122118855
76.0176017601760350 -29.6995342031508081
76.0376037603760437 -41.0459331230456144
76.0576057605760525 -55.2491935671934158
76.0776077607760897 -53.4528031441970839
76.0976097609760984 -29.7426916170731701
76.1176117611761356 -28.4550208973724565
76.1376137613761443 -48.2965658979085291
76.1576157615761531 -92.7387037071110285
76.1776177617761903 18.0314417361523809
76.1976197619761990 -40.9109008419426559
76.2176217621762362 -42.2427074531790012
76.2376237623762449 -46.2678764217144121
76.2576257625762537 18.0608629439541630
76.2776277627762909 -47.8235244801668671
76.2976297629762996 -27.6346006083362141
76.3176317631763368 -45.6834326987040029
76.3376337633763455 -36.4771958215410166
76.3576357635763543 -71.2304908730714601
76.3776377637763915 -48.6295079778598094
76.3976397639764002 -75.0617328600440885
76.4176417641764374 -44.0820840761057227
76.4376437643764461 -40.3190800605776190
76.4576457645764549 -59.7747280843117466
76.4776477647764921 -55.5012337849344064
76.4976497649765008 -16.8927092850130656
76.5176517651765380 -81.0231690786072107
76.5376537653765467 -49.8540435000192588
76.5576557655765555 -25.1390955202708959
76.5776577657765927 -42.6302664889699798
76.5976597659766014 -28.4829371362666350
76.6176617661766386 -20.7966725171113538
76.6376637663766473 -13.2464464699797340
76.6576657665766561 -56.7612991907719433
76.6776677667766933 -53.7509477226869024
76.6976697669767020 -48.2100319618524935
76.7176717671767392 -43.0974973392007001
76.7376737673767479 -8.1564545357696616
76.7576757675767567 -31.9899738475904272
76.7776777677767939 -53.5900746685035116
76.7976797679768026 -33.7519790194735734
76.8176817681768398 -67.8739429332089230
76.8376837683768485 -87.7041790844290006
76.8576857685768573 -4.9865445069682650
76.8776877687768945 -42.4114365198443082
76.8976897689769032 -49.7727946219605712
76.9176917691769404 -31.6073218149628801
76.9376937693769491 -49.4465458238667566
76.9576957695769579 -40.4780056058602611
76.9776977697769951 5.9230690152286840
76.9976997699770038 -52.2867699510127579
77.0177017701770126 -22.0747515951850630
77.0377037703770498 -22.2739617979181048
77.0577057705770585 -18.2035900391884375
77.0777077707770957 -37.8075631905071532
77.0977097709771044 -44.5205566101327719
77.1177117711771132 -27.1111870294244035
77.1377137713771504 -16.5639607936307947
77.1577157715771591 -25.7479008303973913
77.1777177717771963 -17.1959747583348808
77.1977197719772050 -11.9197882494907397
77.2177217721772138 -26.8725614097667886
77.2377237723772510 -59.4696953816389708
77.2577257725772597 -41.7361372876826877
77.2777277727772969 -18.9770419511046917
77.2977297729773056 -53.3582556395553240
77.3177317731773144 -73.6874354120211166
77.3377337733773516 -49.3129307517289703
77.3577357735773603 -31.4678799319913836
77.3777377737773975 -54.8200101390682661
77.3977397739774062 -14.9564439219914647
77.4177417741774150 -33.6525531411699745
77.4377437743774522 -53.7669351780713782
77.4577457745774609 -54.5190409086079555
77.4777477747774981 -8.4682920637955732
77.4977497749775068 -26.2365446340200954
77.5177517751775156 -59.4212411448196747
77.5377537753775528 -52.4507309074782455
77.5577557755775615 -7.8451005305845527
77.5777577757775987 -72.3953202920320962
77.5977597759776074 -51.0584979243723396
77.6177617761776162 -75.4124063261486128
77.6377637763776534 -26.7919396053309349
77.6577657765776621 -58.1167469402924368
77.6777677767776993 -24.2950244222785692
77.6977697769777080 -44.1189068622100962
77.7177717771777168 -26.0070635029687480
77.7377737773777540 -32.4719062757051660
77.7577757775777627 -46.3702175288434404
77.7777777777777999 -76.4379527801786764
77.7977797779778086 -40.5615686019118939
77.8177817781778174 -17.0308525535811981
77.8377837783778546 -17.7653025052931994
77.8577857785778633 -60.4772680820839881
77.8777877787779005 -52.3672182137794948
77.8977897789779092 -32.9725547882404300
77.9177917791779180 -60.3769595824403993
77.9377937793779552 -51.2994978872756420
77.9577957795779639 -13.3659839270548773
77.9777977797779727 -29.6202728390442900
77.9977997799780098 -38.9290764097415760
78.0178017801780186 -58.0257962403661836
78.0378037803780558 -80.0859651776977728
78.0578057805780645 -63.1558415797979862
78.0778077807780733 -62.1246359338699534
78.0978097809781104 -11.1125007026690596
78.1178117811781192 -31.9732161652831834
78.1378137813781564 -35.8382272405277504
78.1578157815781651 -12.1956927674066620
78.1778177817781739 -52.9295547832209934
78.1978197819782110 -49.2785492126256131
78.2178217821782198 -45.3804306269413473
78.2378237823782570 -46.7920236525445645
78.2578257825782657 -46.7302206701071654
78.2778277827782745 -24.2182809974622337
78.2978297829783116 -24.1799014397504557
78.3178317831783204 -37.5898630429014489
78.3378337833783576 -14.5400445353422825
78.3578357835783663 -56.4320859786835385
78.3778377837783751 -63.8339623443399944
78.3978397839784122 -36.1151296951891965
78.4178417841784210 -100.6266445201497959
78.4378437843784582 -22.7840979837184072
78.4578457845784669 -4.5327979581018312
78.4778477847784757 -62.4530206288927729
78.4978497849785128 -55.0870835723888845
78.5178517851785216 -23.1832396144661530
78.5378537853785588 -20.8002380163820852
78.5578557855785675 -23.9897162182984651
78.5778577857785763 -64.7757888700307802
78.5978597859786134 -66.7567679664398668
78.6178617861786222 -67.7224266532717536
78.6378637863786594 -33.1776858857208836
78.6578657865786681 -42.3956126857485884
78.6778677867786769 11.4097553185370941
78.6978697869787140 -18.5388997638086686
78.7178717871787228 -68.4365438797221373
78.7378737873787600 -70.1615121287402985
78.7578757875787687 -19.7217828622484959
78.7778777877787775 -31.0893985309266334
78.7978797879788146 -25.2445877080349632
78.8178817881788234 -54.2236808901362934
78.8378837883788606 -53.6168752000177662
78.8578857885788693 -62.3589352357748226
78.8778877887788781 -36.8209656945707167
78.8978897889789152 -68.8970046631464470
78.9178917891789240 -47.4041660906356626
78.9378937893789328 -31.1725845024761874
78.9578957895789699 -72.2534009965217763
78.9778977897789787 -65.2035479517282965
78.9978997899790158 -52.6938377194655914
79.0179017901790246 -54.8440451148296617
79.0379037903790334 -64.2549422275308615
79.0579057905790705 -54.5742531060174585
79.0779077907790793 -31.9490293971802188
79.0979097909791165 -13.3110153970260541
79.1179117911791252 -55.4062967080515207
79.1379137913791340 -54.9050811095534073
79.1579157915791711 -70.9148083298692598
79.1779177917791799 -75.2682061755631651
79.1979197919792171 -42.6188733782655262
79.2179217921792258 -70.6281311188893710
79.2379237923792346 -22.0996850456247849
79.2579257925792717 -63.2252448022075910
79.2779277927792805 -53.9102449838829614
79.2979297929793177 -98.3526169557174228
79.3179317931793264 -62.1969940711713605
79.3379337933793352 -39.4032811040190154
79.3579357935793723 -55.2655202542681323
79.3779377937793811 -60.2136133092182888
79.3979397939794183 -46.4373592293175363
79.4179417941794270 -37.1307293186763943
79.4379437943794358 -63.2693902227576217
79.4579457945794729 -85.9484466293292257
79.4779477947794817 -64.2758861485762480
79.4979497949795189 -44.9520275654062829
79.5179517951795276 -32.4364239494984332
79.5379537953795364 -63.9970250831485288
79.5579557955795735 -18.1436468072084764
79.5779577957795823 -43.0082091920654648
79.5979597959796195 -76.0304150703768755
79.6179617961796282 -68.5928395157627904
79.6379637963796370 -26.5954574191155046
79.6579657965796741 -43.5648300399848196
79.6779677967796829 -62.6968150014055112
79.6979697969797201 -29.5948500753581420
79.7179717971797288 -37.5637371719167135
79.7379737973797376 -33.9848763061243346
79.7579757975797747 -8.9468050207465879
79.7779777977797835 -85.1095121612706009
79.7979797979798207 -36.9045179803196248
79.8179817981798294 -78.1124273315389388
79.8379837983798382 -81.8968308088237507
79.8579857985798753 -38.3963912954213171
79.8779877987798841 -85.5605769310054853
79.8979897989798928 -52.6507263237627328
79.9179917991799300 -62.2033380588389377
79.9379937993799388 -37.8946292906698261
79.9579957995799759 -67.5535808475069359
79.9779977997799847 -47.3569492112889634
79.9979997999799934 -88.7766531030304975
80.0180018001800306 -22.3301385619016877
80.0380038003800394 -70.6601586370468056
80.0580058005800765 -4.9554070643132135
80.0780078007800853 -49.2656219607124584
80.0980098009800940 -65.0641167742519144
80.1180118011801312 -45.1237175166118760
80.1380138013801400 -80.2216721583109091
80.1580158015801771 -55.7076285670450204
80.1780178017801859 -63.1384300574855075
80.1980198019801946 -44.1025504260199455
80.2180218021802318 -39.5347794620548356
80.2380238023802406 -37.6375110404565305
80.2580258025802777 -40.1266338095182391
80.2780278027802865 -48.9817616961139350
80.2980298029802952 -90.5413119148775252
80.3180318031803324 -42.1927797562904416
80.3380338033803412 -64.9039329806470704
80.3580358035803783 -63.7198111803448271
80.3780378037803871 -7.8535601208800685
80.3980398039803958 -39.1693146837130257
80.4180418041804330 -34.8977966817289484
80.4380438043804418 -41.8375473778895497
80.4580458045804789 -38.0227352512070098
80.4780478047804877 -49.9953188556721315
80.4980498049804964 -61.9073949860419077
80.5180518051805336 -48.5625175421457200
80.5380538053805424 -82.1400497878046565
80.5580558055805795 -39.6192113663671392
80.5780578057805883 -81.7894023102245171
80.5980598059805970 -71.8717195932662349
80.6180618061806342 -45.5089318645631238
80.6380638063806430 -30.7867548273232394
80.6580658065806801 -28.0411966411290940
80.6780678067806889 -92.9684921213013382
80.6980698069806976 -56.7628869207073166
80.7180718071807348 -60.3853409294376675
80.7380738073807436 -46.0004032590176735
80.7580758075807807 -46.0296317598538494
80.7780778077807895 -100.1986880846421855
80.7980798079807983 -89.0867830768827105
80.8180818081808354 -34.8189602302484360
80.8380838083808442 -72.0761976463222425
80.8580858085808529 -55.7610276191371952
80.8780878087808901 -47.8685785947423241
80.8980898089808989 -42.4627478064146686
80.9180918091809360 -36.2867000748783965
80.9380938093809448 -87.5051588179666169
80.9580958095809535 -71.3448694834674626
80.9780978097809907 -104.9345922776902000
80.9980998099809995 -57.5434374316106059
81.0181018101810366 -67.8541800524928220
81.0381038103810454 -98.4946656136546466
81.0581058105810541 -61.0996091227498042
81.0781078107810913 -51.5446167148191137
81.0981098109811001 -56.8382062182219343
81.1181118111811372 -33.8526659899885658
81.1381138113811460 -72.7180355141089052
81.1581158115811547 -90.0489843754442063
81.1781178117811919 -77.3165119755111334
81.1981198119812007 -65.1222091451964218
81.2181218121812378 -93.4383498009927678
81.2381238123812466 -45.0522535967871676
81.2581258125812553 -58.2812829726992376
81.2781278127812925 -81.3641829900474249
81.2981298129813013 -59.9347849112193956
81.3181318131813384 -53.4289816730548850
81.3381338133813472 -15.5915364899185676
81.3581358135813559 -32.4335476265259075
81.3781378137813931 -66.4941872862806633
81.3981398139814019 -54.0274199029303546
81.4181418141814390 -63.4458301187070930
81.4381438143814478 -61.3280977272197774
81.4581458145814565 -34.9185844726227259
81.4781478147814937 -29.7442875039495114
81.4981498149815025 -97.6530849140542045
81.5181518151815396 -29.4543775542729414
81.5381538153815484 -58.4447192784517426
81.5581558155815571 -76.7206296481315349
81.5781578157815943 -90.2239019514344989
81.5981598159816031 -87.1436184670678671
81.6181618161816402 -85.5907731294345098
81.6381638163816490 -74.2004445596523965
81.6581658165816577 -41.4658575677337780
81.6781678167816949 -45.9845537733886971
81.6981698169817037 -27.5448233422563931
81.7181718171817408 -62.9209301751420540
81.7381738173817496 -44.4129875028296368
81.7581758175817583 -57.8466808438743385
81.7781778177817955 -77.0358978346240377
81.7981798179818043 -65.4650154529722670
81.8181818181818130 -41.4180569071916693
81.8381838183818502 -79.5311063882008540
81.8581858185818589 -95.0441474670857076
81.8781878187818961 -82.2567274851597006
81.8981898189819049 -48.7876748389549277
81.9181918191819136 -86.0722840267949039
81.9381938193819508 -85.8957804436364256
81.9581958195819595 -59.2822995191017128
81.9781978197819967 -71.7962505527994352
81.9981998199820055 -48.9270018424000881
82.0182018201820142 -30.5990898668528217
82.0382038203820514 -82.8616503470420298
82.0582058205820601 -93.3753689732719749
82.0782078207820973 -80.9015301354838670
82.0982098209821061 -73.7109933467462497
82.1182118211821148 -94.9020770926859427
82.1382138213821520 -56.1825811779090074
82.1582158215821607 -66.2641116012768094
82.1782178217821979 -79.3559783082942261
82.1982198219822067 -52.5567018124373249
82.2182218221822154 -74.0252753472242375
82.2382238223822526 -80.6962942966243162
82.2582258225822613 -35.9522341253967141
82.2782278227822985 -78.2941089816944213
82.2982298229823073 -57.1277932312808900
82.3182318231823160 -54.9374526235366787
82.3382338233823532 -62.3728481824808512
82.3582358235823619 -81.6845551215442498
82.3782378237823991 -44.1506571860667094
82.3982398239824079 -89.3468725791067158
82.4182418241824166 -65.8265040128520837
82.4382438243824538 -61.9084705113240545
82.4582458245824625 -46.5371660217017080
82.4782478247824997 -72.1365061843486188
82.4982498249825085 -55.5629773424641229
82.5182518251825172 -100.5704565998890985
82.5382538253825544 -76.7586669876961878
82.5582558255825631 -87.5808409591868724
82.5782578257826003 -37.6038869166648198
82.5982598259826091 -56.2418020171534465
82.6182618261826178 -45.8884667038426883
82.6382638263826550 -30.9015235353802922
82.6582658265826637 -91.8984201163304419
82.6782678267827009 -71.1452348701244830
82.6982698269827097 -38.9789678369394110
82.7182718271827184 -62.4971549726874400
82.7382738273827556 -105.9185258362358155
82.7582758275827644 -119.9723730499291605
82.7782778277827731 -46.3399567848695426
82.7982798279828103 -61.3996693774406452
82.8182818281828190 -83.9416851364057948
82.8382838283828562 -82.7290639762969988
82.8582858285828650 -43.2194365302900820
82.8782878287828737 -72.3032589387875078
82.8982898289829109 -76.2258286992921512
82.9182918291829196 -84.7738051562384101
82.9382938293829568 -62.8194748898555346
82.9582958295829656 -59.1995027046535682
82.9782978297829743 -56.3339761663566421
82.9982998299830115 -78.9276429041403560
83.0183018301830202 -70.4511174264028028
83.0383038303830574 -80.0736171144542794
83.0583058305830662 -88.1343868903986163
83.0783078307830749 -52.4315497838034617
83.0983098309831121 -55.2011996036478081
83.1183118311831208 -87.8118334449852398
83.1383138313831580 -74.8977033001392272
83.1583158315831668 -62.0644148845596675
83.1783178317831755 -74.9030459112686486
83.1983198319832127 -72.4972216930227660
83.2183218321832214 -96.1084182753161969
83.2383238323832586 -54.3053326052663863
83.2583258325832674 -23.4793518511882056
83.2783278327832761 -58.4424579232541817
83.2983298329833133 -56.9761284648541562
83.3183318331833220 -27.9777360713883212
83.3383338333833592 -71.2574032536127930
83.3583358335833680 -91.5101700282335173
83.3783378337833767 -97.1646527604394379
83.3983398339834139 -62.9814590217191252
83.4183418341834226 -56.3924445259525839
83.4383438343834598 -84.5555202591094570
83.4583458345834686 -107.0002140352085291
83.4783478347834773 -52.1209225077307039
83.4983498349835145 -70.3806095392790070
83.5183518351835232 -48.2204857147228481
83.5383538353835604 -90.4306437652906823
83.5583558355835692 -49.1446210281096825
83.5783578357835779 -67.6065658007946979
83.5983598359836151 -60.1499436769344271
83.6183618361836238 -98.0541282710544664
83.6383638363836610 -51.3405470587137884
83.6583658365836698 -90.9416355842184885
83.6783678367836785 -70.0067351697092874
83.6983698369837157 -38.3715307017655860
83.7183718371837244 -85.7247764822079574
83.7383738373837332 -62.7144395006363808
83.7583758375837704 -89.7106322526164917
83.7783778377837791 -69.8763172801721311
83.7983798379838163 -74.0015202688260132
83.8183818381838250 -77.0277072347567184
83.8383838383838338 -69.0845673656741610
83.8583858385838710 -102.2426546832132601
83.8783878387838797 -25.5068615980721418
83.8983898389839169 -89.7481451897130285
83.9183918391839256 -70.1306997428634276
83.9383938393839344 -69.7894884297720068
83.9583958395839716 -89.5021054982051965
83.9783978397839803 -103.8529398563038200
83.9983998399840175 -72.2178505476817065
84.0184018401840262 -99.1411176875532760
84.0384038403840350 -85.5914815924130181
84.0584058405840722 -104.9500870126183258
84.0784078407840809 -61.3259446395525671
84.0984098409841181 -96.7477121675298974
84.1184118411841268 -92.1529895416923210
84.1384138413841356 -36.2660503384441739
84.1584158415841728 -71.4640100121087585
84.1784178417841815 -52.1646391248046228
84.1984198419842187 -44.2725562431948987
84.2184218421842274 -61.4475391631892620
84.2384238423842362 -76.3810494728128617
84.2584258425842734 -102.1702863173507438
84.2784278427842821 -62.7528519486220091
84.2984298429843193 -92.6412889291376871
84.3184318431843280 -85.8502243352044587
84.3384338433843368 -42.8162826630648965
84.3584358435843740 -74.4578324680254440
84.3784378437843827 -71.0613250170469826
84.3984398439844199 -107.1324879071904945
84.4184418441844286 -94.5364034476316561
84.4384438443844374 -80.7422113647925528
84.4584458445844746 -92.8133473214740690
84.4784478447844833 -117.7548424718289084
84.4984498449845205 -91.3572364772943928
84.5184518451845292 -64.8906033651995102
84.5384538453845380 -95.6410324305238078
84.5584558455845752 -107.0747395771440722
84.5784578457845839 -62.0964596371562649
84.5984598459846211 -62.8941989631998482
84.6184618461846298 -77.4467194316641354
84.6384638463846386 -46.1205939398136877
84.6584658465846758 -79.4968639866852413
84.6784678467846845 -66.3897596532697492
84.6984698469847217 -49.5308060356472453
84.7184718471847304 -94.7191262996728227
84.7384738473847392 -86.8422745827613767
84.7584758475847764 -56.5687550774565224
84.7784778477847851 -65.2209352273637393
84.7984798479847939 -125.7806521378516749
84.8184818481848311 -72.0956710078622223
84.8384838483848398 -78.1165296449376996
84.8584858485848770 -84.0201831272036799
84.8784878487848857 -56.1173056144230742
84.8984898489848945 -47.0832631855599715
84.9184918491849317 -99.3787011744783513
84.9384938493849404 -91.1500951238867287
84.9584958495849776 -72.5872281164902091
84.9784978497849863 -92.9865279087939456
84.9984998499849951 -40.0250968246694185
85.0185018501850323 -81.4207538985319275
85.0385038503850410 -58.9573298179424654
85.0585058505850782 -75.3607330231446042
85.0785078507850869 -64.5969845313022120
85.0985098509850957 -43.8052404830496442
85.1185118511851329 -53.3428827205727032
85.1385138513851416 -84.6825218605321766
85.1585158515851788 -96.7942875718622133
85.1785178517851875 -72.0193721664803519
85.1985198519851963 -123.1488664471098957
85.2185218521852335 -101.2450000802877952
85.2385238523852422 -55.0764719040619184
85.2585258525852794 -76.0937352883010902
85.2785278527852881 -100.3421494438308343
85.2985298529852969 -83.7152638578157280
85.3185318531853341 -111.7274549544749931
85.3385338533853428 -69.0415320499187430
85.3585358535853800 -53.0651770623789503
85.3785378537853887 -61.6319207175319832
85.3985398539853975 -82.1564077255169281
85.4185418541854347 -80.7536332660255738
85.4385438543854434 -100.6521935718515692
85.4585458545854806 -108.7888581614968189
85.4785478547854893 -70.4289932525459506
85.4985498549854981 -106.0967133567963856
85.5185518551855353 -57.9728860540505693
85.5385538553855440 -65.7917264315829016
85.5585558555855812 -81.5241455387979528
85.5785578557855899 -89.0709899781271730
85.5985598559855987 -106.5075738897498496
85.6185618561856359 -107.3978494861437269
85.6385638563856446 -84.5658568100273840
85.6585658565856818 -112.7159319296380460
85.6785678567856905 -77.2890508033807180
85.6985698569856993 -67.9316794236925716
85.7185718571857365 -105.1467085311833642
85.7385738573857452 -86.0823357867271568
85.7585758575857540 -78.0333356761510544
85.7785778577857911 -83.7905344567768111
85.7985798579857999 -68.6542823907170572
85.8185818581858371 -102.7756841812400381
85.8385838583858458 -65.4235266160652884
85.8585858585858546 -80.1536500148709479
85.8785878587858917 -103.9730847741680293
85.8985898589859005 -81.5202011714476669
85.9185918591859377 -61.0208679941988166
85.9385938593859464 -98.6843802202415361
85.9585958595859552 -99.5605061371812070
85.9785978597859923 -83.7887243259780234
85.9985998599860011 -77.1243174112024832
86.0186018601860383 -52.8437389338882610
86.0386038603860470 -105.2703567309675918
86.0586058605860558 -87.5933397122024644
86.0786078607860929 -82.5677347766264234
86.0986098609861017 -114.6647311664315225
86.1186118611861389 -76.2587132004221502
86.1386138613861476 -48.8337747338345949
86.1586158615861564 -53.5784568048172005
86.1786178617861935 -68.8662089624388614
86.1986198619862023 -96.3514748312648948
86.2186218621862395 -102.8408414616694415
86.2386238623862482 -85.4029828613903987
86.2586258625862570 -75.9446716277036558
86.2786278627862941 -55.4032481383984532
86.2986298629863029 -74.3165850645519868
86.3186318631863401 -64.0064460495055130
86.3386338633863488 -59.1984787536286774
86.3586358635863576 -82.5662327401707898
86.3786378637863947 -56.4306649899966857
86.3986398639864035 -58.2631892339767390
86.4186418641864407 -75.5760568128816743
86.4386438643864494 -83.6672964255669598
86.4586458645864582 -99.0652956870544443
86.4786478647864953 -81.4214198776375042
86.4986498649865041 -82.3797474698081942
86.5186518651865413 -59.6321290970172129
86.5386538653865500 -65.4699749814374599
86.5586558655865588 -36.8602506702803296
86.5786578657865959 -79.7950794752431705
86.5986598659866047 -66.7444922239834000
86.6186618661866419 -75.8211012586517370
86.6386638663866506 -68.5472116606059245
86.6586658665866594 -102.7953605859853354
86.6786678667866965 -75.2678029361421608
86.6986698669867053 -80.6571175467464485
86.7186718671867141 -99.4359455164999702
86.7386738673867512 -99.7841659637838063
86.7586758675867600 -104.2119155596929829
86.7786778677867972 -110.2875666723627006
86.7986798679868059 -96.0237103104796290
86.8186818681868147 -96.6956469912624641
86.8386838683868518 -62.1770055440469633
86.8586858685868606 -96.0667475420150936
86.8786878687868978 -82.2506913156030208
86.8986898689869065 -100.5516172143324525
86.9186918691869153 -77.8396269098792288
86.9386938693869524 -63.8287138016400135
86.9586958695869612 -93.9145395440939694
86.9786978697869984 -69.2690645864731778
86.9986998699870071 -76.7525627270925241
87.0187018701870159 -143.4084333497064847
87.0387038703870530 -103.7119264005278296
87.0587058705870618 -93.2510308908179439
87.0787078707870990 -90.2592659900139722
87.0987098709871077 -83.0224852461172702
87.1187118711871165 -85.4966204101509248
87.1387138713871536 -66.0481197180787376
87.1587158715871624 -113.4963025388028655
87.1787178717871996 -67.1367466178496102
87.1987198719872083 -66.7786173003877508
87.2187218721872171 -67.6232262815214398
87.2387238723872542 -69.9318900115368933
87.2587258725872630 -67.7002341077215988
87.2787278727873002 -109.3887801594254370
87.2987298729873089 -100.1776392266304612
87.3187318731873177 -70.6550744456626632
87.3387338733873548 -110.3833698722783367
87.3587358735873636 -80.5829478977613007
87.3787378737874008 -61.6867290778677528
87.3987398739874095 -74.6217449224713079
87.4187418741874183 -108.9303997718035646
87.4387438743874554 -40.4358053275376292
87.4587458745874642 -110.6724435383064957
87.4787478747875014 -68.2190126944329194
87.4987498749875101 -91.3347278409484034
87.5187518751875189 -79.9122785119061234
87.5387538753875560 -72.7218152216594973
87.5587558755875648 -97.0143054539569931
87.5787578757876020 -87.0831241154388351
87.5987598759876107 -73.6231451713618554
87.6187618761876195 -95.6718571347847586
87.6387638763876566 -67.8605078758297111
87.6587658765876654 -97.1811137333313440
87.6787678767876741 -88.7119698312660034
87.6987698769877113 -114.8545114643563920
87.7187718771877201 -84.0176086611615318
87.7387738773877572 -80.9700378302495949
87.7587758775877660 -117.2100541772828421
87.7787778777877747 -92.8863536440001809
87.7987798779878119 -68.9029050169874182
87.8187818781878207 -77.2653615198342152
87.8387838783878578 -88.6002069324718207
87.8587858785878666 -95.6571089866395852
87.8787878787878753 -80.7047177205979409
87.8987898789879125 -68.4395021038808693
87.9187918791879213 -51.1972541531281564
87.9387938793879584 -109.2550341507053560
87.9587958795879672 -99.9078761639707551
87.9787978797879759 -74.6587472639755845
87.9987998799880131 -71.3963863192054191
88.0188018801880219 -83.9077920617780109
88.0388038803880590 -72.8131211575032324
88.0588058805880678 -91.6272876115898214
88.0788078807880765 -52.7408436523194837
88.0988098809881137 -74.0887362086081538
88.1188118811881225 -97.0107793034725177
88.1388138813881596 -49.8791774765582403
88.1588158815881684 -88.6472199819240672
88.1788178817881771 -60.8278236469543288
88.1988198819882143 -57.9643552988015927
88.2188218821882231 -96.7807727593131375
88.2388238823882602 -96.6973408963853274
88.2588258825882690 -119.7213980019578088
88.2788278827882777 -115.4186563449874967
88.2988298829883149 -92.9502139109362986
88.3188318831883237 -100.8634658934088719
88.3388338833883608 -92.0189518475738311
88.3588358835883696 -92.5247310365788280
88.3788378837883783 -72.4996449018258318
88.3988398839884155 -74.3171495977609027
88.4188418841884243 -91.2939693315441616
88.4388438843884614 -80.5967879887702310
88.4588458845884702 -105.9764379798751008
88.4788478847884790 -79.3496510976429335
88.4988498849885161 -65.4935916552183954
88.5188518851885249 -90.5684067085599622
88.5388538853885620 -127.4251998014512708
88.5588558855885708 -105.0625223578680476
88.5788578857885796 -98.0599168865406909
88.5988598859886167 -109.4667501691121743
88.6188618861886255 -108.2437608624058782
88.6388638863886342 -107.0110579555997674
88.6588658865886714 -64.9866605866643994
88.6788678867886802 -128.4375133062177667
88.6988698869887173 -105.9293549671480577
88.7188718871887261 -126.6991287201222462
88.7388738873887348 -86.6811379223364042
88.7588758875887720 -60.1294961208373806
88.7788778877887808 -86.4631286415296501
88.7988798879888179 -117.2961175878565427
88.8188818881888267 -85.1416900779859134
88.8388838883888354 -98.8027922143162414
88.8588858885888726 -118.9406068683597510
88.8788878887888814 -111.4462283346486799
88.8988898889889185 -122.3736466973304289
88.9188918891889273 -115.4652382401551165
88.9388938893889360 -107.6035897072607241
88.9588958895889732 -89.2004228726015072
88.9788978897889820 -112.8714059324696848
88.9988998899890191 -111.7160872468480477
89.0189018901890279 -74.9183207219327585
89.0389038903890366 -109.8564514873284281
89.0589058905890738 -105.4253467405358862
89.0789078907890826 -72.0157875072470972
89.0989098909891197 -88.1805955110493187
89.1189118911891285 -82.8615410691361660
89.1389138913891372 -87.7208507725988795
89.1589158915891744 -103.3238849137099464
89.1789178917891832 -126.0983796102939891
89.1989198919892203 -95.9337035001102407
89.2189218921892291 -76.8982701059033502
89.2389238923892378 -87.1597103195447858
89.2589258925892750 -85.0341734095611343
89.2789278927892838 -76.1065433198618138
89.2989298929893209 -83.9522479773249302
89.3189318931893297 -95.7432928600467221
89.3389338933893384 -88.2228146524951740
89.3589358935893756 -99.2531305664255967
89.3789378937893844 -101.1092261249840618
89.3989398939894215 -108.8998687438885753
89.4189418941894303 -119.0195714289265538
89.4389438943894390 -103.6897406492571889
89.4589458945894762 -114.4966030711400720
89.4789478947894850 -125.4629880207722863
89.4989498949895221 -83.3784477192782418
89.5189518951895309 -123.2404156097952068
89.5389538953895396 -102.2184839394139573
89.5589558955895768 -134.8911402310539529
89.5789578957895856 -84.3073278736815013
89.5989598959895943 -90.5100761611867171
89.6189618961896315 -120.0217193028205003
89.6389638963896402 -96.7239725784885991
89.6589658965896774 -96.7092280490326459
89.6789678967896862 -91.0072797714813220
89.6989698969896949 -77.9049940220721879
89.7189718971897321 -111.8370067020890843
89.7389738973897408 -54.5943578783507846
89.7589758975897780 -111.4617445968488738
89.7789778977897868 -119.8704653684716561
89.7989798979897955 -87.7415427948354250
89.8189818981898327 -126.4039709096081197
89.8389838983898414 -107.5885382694179242
89.8589858985898786 -107.5862697651542135
89.8789878987898874 -63.4399634555921210
89.8989898989898961 -90.4744939295742086
89.9189918991899333 -89.3119302501427796
89.9389938993899420 -110.2127097016895334
89.9589958995899792 -109.2117437167213154
89.9789978997899880 -109.9163452866786201
89.9989998999899967 -87.3551964132591081
90.0190019001900339 -65.4313773888093806
90.0390039003900426 -122.8886314282998029
90.0590059005900798 -105.3120937033087756
90.0790079007900886 -129.4884941637008069
90.0990099009900973 -99.0116541505665992
90.1190119011901345 -103.7940212783985885
90.1390139013901432 -77.2567064749476629
90.1590159015901804 -90.6042190245045305
90.1790179017901892 -99.5624510683796871
90.1990199019901979 -100.0246787110668407
90.2190219021902351 -85.9110162920914604
90.2390239023902438 -99.5706452900419521
90.2590259025902810 -110.7739518139755006
90.2790279027902898 -98.2956006483361335
90.2990299029902985 -97.9847895653613676
90.3190319031903357 -77.7588884933584126
90.3390339033903444 -133.1643589094553022
90.3590359035903816 -116.7947673103343931
90.3790379037903904 -101.9119500901563242
90.3990399039903991 -69.2025500239723073
90.4190419041904363 -97.2064750489149674
90.4390439043904451 -83.4625799538318915
90.4590459045904822 -63.8324340219411184
90.4790479047904910 -99.3418780286921361
90.4990499049904997 -100.3990603241340551
90.5190519051905369 -97.9140180144285779
90.5390539053905457 -127.9116655826545923
90.5590559055905544 -124.1056448468581550
90.5790579057905916 -88.0728874980066792
90.5990599059906003 -66.4658891865479120
90.6190619061906375 -135.5750560006188152
90.6390639063906463 -103.4271720486164128
90.6590659065906550 -79.2163567229833205
90.6790679067906922 -106.3023927596970992
90.6990699069907009 -95.4993783102200240
90.7190719071907381 -93.5374748672952165
90.7390739073907469 -118.1360757546165701
90.7590759075907556 -80.6646644931758772
90.7790779077907928 -103.1731876707910658
90.7990799079908015 -99.1996775952448218
90.8190819081908387 -119.2575110774902925
90.8390839083908475 -108.2832723602148945
90.8590859085908562 -64.3920968896728709
90.8790879087908934 -78.5600468985916365
90.8990899089909021 -107.6664267253146932
90.9190919091909393 -134.2801588802203696
90.9390939093909481 -117.7939141947547057
90.9590959095909568 -79.3678845660909218
90.9790979097909940 -102.4526584052161695
90.9990999099910027 -114.3663960235389396
91.0191019101910399 -71.1239740119873147
91.0391039103910487 -86.5411712449270993
91.0591059105910574 -72.1309232959616509
91.0791079107910946 -88.1192530225149113
91.0991099109911033 -47.3349082107594441
91.1191119111911405 -115.1426229338871252
91.1391139113911493 -130.9296683012721019
91.1591159115911580 -112.4214175475596420
91.1791179117911952 -111.3229922190038081
91.1991199119912039 -99.2659412933758034
91.2191219121912411 -87.1044213420569520
91.2391239123912499 -93.5171535037470392
91.2591259125912586 -111.1218078856436478
91.2791279127912958 -77.2457711912808662
91.2991299129913045 -104.7247010421493911
91.3191319131913417 -101.2969366758294427
91.3391339133913505 -136.6745552622217588
91.3591359135913592 -119.8623597919555124
91.3791379137913964 -111.2007406546940018
91.3991399139914051 -65.7542109417505287
91.4191419141914423 -99.1802918487270375
91.4391439143914511 -104.0793003294604375
91.4591459145914598 -125.9464609702959024
91.4791479147914970 -111.7115538397617911
91.4991499149915057 -95.4405807691466208
91.5191519151915145 -65.4394036670513515
91.5391539153915517 -101.7292578265172409
91.5591559155915604 -68.1422669327585027
91.5791579157915976 -104.8544472538454926
91.5991599159916063 -107.7317966674721390
91.6191619161916151 -82.9099049067514500
91.6391639163916523 -57.0941580850299601
91.6591659165916610 -76.4660158926783708
91.6791679167916982 -106.7928353229681022
91.6991699169917069 -104.3473285576909007
91.7191719171917157 -70.3853444113247519
91.7391739173917529 -99.7006214122121577
91.7591759175917616 -89.4419946378808675
91.7791779177917988 -137.1676865158533474
91.7991799179918075 -92.3180708471023479
91.8191819181918163 -125.3005111029659560
91.8391839183918535 -98.7621681181290256
91.8591859185918622 -122.5251004178394396
91.8791879187918994 -101.6125039861862973
91.8991899189919081 -77.9152150764875273
91.9191919191919169 -87.9406038191608133
91.9391939193919541 -128.4545293978902123
91.9591959195919628 -112.1012586933147475
91.9791979197920000 -87.3978421714947444
91.9991999199920087 -113.8513507840576295
92.0192019201920175 -127.9419932323334024
92.0392039203920547 -61.7800194156200462
92.0592059205920634 -90.8480822327311159
92.0792079207921006 -108.4208373678277724
92.0992099209921093 -93.6957523310557292
92.1192119211921181 -73.8808432000584219
92.1392139213921553 -72.1573472819615631
92.1592159215921640 -81.4326033922149719
92.1792179217922012 -73.3063022838400116
92.1992199219922099 -43.0198620147125723
92.2192219221922187 -93.3418577614541078
92.2392239223922559 -71.7393723770032068
92.2592259225922646 -97.8387511144919415
92.2792279227923018 -73.1235273246871174
92.2992299229923105 -108.2162639966956448
92.3192319231923193 -120.7548278780738826
92.3392339233923565 -132.5092907574556307
92.3592359235923652 -58.5752540186646513
92.3792379237924024 -140.7146043750671822
92.3992399239924111 -111.1858273237202752
92.4192419241924199 -98.9359634744541125
92.4392439243924571 -88.0021316020983875
92.4592459245924658 -110.5105018116554163
92.4792479247924746 -82.6455214589703928
92.4992499249925118 -110.7039296260268628
92.5192519251925205 -57.4848284871991169
92.5392539253925577 -79.3239405579951580
92.5592559255925664 -119.6174719892368756
92.5792579257925752 -87.1275415620043105
92.5992599259926124 -103.7654253920639462
92.6192619261926211 -115.0670573133290304
92.6392639263926583 -105.2743646494635357
92.6592659265926670 -126.8904494363769402
92.6792679267926758 -77.2153877457310784
92.6992699269927130 -90.3140092942661283
92.7192719271927217 -80.8536236120877447
92.7392739273927589 -91.3470588878647760
92.7592759275927676 -91.9114393651181842
92.7792779277927764 -71.3941770773902249
92.7992799279928136 -112.6584662220522830
92.8192819281928223 -68.6882005361578507
92.8392839283928595 -93.9757165610232477
92.8592859285928682 -70.7674857374255311
92.8792879287928770 -93.8103657338236445
92.8992899289929142 -86.9132278308648125
92.9192919291929229 -89.0894888715431250
92.9392939293929601 -84.0817652531352877
92.9592959295929688 -96.1525147073672741
92.9792979297929776 -60.6848019511473780
92.9992999299930148 -84.9953672800064055
93.0193019301930235 -70.1793581384809215
93.0393039303930607 -106.1208089996996335
93.0593059305930694 -87.7631626785982633
93.0793079307930782 -101.9899822730033208
93.0993099309931154 -140.5741207520729574
93.1193119311931241 -99.2308741985697509
93.1393139313931613 -83.3172289784112365
93.1593159315931700 -127.1753291432613651
93.1793179317931788 -97.3655016308345580
93.1993199319932160 -82.2835782388817876
93.2193219321932247 -96.2997687882946849
93.2393239323932619 -105.6570022558217943
93.2593259325932706 -89.5518911081381361
93.2793279327932794 -92.0880672122573714
93.2993299329933166 -99.5973591179429860
93.3193319331933253 -121.1195302224629131
93.3393339333933625 -52.9163080981321272
93.3593359335933712 -85.7836732322476649
93.3793379337933800 -89.7925742323164258
93.3993399339934172 -68.2494370457649921
93.4193419341934259 -123.2134894713465769
93.4393439343934347 -84.1949592727621479
93.4593459345934718 -88.9300430827658062
93.4793479347934806 -107.2417477683189873
93.4993499349935178 -118.6530645338442156
93.5193519351935265 -72.3919368168665045
93.5393539353935353 -37.8567978708839803
93.5593559355935724 -119.6552661519845060
93.5793579357935812 -83.0296833022680687
93.5993599359936184 -67.8557504570170096
93.6193619361936271 -95.4132363210402872
93.6393639363936359 -92.7915469843193108
93.6593659365936730 -85.4599485456008949
93.6793679367936818 -67.6394247202115366
93.6993699369937190 -93.0083149746363063
93.7193719371937277 -119.5161203769098677
93.7393739373937365 -94.7400876347748664
93.7593759375937736 -106.5882117243110514
93.7793779377937824 -74.5618044695289512
93.7993799379938196 -70.9570667820044889
93.8193819381938283 -97.4829420168116059
93.8393839383938371 -106.6918852404395750
93.8593859385938742 -83.0384593815364269
93.8793879387938830 -76.1295290137225038
93.8993899389939202 -125.9826427098345789
93.9193919391939289 -123.2779703367982762
93.9393939393939377 -116.9360686948918868
93.9593959395939748 -55.7836474277519017
93.9793979397939836 -101.0374503942560409
93.9993999399940208 -61.0066510172278385
94.0194019401940295 -91.6763708284877339
94.0394039403940383 -108.0667678408829886
94.0594059405940754 -106.4505031855252213
94.0794079407940842 -104.7286592560005118
94.0994099409941214 -58.6940076095726511
94.1194119411941301 -89.2817919470572434
94.1394139413941389 -103.4157305578942356
94.1594159415941760 -104.5303106743943147
94.1794179417941848 -110.1424688306448445
94.1994199419942220 -77.5463908879025752
94.2194219421942307 -94.6014469661510020
94.2394239423942395 -74.4053341329916833
94.2594259425942766 -56.7128601950199283
94.2794279427942854 -85.5168082113784891
94.2994299429943226 -115.0643326965267903
94.3194319431943313 -66.3072113847314881
94.3394339433943401 -73.8708473338735132
94.3594359435943772 -83.9917167061669261
94.3794379437943860 -121.4367486238903666
94.3994399439943948 -73.9905101595755781
94.4194419441944319 -100.2917441190567871
94.4394439443944407 -88.3730662604288852
94.4594459445944779 -64.6142660581765256
94.4794479447944866 -126.8714533095067907
94.4994499449944954 -92.3375405400757359
94.5194519451945325 -57.3884167826821283
94.5394539453945413 -94.9367365830801333
94.5594559455945785 -91.6746279104674215
94.5794579457945872 -37.2084542190959340
94.5994599459945960 -110.2459717071528047
94.6194619461946331 -87.7100813150341452
94.6394639463946419 -84.1576783634437646
94.6594659465946791 -90.9115899249741943
94.6794679467946878 -120.0334131664273798
94.6994699469946966 -105.9683450059421546
94.7194719471947337 -90.4694706909671140
94.7394739473947425 -58.5380570263697066
94.7594759475947797 -88.6989585450594120
94.7794779477947884 -41.8741601469377116
94.7994799479947972 -91.9139307453357048
94.8194819481948343 -83.0342325518856654
94.8394839483948431 -89.0400558986310813
94.8594859485948803 -99.5675939890412565
94.8794879487948890 -44.0754618589795655
94.8994899489948978 -50.0255211644698079
94.9194919491949349 -100.1095764618865189
94.9394939493949437 -93.5063981061617255
94.9594959495949809 -125.3665738589054683
94.9794979497949896 -71.6213084512641132
94.9994999499949984 -50.5571776582537495
95.0195019501950355 -90.3505997874284503
95.0395039503950443 -93.4071758931744398
95.0595059505950815 -95.8144870026562216
95.0795079507950902 -69.4958048559027333
95.0995099509950990 -92.6196159205799745
95.1195119511951361 -82.0960253871333805
95.1395139513951449 -87.6093783842015483
95.1595159515951821 -90.8518751233964679
95.1795179517951908 -58.2081745435714382
95.1995199519951996 -66.7620307329355711
95.2195219521952367 -36.4340587722744687
95.2395239523952455 -62.7410561595216620
95.2595259525952827 -72.2240150959315912
95.2795279527952914 -74.2786369324493023
95.2995299529953002 -80.2440647424152758
95.3195319531953373 -93.1002642299017822
95.3395339533953461 -57.2913205012871884
95.3595359535953833 -66.3381033600332870
95.3795379537953920 -53.6596768245673275
95.3995399539954008 -90.2961910017420166
95.4195419541954379 -73.6820890530914738
95.4395439543954467 -93.9801859456362649
95.4595459545954554 -43.1557467266489994
95.4795479547954926 -74.3921393771773154
95.4995499549955014 -60.6295730862412299
95.5195519551955385 -91.4644256907037061
95.5395539553955473 -91.9868534951282442
95.5595559555955560 -62.2604872573243142
95.5795579557955932 -78.7281508548891651
95.5995599559956020 -104.7419284209211412
95.6195619561956391 -58.8375445429485922
95.6395639563956479 -80.2846654701152147
95.6595659565956566 -78.6510429045563768
95.6795679567956938 -59.3923814085714952
95.6995699569957026 -56.1352994815846671
95.7195719571957397 -37.6653663399305572
95.7395739573957485 -63.9255750438119748
95.7595759575957572 -57.7590100247929783
95.7795779577957944 -66.1713193502857990
95.7995799579958032 -71.2364212933536010
95.8195819581958403 -73.3081616444166428
95.8395839583958491 -54.4914236173630258
95.8595859585958578 -42.8559015836707289
95.8795879587958950 -40.2154450020022338
95.8995899589959038 -83.7319245584814098
95.9195919591959409 -1.0405319744505661
95.9395939593959497 -58.8381980972319170
95.9595959595959584 -41.3022707929541752
95.9795979597959956 -59.4934972106520874
95.9995999599960044 -52.4565616090106204
96.0196019601960415 -81.7301971865021528
96.0396039603960503 -68.2496722596244325
96.0596059605960590 -37.7511953914415272
96.0796079607960962 -79.3090202175720549
96.0996099609961050 -69.5824273498530346
96.1196119611961421 -38.6188386253938276
96.1396139613961509 -70.5585240008415440
96.1596159615961597 -60.1701929937926820
96.1796179617961968 -49.4708799782682576
96.1996199619962056 -63.5393032998186058
96.2196219621962427 -69.2109158519544820
96.2396239623962515 -49.5037607106075370
96.2596259625962603 -35.9239733223773356
96.2796279627962974 -68.9193778707271747
96.2996299629963062 -77.0628395398705237
96.3196319631963433 -66.5476554756517942
96.3396339633963521 -57.4208431025144250
96.3596359635963609 -61.8652583493685455
96.3796379637963980 -37.7720053655053363
96.3996399639964068 -52.2216758130849712
96.4196419641964155 -53.3029790288026177
96.4396439643964527 -31.1226607127747954
96.4596459645964615 -50.2247360480065197
96.4796479647964986 -77.4934976110818639
96.4996499649965074 -70.8160855250425811
96.5196519651965161 -37.1163239453860996
96.5396539653965533 -51.3346469798232832
96.5596559655965621 -10.5293233191394648
96.5796579657965992 -41.8814679396862104
96.5996599659966080 -56.9552080436002228
96.6196619661966167 -33.2961384569590848
96.6396639663966539 -21.9799472010208881
96.6596659665966627 -21.2020795582858419
96.6796679667966998 -54.1837033739218299
96.6996699669967086 -69.0569598036514378
96.7196719671967173 -40.3233067473598297
96.7396739673967545 -53.2198815031903436
96.7596759675967633 -30.9284962289058463
96.7796779677968004 -40.2565360323571824
96.7996799679968092 -37.1854070483361738
96.8196819681968179 -65.2614813675792220
96.8396839683968551 -33.4996803328176895
96.8596859685968639 -53.6452021550403018
96.8796879687969010 -77.4927138553122177
96.8996899689969098 -35.4580713142020585
96.9196919691969185 -59.6336057634169237
96.9396939693969557 -17.4766679882522844
96.9596959695969645 -44.1048930013235818
96.9796979697970016 -17.9997847634960202
96.9996999699970104 -55.1539767286006537
97.0197019701970191 -56.3913006463001238
97.0397039703970563 -12.5270057182485708
97.0597059705970651 -68.8500712487161906
97.0797079707971022 -34.4492180205635918
97.0997099709971110 -70.4336758384254438
97.1197119711971197 -39.0516061769138432
97.1397139713971569 -38.4393328876872218
97.1597159715971657 -23.7595436693911708
97.1797179717972028 -40.1428966685293389
97.1997199719972116 -54.6390692079994977
97.2197219721972203 -16.0386271474135356
97.2397239723972575 -8.1700042936136938
97.2597259725972663 -34.5990880347990384
97.2797279727973034 -37.3231670852275101
97.2997299729973122 -32.5482187088269583
97.3197319731973209 -23.9632282666471568
97.3397339733973581 13.5969571847945261
97.3597359735973669 -24.9696247874524957
97.3797379737973756 -34.4299240590198536
97.3997399739974128 -24.1345647418984299
97.4197419741974215 -17.9208643993574768
97.4397439743974587 -23.6009961534230683
97.4597459745974675 -18.8154104349630558
97.4797479747974762 -42.9327098417652024
97.4997499749975134 9.7797848870185753
97.5197519751975221 -28.2665648463580617
97.5397539753975593 -65.6226795937349721
97.5597559755975681 -17.0523867536782667
97.5797579757975768 -27.7771728389758294
97.5997599759976140 -51.7681551113866050
97.6197619761976227 -52.0569920455985766
97.6397639763976599 -32.3439047100659351
97.6597659765976687 -1.7322981790761567
97.6797679767976774 -17.3395795037785625
97.6997699769977146 -15.4863839147534303
97.7197719771977233 -9.4107772080071115
97.7397739773977605 21.7642265792415657
97.7597759775977693 -37.6312550802548031
97.7797779777977780 -26.3741002929325106
97.7997799779978152 -2.9551412900143461
97.8197819781978239 -14.7193224522104309
97.8397839783978611 -4.3721315760059092
97.8597859785978699 -26.5515649278165426
97.8797879787978786 -41.6351225945086867
97.8997899789979158 -40.8747776085426153
97.9197919791979245 10.4109220315902213
97.9397939793979617 -39.1039026793314406
97.9597959795979705 -34.6299610575725865
97.9797979797979792 -41.0808956821196318
97.9997999799980164 -41.7688366428811264
98.0198019801980251 -26.4895057817704682
98.0398039803980623 5.2755479925897664
98.0598059805980711 -10.3631047657870088
98.0798079807980798 -40.5871822535981863
98.0998099809981170 -5.3920605418103573
98.1198119811981257 -23.8523382634028636
98.1398139813981629 6.2401299360285964
98.1598159815981717 1.2986123332416231
98.1798179817981804 -30.2076512674385498
98.1998199819982176 29.0595074331911860
98.2198219821982264 -7.6176123923038777
98.2398239823982635 -16.2990719351600788
98.2598259825982723 -11.5210813197316266
98.2798279827982810 -15.2947481782284420
98.2998299829983182 -15.6291382705645248
98.3198319831983270 25.2327257572974943
98.3398339833983357 -9.3315441065569988
98.3598359835983729 2.9407391514033323
98.3798379837983816 11.3025089564251324
98.3998399839984188 -16.7335273486770646
98.4198419841984276 -11.8333319972464270
98.4398439843984363 28.8885622396076371
98.4598459845984735 -15.8495607215579533
98.4798479847984822 -31.0438284395809490
98.4998499849985194 -19.6934821277005589
98.5198519851985282 0.8409877427307575
98.5398539853985369 9.8293950234001208
98.5598559855985741 -9.0612769332145628
98.5798579857985828 -9.7201692065620175
98.5998599859986200 24.6452987523997855
98.6198619861986288 19.6351408470425355
98.6398639863986375 20.7614977550280351
98.6598659865986747 13.7749784484952578
98.6798679867986834 62.4365615969349221
98.6998699869987206 14.2044529022931005
98.7198719871987294 21.3855052733682598
98.7398739873987381 10.9119699551575842
98.7598759875987753 3.9415188075836651
98.7798779877987840 13.8194958171122586
98.7998799879988212 -21.3179463426863158
98.8198819881988300 4.9667645127259412
98.8398839883988387 24.9428184029896443
98.8598859885988759 18.6817715076595157
98.8798879887988846 8.3536213398872192
98.8998899889989218 0.5091402190386454
98.9198919891989306 40.4224211758174548
98.9398939893989393 15.1927854541307195
98.9598959895989765 28.5054720454376778
98.9798979897989852 2.5540586998716019
98.9998999899990224 12.0466153696018559
99.0199019901990312 17.4544672508846013
99.0399039903990399 -13.1683971471262637
99.0599059905990771 12.0496529465049420
99.0799079907990858 34.8873336133062679
99.0999099909991230 31.3641646324643091
99.1199119911991318 11.0288252661378490
99.1399139913991405 16.0179737563737525
99.1599159915991777 35.9246995732771239
99.1799179917991864 -28.8352697462762855
99.1999199919992236 0.4384518606500087
99.2199219921992324 21.5355910378898656
99.2399239923992411 58.3995077702566263
99.2599259925992783 -8.9197369644397853
99.2799279927992870 50.6544044566205400
99.2999299929992958 18.8534443521971937
99.3199319931993330 43.4968887968627484
99.3399339933993417 19.6891665440291703
99.3599359935993789 49.7474264784277835
99.3799379937993876 21.4677580539780806
99.3999399939993964 28.7563200609967069
99.4199419941994336 58.3950529250815009
99.4399439943994423 11.5314052886551082
99.4599459945994795 20.9268722816836998
99.4799479947994882 64.3223974215900682
99.4999499949994970 41.5625409408386872
99.5199519951995342 33.3708918228184643
99.5399539953995429 21.4127113165985570
99.5599559955995801 70.5131739747470760
99.5799579957995888 36.6782315981557616
99.5999599959995976 55.9609484716193890
99.6199619961996348 -0.1337933772335376
99.6399639963996435 22.5502473030845998
99.6599659965996807 50.0755083576627911
99.6799679967996894 47.9941766656161022
99.6999699969996982 75.1265728915182649
99.7199719971997354 36.8852183729722753
99.7399739973997441 74.5774392799042261
99.7599759975997813 47.0445238813864535
99.7799779977997900 51.2913020179374755
99.7999799979997988 84.6995824320077446
99.8199819981998360 89.6830369133173235
99.8399839983998447 16.6962844777158779
99.8599859985998819 93.9987201926978457
99.8799879987998906 58.5099260595189392
99.8999899989998994 58.5579469728948254
99.9199919991999366 78.8974109362919762
99.9399939993999453 38.5911746746368465
99.9599959995999825 83.5112089823175694
99.9799979997999912 71.3501608952277593
100.0000000000000000 56.8999814436116083
